g beacon_geo1
v -0.001469349 0.0004856869 0.003509351
v -0.001380954 0.0004535521 0.003464766
v -0.001488034 0.0005019497 0.003451403
v -0.001380727 0.0004535521 0.003464766
v -0.001590751 0.0005170568 0.003210586
v -0.001469123 0.0004856869 0.003509351
v -0.00136847 0.0004105581 0.003522522
v -0.001458716 0.000460532 0.003551316
v -0.001455118 0.0004194846 0.003581597
v -0.001460483 0.0003646811 0.003600966
v -0.001502264 0.0004754763 0.003172311
v -0.001700118 0.0005190172 0.002893459
v -0.0006502051 0.0004494981 0.00346128
v -0.0007727221 0.0004741065 0.003172311
v -0.0006369904 0.0004106447 0.003519242
v -0.0008749845 0.0004728253 0.002863976
v -0.0006356689 0.0003534975 0.003554318
v -0.001610358 0.0004758711 0.002863976
v -0.0009556959 0.0004732946 0.002587361
v -0.001373314 0.0003408693 0.003553614
v -0.0006533183 0.0002581936 0.003563008
v -0.001675048 0.0004761181 0.002587361
v -0.001770666 0.0005185599 0.002607586
v -0.001014321 0.0004724538 0.002143688
v -0.001397898 0.0002260679 0.003563198
v -0.0006950509 -8.351585E-06 0.003559479
v -0.00148634 0.0002436204 0.003612555
v -0.001427833 7.128633E-05 0.003564012
v -0.001517794 7.633268E-05 0.003616582
v -0.001735802 0.000476074 0.002143688
v -0.001834776 0.0005189814 0.002149907
v -0.00103503 0.000473193 0.001697071
v -0.001856287 0.0005226918 0.00170065
v -0.001758365 0.000474735 0.001697071
v -0.001859992 0.0005202363 0.001090994
v -0.001042363 0.0004679601 0.001090868
v -0.001763373 0.0004710615 0.001090868
v -0.001852296 0.0005160563 0.0005247235
v -0.001758636 0.0004649028 0.0005288982
v -0.001038136 0.0004607648 0.0005288982
v -0.001827409 0.0005098585 2.064109E-05
v -0.001728759 0.0004578971 3.007263E-05
v -0.001014071 0.000457406 3.007263E-05
v -0.00176238 0.0005042786 -0.0005127868
v -0.001665163 0.0004583406 -0.0004979825
v -0.0009404517 0.0004514595 -0.0004938412
v -0.001647095 0.00044087 -0.0006373331
v -0.001743124 0.000480213 -0.000665963
v -0.0009183948 0.0004274816 -0.0006503728
v -0.001742003 0.0004415513 -0.0007148233
v -0.001643522 0.0004100286 -0.0006852361
v -0.0009169368 0.0003874215 -0.0006941077
v -0.001750752 0.00037354 -0.0007440746
v -0.001647691 0.0003475387 -0.0007154357
v -0.0009210521 0.0003238853 -0.0007116031
v -0.000931151 0.0001609477 -0.0007187772
v -0.001669156 0.0001836246 -0.0007291826
v -0.001775015 0.0001877246 -0.0007567098
v -0.0009359319 -7.903032E-06 -0.000719187
v -0.001683326 -7.903032E-06 -0.000731208
v -0.001784136 -9.809E-06 -0.0007586112
v -0.001777473 -0.0001165575 -0.0007571921
v -0.001674928 -0.0001105156 -0.0007297447
v -0.0009352071 -0.0001105156 -0.000719485
v -0.001762103 -0.0002311579 -0.0007473567
v -0.001662815 -0.0002139048 -0.0007201433
v -0.0009339828 -0.0002030329 -0.0007165107
v -0.0009345693 -0.0002583515 -0.0006933173
v -0.001660606 -0.0002693916 -0.0006898579
v -0.001757897 -0.0002981215 -0.0007170665
v -0.0009380445 -0.0002894473 -0.0006473192
v -0.001664952 -0.0002971311 -0.000641565
v -0.001761217 -0.0003299298 -0.000665963
v -0.0009617516 -0.0003065646 -0.0004907179
v -0.001782046 -0.0003506519 -0.0005156273
v -0.001687228 -0.0003119897 -0.0004948077
v -0.001038692 -0.0003082768 3.16453E-05
v -0.001852445 -0.0003505863 2.08205E-05
v -0.001752117 -0.0003095153 3.16453E-05
v -0.001062286 -0.0003142346 0.0005305204
v -0.001887172 -0.0003595994 0.0005249068
v -0.001786137 -0.0003167352 0.0005305204
v -0.001072637 -0.0003179102 0.001092379
v -0.001897289 -0.0003609681 0.001091165
v -0.001795774 -0.0003187744 0.001092379
v -0.001900479 -0.000360679 0.001700795
v -0.001077434 -0.0003178527 0.00169834
v -0.001798674 -0.0003191876 0.00169834
v -0.00188371 -0.000356418 0.002146475
v -0.001780095 -0.0003201339 0.002139688
v -0.001056496 -0.00031957 0.002139688
v -0.001009498 -0.0003329969 0.002593426
v -0.001737572 -0.0003350843 0.002593426
v -0.001838969 -0.0003538108 0.002608277
v -0.001780036 -0.0003561923 0.002889577
v -0.001683654 -0.0003353381 0.002863674
v -0.000957189 -0.0003330965 0.002863673
v -0.001680985 -0.0003552462 0.003209562
v -0.0008610886 -0.0003245785 0.003171412
v -0.001588468 -0.0003265439 0.003171412
v -0.001576473 -0.0003406854 0.003451403
v -0.001469814 -0.000301447 0.003439062
v -0.001553141 -0.0003299478 0.003509351
v -0.0007377944 -0.0002970788 0.003460036
v -0.001533733 -0.0003072495 0.003554796
v -0.001441 -0.0002611997 0.003517635
v -0.0007149525 -0.0002553127 0.00351874
v -0.001522099 -0.0002641371 0.003586636
v -0.001437073 -0.0001917124 0.003549705
v -0.00152242 -0.0002027115 0.003604673
v -0.0007057457 -0.0001819693 0.003550442
v -0.001526759 -7.751847E-05 0.003613428
v -0.00143888 -7.348868E-05 0.00355959
v -0.0006950509 -8.351585E-06 0.003559479
v -0.001517794 7.633268E-05 0.003616582
v -0.001427833 7.128633E-05 0.003564012
v 0.001486454 0.0002436204 0.003612555
v 0.00142806 7.128633E-05 0.003564012
v 0.001517907 7.633268E-05 0.003616582
v 0.001398124 0.0002260679 0.003563198
v 0.0006952776 -8.351585E-06 0.003559479
v 0.000653545 0.0002581936 0.003563008
v 0.001460597 0.0003646811 0.003600966
v 0.00137354 0.0003408693 0.003553614
v 0.001368697 0.0004105581 0.003522522
v 0.001455231 0.0004194846 0.003581597
v 0.0006358956 0.0003534975 0.003554318
v 0.001458829 0.000460532 0.003551316
v 0.0006372171 0.0004106447 0.003519242
v 0.001469349 0.0004856869 0.003509351
v 0.0006504318 0.0004494981 0.00346128
v 0.001380954 0.0004535521 0.003464766
v 0.001488148 0.0005019497 0.003451403
v 0.0007729488 0.0004741065 0.003172311
v 0.001591494 0.0005170568 0.003210586
v 0.001502491 0.0004754763 0.003172311
v 0.0008752113 0.0004728253 0.002863976
v 0.001702074 0.0005190172 0.002893459
v 0.001610585 0.0004758711 0.002863976
v 0.0009559226 0.0004732946 0.002587361
v 0.001675275 0.0004761181 0.002587361
v 0.001770779 0.0005185599 0.002607586
v 0.001014547 0.0004724538 0.002143688
v 0.001736029 0.000476074 0.002143688
v 0.00183489 0.0005189814 0.002149907
v 0.001035257 0.000473193 0.001697071
v 0.0018564 0.0005226918 0.00170065
v 0.001758592 0.000474735 0.001697071
v 0.001860105 0.0005202363 0.001090994
v 0.001042589 0.0004679601 0.001090868
v 0.001763599 0.0004710615 0.001090868
v 0.00185241 0.0005160563 0.0005247235
v 0.001758862 0.0004649028 0.0005288982
v 0.001038363 0.0004607648 0.0005288982
v 0.001827522 0.0005098585 2.064109E-05
v 0.001728986 0.0004578971 3.007263E-05
v 0.001014298 0.000457406 3.007263E-05
v 0.001762493 0.0005042786 -0.0005127868
v 0.00166539 0.0004583406 -0.0004979825
v 0.0009406785 0.0004514595 -0.0004938412
v 0.001647321 0.00044087 -0.0006373331
v 0.001743237 0.000480213 -0.000665963
v 0.0009186215 0.0004274816 -0.0006503728
v 0.001742117 0.0004415513 -0.0007148233
v 0.001643749 0.0004100286 -0.0006852361
v 0.0009171636 0.0003874215 -0.0006941077
v 0.001750865 0.00037354 -0.0007440746
v 0.001647918 0.0003475387 -0.0007154357
v 0.0009212789 0.0003238853 -0.0007116031
v 0.0009313778 0.0001609477 -0.0007187772
v 0.001669383 0.0001836246 -0.0007291826
v 0.001775129 0.0001877246 -0.0007567098
v 0.0009361586 -7.903032E-06 -0.000719187
v 0.001683553 -7.903032E-06 -0.000731208
v 0.001784249 -9.809E-06 -0.0007586112
v 0.001777587 -0.0001165575 -0.0007571921
v 0.001675155 -0.0001105156 -0.0007297447
v 0.0009354338 -0.0001105156 -0.000719485
v 0.001762216 -0.0002311579 -0.0007473567
v 0.001663042 -0.0002139048 -0.0007201433
v 0.0009342096 -0.0002030329 -0.0007165107
v 0.000934796 -0.0002583515 -0.0006933173
v 0.001660833 -0.0002693916 -0.0006898579
v 0.00175801 -0.0002981215 -0.0007170665
v 0.0009382712 -0.0002894473 -0.0006473192
v 0.001665178 -0.0002971311 -0.000641565
v 0.00176133 -0.0003299298 -0.000665963
v 0.0009619783 -0.0003065646 -0.0004907179
v 0.00178216 -0.0003506519 -0.0005156273
v 0.001687455 -0.0003119897 -0.0004948077
v 0.001038919 -0.0003082768 3.16453E-05
v 0.001852558 -0.0003505863 2.08205E-05
v 0.001752344 -0.0003095153 3.16453E-05
v 0.001062512 -0.0003142346 0.0005305204
v 0.001887285 -0.0003595994 0.0005249068
v 0.001786364 -0.0003167352 0.0005305204
v 0.001072863 -0.0003179102 0.001092379
v 0.001897402 -0.0003609681 0.001091165
v 0.001796001 -0.0003187744 0.001092379
v 0.001900592 -0.000360679 0.001700795
v 0.00107766 -0.0003178527 0.00169834
v 0.001798901 -0.0003191876 0.00169834
v 0.001883824 -0.000356418 0.002146475
v 0.001780321 -0.0003201339 0.002139688
v 0.001056723 -0.00031957 0.002139688
v 0.001009724 -0.0003329969 0.002593426
v 0.001737798 -0.0003350843 0.002593426
v 0.001839082 -0.0003538108 0.002608277
v 0.001780057 -0.0003561923 0.002889577
v 0.001683881 -0.0003353381 0.002863674
v 0.0009574157 -0.0003330965 0.002863673
v 0.001681098 -0.0003552462 0.003209562
v 0.0008613153 -0.0003245785 0.003171412
v 0.001588694 -0.0003265439 0.003171412
v 0.001576587 -0.0003406854 0.003451403
v 0.00147004 -0.000301447 0.003439062
v 0.001553254 -0.0003299478 0.003509351
v 0.0007380211 -0.0002970788 0.003460036
v 0.001533847 -0.0003072495 0.003554796
v 0.001441227 -0.0002611997 0.003517635
v 0.0007151793 -0.0002553127 0.00351874
v 0.001522212 -0.0002641371 0.003586636
v 0.0014373 -0.0001917124 0.003549705
v 0.001522533 -0.0002027115 0.003604673
v 0.0007059724 -0.0001819693 0.003550442
v 0.001526873 -7.751847E-05 0.003613428
v 0.001439107 -7.348868E-05 0.00355959
v 0.0006952776 -8.351585E-06 0.003559479
v 0.001517907 7.633268E-05 0.003616582
v 0.00142806 7.128633E-05 0.003564012
v 0.0005563268 -0.0001616301 -0.004768218
v 0.0006645538 1.913114E-05 -0.004757764
v 0.0005849574 1.913114E-05 -0.004768218
v 0.0006320283 -0.0001862273 -0.004757764
v 0.0004732404 -0.0003246984 -0.004768218
v 0.0008625877 1.913114E-05 -0.00460127
v 0.0005376352 -0.0003714843 -0.004757764
v 0.0003438285 -0.0004541093 -0.004768218
v 0.0008203693 -0.0002471895 -0.00460127
v 0.0003906155 -0.0005185041 -0.004757764
v 0.0001807613 -0.0005371957 -0.004768218
v 0.0009304007 -0.0002797478 -0.004415126
v 0.0009782806 1.913114E-05 -0.004415126
v 0.0006978483 -0.0004874417 -0.00460127
v 0.0002053584 -0.0006128971 -0.004757764
v -1.909704E-12 -0.0005658251 -0.004768218
v 0.001064598 -0.0003198838 -0.004204693
v 0.001119385 1.913114E-05 -0.004204693
v 0.0007914456 -0.0005493708 -0.004415126
v 0.0005070168 -0.0006781059 -0.00460127
v 0.0009056016 -0.000625714 -0.004204693
v 0.001215278 -0.0003659443 -0.004017526
v 0.001273087 1.913114E-05 -0.004017526
v 0.0005750195 -0.0007633434 -0.004415126
v 0.0006579582 -0.0008684217 -0.004204693
v 0.001036297 -0.0007119357 -0.004017526
v 0.001248517 -0.0003765901 -0.003858244
v 0.001303886 1.478299E-05 -0.003858244
v 0.001317641 7.497462E-06 -0.00379236
v 0.001063864 -0.0007271301 -0.003858244
v 0.0003023054 -0.0009095646 -0.004415126
v 0.0003459088 -0.00102425 -0.004204693
v 0.0002665544 -0.0008093624 -0.00460127
v -1.909704E-12 -0.0006454226 -0.004757764
v -0.0002053584 -0.0006128971 -0.004757764
v -0.0001807613 -0.0005371957 -0.004768218
v -1.909704E-12 -0.0008427019 -0.00460127
v -1.909704E-12 -0.0009480612 -0.004415126
v -1.909704E-12 -0.001077944 -0.004204693
v -1.909704E-12 -0.001226709 -0.004017526
v 0.0003960073 -0.00116848 -0.004017526
v -0.0002665544 -0.0008093624 -0.00460127
v -0.0003906155 -0.0005185041 -0.004757764
v -0.0003438285 -0.0004541093 -0.004768218
v -0.0003023054 -0.0009095646 -0.004415126
v -0.0005070168 -0.0006781059 -0.00460127
v -0.0005376352 -0.0003714843 -0.004757764
v -0.0004732404 -0.0003246984 -0.004768218
v -0.0003459088 -0.00102425 -0.004204693
v -0.0006978483 -0.0004874417 -0.00460127
v -0.0005750195 -0.0007633434 -0.004415126
v -0.0006320283 -0.0001862273 -0.004757764
v -0.0005563268 -0.0001616301 -0.004768218
v -0.0008203693 -0.0002471895 -0.00460127
v -0.0006645538 1.913114E-05 -0.004757764
v -0.0005849574 1.913114E-05 -0.004768218
v -0.0008625877 1.913114E-05 -0.00460127
v -0.0007914456 -0.0005493708 -0.004415126
v -0.0009304007 -0.0002797478 -0.004415126
v -0.0009782806 1.913114E-05 -0.004415126
v -0.0006579582 -0.0008684217 -0.004204693
v -0.0009056016 -0.000625714 -0.004204693
v -0.001064598 -0.0003198838 -0.004204693
v -0.001119385 1.913114E-05 -0.004204693
v -0.0003960073 -0.00116848 -0.004017526
v -0.0007491341 -0.0009864706 -0.004017526
v -0.001036297 -0.0007119357 -0.004017526
v -0.001215278 -0.0003659443 -0.004017526
v -0.001273087 1.913114E-05 -0.004017526
v -0.001303886 1.478299E-05 -0.003858244
v -0.001248517 -0.0003765901 -0.003858244
v -0.001063864 -0.0007271301 -0.003858244
v -0.001298737 -0.0002550379 -0.003719466
v -0.001317641 7.497462E-06 -0.00379236
v -0.001365118 -0.0002161542 -0.003650772
v -0.00138156 7.701489E-06 -0.003707862
v -0.001324933 -0.0004250492 -0.003498056
v -0.001253998 -0.0004762366 -0.0035579
v -0.00125704 -0.0005921412 -0.003235112
v -0.001078785 -0.0007422804 -0.003558526
v -0.001185804 -0.000645338 -0.00327476
v -0.0008468088 -0.0009879748 -0.003246906
v -0.001194894 -0.0007367255 -0.002885089
v -0.0008267485 -0.0009612553 -0.003858244
v -0.001095997 -0.000799407 -0.00291286
v -0.0005800423 -0.001130522 -0.003858244
v -0.0008366833 -0.0009763851 -0.003558526
v -0.001065991 -0.0008733204 -0.002652182
v -0.001164107 -0.000813122 -0.002612611
v -0.001072341 -0.0009329442 -0.002275526
v -0.001175542 -0.00086963 -0.002287784
v -0.001240054 -0.0008707982 -0.001978568
v -0.0003022141 -0.001226849 -0.003858244
v -0.0005867003 -0.001143765 -0.003558526
v -0.0008578756 -0.001000642 -0.002906318
v -0.00115291 -0.0009324639 -0.001936953
v -0.001348147 -0.0008063614 -0.0017442
v -0.001281229 -0.0008677425 -0.00167422
v -0.001523268 -0.0006248446 -0.001508655
v -0.0008825855 -0.001022211 -0.002564803
v -0.000961213 -0.001082119 -0.001903511
v -0.0009151027 -0.001048735 -0.002231624
v -0.0005934804 -0.001157249 -0.003246906
v -0.00060089 -0.001171987 -0.002906318
v -0.0006174347 -0.001197084 -0.002564803
v -0.0006392061 -0.001227944 -0.002231624
v -0.00067008 -0.001266785 -0.001903511
v -0.0003060845 -0.001241085 -0.003558526
v -0.0003239497 -0.001298405 -0.002564803
v -0.0003366056 -0.001331582 -0.002231624
v -0.0003143327 -0.001271426 -0.002906318
v -1.909704E-12 -0.001307822 -0.002906318
v -0.0003100256 -0.001255582 -0.003246906
v -1.909704E-12 -0.00129134 -0.003246906
v -1.909704E-12 -0.00127626 -0.003558526
v -0.0003545518 -0.001373339 -0.001903511
v -1.909704E-12 -0.00126145 -0.003858244
v 0.0003022141 -0.001226849 -0.003858244
v 0.0003060845 -0.001241085 -0.003558526
v 0.0003100256 -0.001255582 -0.003246906
v 0.0005800423 -0.001130522 -0.003858244
v 0.0005867003 -0.001143765 -0.003558526
v 0.0005934804 -0.001157249 -0.003246906
v 0.0008468088 -0.0009879748 -0.003246906
v 0.0003143327 -0.001271426 -0.002906318
v 0.00060089 -0.001171987 -0.002906318
v 0.0003239497 -0.001298405 -0.002564803
v 0.0007491341 -0.0009864706 -0.004017526
v 0.0008267485 -0.0009612553 -0.003858244
v 0.0008366833 -0.0009763851 -0.003558526
v 0.001078785 -0.0007422804 -0.003558526
v 0.001253998 -0.0004762366 -0.0035579
v 0.001185804 -0.000645338 -0.00327476
v 0.001298737 -0.0002550379 -0.003719466
v 0.001366253 -0.0002161542 -0.003650772
v 0.001382695 7.701489E-06 -0.003707862
v 0.001326069 -0.0004250492 -0.003498056
v 0.001258175 -0.0005921412 -0.003235112
v 0.001196029 -0.0007367255 -0.002885089
v 0.001095997 -0.000799407 -0.00291286
v 0.0008578756 -0.001000642 -0.002906318
v 0.001065991 -0.0008733204 -0.002652182
v 0.001165243 -0.000813122 -0.002612611
v 0.001072341 -0.0009329442 -0.002275526
v 0.001176677 -0.00086963 -0.002287784
v 0.001241189 -0.0008707982 -0.001978568
v 0.0006174347 -0.001197084 -0.002564803
v 0.0008825855 -0.001022211 -0.002564803
v 0.00115291 -0.0009324639 -0.001936953
v 0.001349282 -0.0008063614 -0.0017442
v 0.001281229 -0.0008677425 -0.00167422
v 0.001524403 -0.0006248446 -0.001508655
v 0.000961213 -0.001082119 -0.001903511
v 0.0009151027 -0.001048735 -0.002231624
v 0.0006392061 -0.001227944 -0.002231624
v 0.0003366056 -0.001331582 -0.002231624
v 0.00067008 -0.001266785 -0.001903511
v 0.0003545518 -0.001373339 -0.001903511
v -1.909704E-12 -0.001370402 -0.002231624
v -1.909704E-12 -0.001413841 -0.001903511
v -1.909704E-12 -0.001335889 -0.002564803
v -1.909704E-12 -0.00147898 -0.001468392
v 0.0003827209 -0.001435955 -0.001468392
v 0.0007185412 -0.001325029 -0.001468392
v -0.0003827209 -0.001435955 -0.001468392
v -1.909704E-12 -0.00154243 -0.001044554
v -0.0007185412 -0.001325029 -0.001468392
v 0.001033591 -0.001132178 -0.001468392
v 0.0004065522 -0.001496947 -0.001044554
v -1.909704E-12 -0.001615252 -0.0004310977
v -0.0004065522 -0.001496947 -0.001044554
v -0.001033591 -0.001132178 -0.001468392
v 0.0007595384 -0.001381764 -0.001044554
v -0.0007595384 -0.001381764 -0.001044554
v 0.0004346967 -0.001565333 -0.0004301062
v -0.0004346967 -0.001565333 -0.0004301062
v -0.00125852 -0.0009666656 -0.001361975
v -0.001094821 -0.00118094 -0.001044554
v -0.0008089766 -0.001444979 -0.0004301062
v -0.001480029 -0.0006675801 -0.001414327
v -0.001409342 -0.0008987316 -0.001044554
v -0.001606072 -0.00044874 -0.001284356
v -0.001641059 -0.0004174541 -0.001375777
v -0.0004446658 -0.001590505 1.942903E-05
v -0.001170477 -0.001234473 -0.0004301062
v -0.001565274 -0.0006723184 -0.00100174
v -0.001485953 -0.0009403645 -0.0004310977
v -0.001233622 -0.001244164 1.942903E-05
v -0.001683101 -0.0002269446 -0.001212492
v -0.00170559 -0.0001973606 -0.001313978
v -0.0008598236 -0.001461482 1.942903E-05
v -0.001707434 9.904782E-06 -0.001186817
v -0.001732833 1.035487E-05 -0.001289973
v -0.001718028 -0.0001442396 -0.001058558
v -0.001724928 3.88443E-06 -0.001059515
v -0.001688566 -0.0003046576 -0.001026461
v -0.001784007 -0.0001262452 -0.0007740917
v -0.0017943 -8.62687E-06 -0.0007757968
v -0.001687562 -0.0004238035 -0.0009400031
v -0.001769655 -0.0002409174 -0.0007628477
v -0.001777473 -0.0001165575 -0.0007571921
v -0.001784136 -9.809E-06 -0.0007586112
v -0.001762103 -0.0002311579 -0.0007473567
v -0.001757897 -0.0002981215 -0.0007170665
v -0.001763575 -0.0003108153 -0.0007308018
v -0.001710039 -0.0005056053 -0.0007465529
v -0.001766126 -0.0003470005 -0.0006757262
v -0.001761217 -0.0003299298 -0.000665963
v -0.001788586 -0.0003682383 -0.0005181304
v -0.001782046 -0.0003506519 -0.0005156273
v -0.001687613 -0.0006222798 -0.0004381824
v -0.00185968 -0.0003690616 1.942903E-05
v -0.001852445 -0.0003505863 2.08205E-05
v -0.001894865 -0.0003781434 0.0005241862
v -0.001887172 -0.0003595994 0.0005249068
v -0.001897289 -0.0003609681 0.001091165
v -0.001747898 -0.000623199 1.942903E-05
v -0.001543388 -0.000948664 1.942903E-05
v -0.001587515 -0.0009364039 0.0005241862
v -0.001256211 -0.001247443 0.0005241862
v -0.001782076 -0.0006306121 0.0005241862
v -0.0008781358 -0.001469392 0.0005241862
v -0.0004519417 -0.001598979 0.0005241862
v -0.0008857802 -0.001473237 0.001091011
v -0.001269617 -0.001247264 0.001091011
v -0.001608476 -0.000932514 0.001091011
v -0.001795638 -0.0006323879 0.001091011
v -1.909704E-12 -0.001645618 1.942903E-05
v -0.001905045 -0.000379424 0.001091011
v -0.001907968 -0.0003789175 0.00170111
v -0.001900479 -0.000360679 0.001700795
v -0.001892407 -0.0003743366 0.002147347
v -0.00188371 -0.000356418 0.002146475
v -0.001838969 -0.0003538108 0.002608277
v -0.001795201 -0.0006322971 0.00170111
v -0.001601697 -0.0009355908 0.00170111
v -0.001786135 -0.000631944 0.002148691
v -0.001851117 -0.0003702191 0.002610187
v -0.001790765 -0.000372894 0.002892912
v -0.001780036 -0.0003561923 0.002889577
v -0.001680985 -0.0003552462 0.003209562
v -0.001275249 -0.001244231 0.00170111
v -0.001603661 -0.0009368694 0.00214846
v -0.001752106 -0.0006248082 0.002610187
v -0.0008845079 -0.001473674 0.00170111
v -0.001269507 -0.001240388 0.002148415
v -0.001564757 -0.0009258355 0.002610187
v -0.001694425 -0.0006033057 0.002895315
v -0.001688312 -0.0003724686 0.003214471
v -0.001600371 -0.0005657611 0.003216463
v -0.001586293 -0.0003572177 0.003456708
v -0.001481578 -0.0005104071 0.003524119
v -0.001576473 -0.0003406854 0.003451403
v -0.001561727 -0.0003463807 0.003515008
v -0.001553141 -0.0003299478 0.003509351
v -0.001498603 -0.0008942332 0.002894412
v -0.00124718 -0.001219823 0.002610187
v -0.001540725 -0.0003169207 0.003567606
v -0.001533733 -0.0003072495 0.003554796
v -0.001522099 -0.0002641371 0.003586636
v -0.001476984 -0.0003606841 0.003645018
v -0.001528472 -0.0002675615 0.0036056
v -0.00152242 -0.0002027115 0.003604673
v -0.001405416 -0.0008522614 0.003216669
v -0.0008784916 -0.001471684 0.002148415
v -0.000449035 -0.001603844 0.00170111
v -0.0004530448 -0.001603198 0.001091011
v -1.909704E-12 -0.001649354 0.00170111
v -0.0004454445 -0.001598002 0.002148415
v -0.0008672618 -0.001451093 0.002610187
v -0.001192615 -0.001170753 0.002894081
v -0.001094897 -0.001136376 0.003214854
v -1.909704E-12 -0.001648368 0.0005241862
v -0.0008263011 -0.001400017 0.002894068
v -0.0004408631 -0.001571704 0.002610187
v -1.909704E-12 -0.001642485 0.002148415
v -0.001294101 -0.0007945104 0.003522755
v -1.909704E-12 -0.001649525 0.001091011
v 0.0004530448 -0.001603198 0.001091011
v 0.0004519417 -0.001598979 0.0005241862
v 0.0004446658 -0.001590505 1.942903E-05
v 0.0008089766 -0.001444979 -0.0004301062
v 0.0008598236 -0.001461482 1.942903E-05
v 0.001094821 -0.00118094 -0.001044554
v 0.00125852 -0.0009666656 -0.001361975
v 0.001480029 -0.0006675801 -0.001414327
v 0.001409342 -0.0008987316 -0.001044554
v 0.001170477 -0.001234473 -0.0004301062
v 0.001233622 -0.001244164 1.942903E-05
v 0.0008781358 -0.001469392 0.0005241862
v 0.001606072 -0.00044874 -0.001284356
v 0.001642194 -0.0004174541 -0.001375777
v 0.001485953 -0.0009403645 -0.0004310977
v 0.001565274 -0.0006723184 -0.00100174
v 0.0008857802 -0.001473237 0.001091011
v 0.001256211 -0.001247443 0.0005241862
v 0.001543388 -0.000948664 1.942903E-05
v 0.001683101 -0.0002269446 -0.001212492
v 0.001706725 -0.0001973606 -0.001313978
v 0.001687613 -0.0006222798 -0.0004381824
v 0.000449035 -0.001603844 0.00170111
v 0.001707434 9.904782E-06 -0.001186817
v 0.001733968 1.035487E-05 -0.001289973
v 0.001712337 -0.000142025 -0.001052358
v 0.001722415 4.294535E-06 -0.001058838
v 0.001794315 -9.482965E-06 -0.0007758036
v 0.0004454445 -0.001598002 0.002148415
v 0.001688566 -0.0003046576 -0.001026461
v 0.001687562 -0.0004238035 -0.0009400031
v 0.001769655 -0.0002409174 -0.0007628477
v 0.001784007 -0.0001262452 -0.0007740917
v 0.001777587 -0.0001165575 -0.0007571921
v 0.001784249 -9.809E-06 -0.0007586112
v 0.001762216 -0.0002311579 -0.0007473567
v 0.00175801 -0.0002981215 -0.0007170665
v 0.001710039 -0.0005056053 -0.0007465529
v 0.001763575 -0.0003108153 -0.0007308018
v 0.001766126 -0.0003470005 -0.0006757262
v 0.00176133 -0.0003299298 -0.000665963
v 0.001788586 -0.0003682383 -0.0005181304
v 0.00178216 -0.0003506519 -0.0005156273
v 0.001747898 -0.000623199 1.942903E-05
v 0.00185968 -0.0003690616 1.942903E-05
v 0.001894865 -0.0003781434 0.0005241862
v 0.001852558 -0.0003505863 2.08205E-05
v 0.001887285 -0.0003595994 0.0005249068
v 0.001897402 -0.0003609681 0.001091165
v 0.001587515 -0.0009364039 0.0005241862
v 0.001782076 -0.0006306121 0.0005241862
v 0.001269617 -0.001247264 0.001091011
v 0.001608476 -0.000932514 0.001091011
v 0.001795638 -0.0006323879 0.001091011
v 0.001905045 -0.000379424 0.001091011
v 0.001907968 -0.0003789175 0.00170111
v 0.001900592 -0.000360679 0.001700795
v 0.0008845079 -0.001473674 0.00170111
v 0.001275249 -0.001244231 0.00170111
v 0.001601697 -0.0009355908 0.00170111
v 0.001892407 -0.0003743366 0.002147347
v 0.001883824 -0.000356418 0.002146475
v 0.001839082 -0.0003538108 0.002608277
v 0.001795201 -0.0006322971 0.00170111
v 0.0008784916 -0.001471684 0.002148415
v 0.001269507 -0.001240388 0.002148415
v 0.001851117 -0.0003702191 0.002610187
v 0.001780057 -0.0003561923 0.002889577
v 0.001786135 -0.000631944 0.002148691
v 0.001603661 -0.0009368694 0.00214846
v 0.001790581 -0.000372894 0.002892913
v 0.001681098 -0.0003552462 0.003209562
v 0.001752106 -0.0006248082 0.002610187
v 0.001564757 -0.0009258355 0.002610187
v 0.00124718 -0.001219823 0.002610187
v 0.001688312 -0.0003724686 0.003214471
v 0.001576587 -0.0003406854 0.003451403
v 0.001694425 -0.0006033057 0.002895315
v 0.0008672618 -0.001451093 0.002610187
v 0.001498603 -0.0008942332 0.002894412
v 0.001192615 -0.001170753 0.002894081
v 0.0004408631 -0.001571704 0.002610187
v 0.001405416 -0.0008522614 0.003216669
v 0.0008263011 -0.001400017 0.002894068
v -1.909704E-12 -0.001617071 0.002610187
v 0.001600371 -0.0005657611 0.003216463
v 0.001481578 -0.0005104071 0.003524119
v 0.001094897 -0.001136376 0.003214854
v 0.0004213606 -0.001516047 0.002893022
v -0.0004213605 -0.001516047 0.002893022
v 0.001586293 -0.0003572177 0.003456708
v 0.001561727 -0.0003463807 0.003515008
v 0.001553254 -0.0003299478 0.003509351
v 0.001540725 -0.0003169207 0.003567606
v 0.001533847 -0.0003072495 0.003554796
v 0.001522212 -0.0002641371 0.003586636
v 0.001476984 -0.0003606841 0.003645018
v 0.001528472 -0.0002675615 0.0036056
v 0.001522533 -0.0002027115 0.003604673
v -1.909704E-12 -0.001555647 0.002900543
v 0.001529016 -0.000206266 0.003623553
v 0.001476025 -0.000241043 0.003698362
v 0.001398579 -0.0001845873 0.003821447
v 0.001531577 -7.819669E-05 0.003632937
v 0.001526873 -7.751847E-05 0.003613428
v 0.001517907 7.633268E-05 0.003616582
v 0.001521867 7.945769E-05 0.00363619
v 0.001486042 -8.455538E-05 0.003712907
v 0.001477443 8.148053E-05 0.003717962
v 0.001412603 8.108068E-05 0.003821447
v 0.00121248 6.350457E-05 0.004099638
v 0.001320683 -0.0004481054 0.003821447
v 0.001135701 -0.0003843319 0.004099638
v 0.00115683 -0.0007066197 0.003821447
v 0.001200683 -0.0001660562 0.004099638
v 0.001019351 -0.0001251205 0.00432384
v 0.00102755 4.839628E-05 0.00432384
v 0.001294101 -0.0007945104 0.003522755
v 0.001017331 -0.001049848 0.003522755
v 0.00081784 -8.384642E-05 0.004497601
v 0.0008241064 3.428967E-05 0.004497601
v 0.0005727157 1.913114E-05 0.004646359
v 0.0005384042 -0.0001351219 0.004646359
v 0.0003187808 -4.200332E-05 0.004727621
v 0.0007719297 -0.0002444448 0.004497601
v 0.0007717083 -0.001318011 0.003214484
v 0.0004325365 -0.001429752 0.003214471
v 0.0007061097 -0.001220475 0.003522755
v -1.909704E-12 -0.001469585 0.003214471
v 0.000474155 -0.0002597387 0.004646359
v 0.0009621296 -0.0003225864 0.00432384
v 0.0009184625 -0.0009451956 0.003821447
v 0.0003938337 -0.001325953 0.003522755
v 0.000640417 -0.001100684 0.003821447
v 0.001007056 -0.0006129771 0.004099637
v 0.0009078623 -0.0005503355 0.004242339
v 0.0009144579 -0.0007161556 0.004099637
v 0.0008660377 -0.0006735036 0.004172463
v 0.0007705343 -0.0004630537 0.004405949
v 0.0008512082 -0.0005145589 0.00432384
v 0.0006804813 -0.000405561 0.004497601
v 0.0008018613 -0.0008130841 0.004099638
v 0.000700073 -0.0008854965 0.004099638
v 0.0008500087 -0.000731998 0.00413018
v 0.0008059234 -0.0005727396 0.004315655
v 0.000749342 -0.0005574221 0.004374302
v 0.0006888802 -0.0005739299 0.004405128
v 0.0005504809 -0.0005453415 0.004497601
v 0.0008496468 -0.0006144525 0.004241916
v 0.0007511229 -0.0005792439 0.004332639
v 0.0007973306 -0.0005913061 0.004287372
v 0.0007009527 -0.0005909196 0.004359203
v 0.0008297494 -0.0006240336 0.004230085
v 0.0008499252 -0.0006731576 0.00417456
v 0.0008353993 -0.0007239451 0.004138858
v 0.0006646009 -0.0006261548 0.00435736
v 0.0007997199 -0.0007594695 0.004134562
v 0.0006455751 -0.0006160518 0.004402733
v 0.0006303653 -0.000673277 0.004364296
v 0.0006508542 -0.0006739044 0.004323276
v 0.000807777 -0.0007725852 0.004124992
v 0.0007532043 -0.0007898947 0.004155102
v 0.0007502187 -0.0007686102 0.004157116
v 0.0006887838 -0.0007753226 0.004223132
v 0.000697516 -0.0007560825 0.004209691
v 0.0006638556 -0.0007204986 0.004270539
v 0.0006450769 -0.0007320124 0.004298902
v 0.0005641773 -0.0009637436 0.004099638
v 0.0004804204 -0.0008177593 0.00432384
v 0.0003565275 -0.001207385 0.003821447
v 0.0003899142 -0.0006442702 0.004497601
v 0.0003065479 -0.001050101 0.004099638
v -1.909704E-12 -0.001361505 0.003522755
v 0.0003832766 -0.0003658023 0.004646359
v 0.0002270407 -0.0002040792 0.004727621
v 0.0002553441 -0.000883285 0.00432384
v -1.909704E-12 -0.001231517 0.003821447
v 0.0002703663 -0.000440907 0.004646359
v 0.0001042058 -7.994836E-05 0.004759222
v 0.0001508543 1.913114E-05 0.004759222
v -1.909704E-12 1.913114E-05 0.004768217
v 0.0001164987 -0.0002713539 0.004727621
v 0.000209523 -0.0007039293 0.004497601
v -1.909704E-12 -0.001082732 0.004099638
v -1.909704E-12 -0.0001142629 0.004759222
v -5.824937E-05 -0.0002804562 0.004727621
v 0.000145283 -0.000482058 0.004646359
v -0.0001042058 -7.994836E-05 0.004759222
v -0.0001508543 1.913114E-05 0.004759222
v -0.0003187808 -4.200332E-05 0.004727621
v -1.909704E-12 -0.0009097921 0.00432384
v -1.909704E-12 -0.0007224641 0.004497601
v -1.909704E-12 -0.0004973037 0.004646359
v -0.000145283 -0.000482058 0.004646359
v -0.0002270407 -0.0002040792 0.004727621
v -0.000209523 -0.0007039293 0.004497601
v -0.0002703663 -0.000440907 0.004646359
v -0.0002553441 -0.000883285 0.00432384
v -0.0003899142 -0.0006442702 0.004497601
v -0.0003832766 -0.0003658023 0.004646359
v -0.000474155 -0.0002597387 0.004646359
v -0.0003065479 -0.001050101 0.004099638
v -0.0005477218 -0.0005453415 0.004497601
v -0.0004804204 -0.0008086929 0.00432384
v -0.0003565275 -0.001207385 0.003821447
v -0.0005641773 -0.0009607836 0.004099638
v -0.0006830783 -0.0006857103 0.00432384
v -0.0003938337 -0.001325953 0.003522755
v -0.000640417 -0.001100684 0.003821447
v -0.0004325365 -0.001429752 0.003214471
v -0.0007061097 -0.001220475 0.003522755
v -0.0007717083 -0.001318011 0.003214484
v -0.001017331 -0.001049848 0.003522755
v -0.0008018613 -0.0008177942 0.004099638
v -0.0009184625 -0.0009451956 0.003821447
v -0.00115683 -0.0007066197 0.003821447
v -0.001004347 -0.0006129771 0.004099637
v -0.0008487743 -0.0005145589 0.00432384
v -0.001320683 -0.0004481054 0.003821447
v -0.001398579 -0.0001845873 0.003821447
v -0.001135701 -0.0003843319 0.004099638
v -0.0006804813 -0.000405561 0.004497601
v -0.0009621296 -0.0003225864 0.00432384
v -0.0007719297 -0.0002444448 0.004497601
v -0.0005384042 -0.0001351219 0.004646359
v -0.0005727157 1.913114E-05 0.004646359
v -0.0008117469 -0.0001051627 0.004497601
v -0.0008241064 3.407846E-05 0.004497601
v -0.001020828 -0.0001200229 0.00432384
v -0.00102755 4.812971E-05 0.00432384
v -0.00121248 -0.0001264308 0.004099638
v -0.00121248 6.332925E-05 0.004099638
v -0.001412603 8.108068E-05 0.003821447
v -0.001486042 -8.455538E-05 0.003712907
v -0.001477443 8.148053E-05 0.003717962
v -0.001521867 7.945769E-05 0.00363619
v -0.001476025 -0.000241043 0.003698362
v -0.001529016 -0.000206266 0.003623553
v -0.001531577 -7.819669E-05 0.003632937
v -0.001517794 7.633268E-05 0.003616582
v -0.001526759 -7.751847E-05 0.003613428
v 0.001775129 0.0001877246 -0.0007567098
v 0.001794315 -9.482965E-06 -0.0007758036
v 0.001784249 -9.809E-06 -0.0007586112
v 0.001784373 0.0001948143 -0.0007737213
v 0.001722415 4.294535E-06 -0.001058838
v 0.001750865 0.00037354 -0.0007440746
v 0.001711969 0.0002097595 -0.001056401
v 0.001707434 9.904782E-06 -0.001186817
v 0.001758304 0.0003832994 -0.0007595658
v 0.001742117 0.0004415513 -0.0007148233
v 0.001747681 0.0004542462 -0.0007285586
v 0.001743237 0.000480213 -0.000665963
v 0.00168336 0.0002642216 -0.001212298
v 0.001670823 0.0004647838 -0.001026252
v 0.001706952 0.0002347493 -0.00131381
v 0.001733968 1.035487E-05 -0.001289973
v 0.001642194 0.0004557164 -0.001375777
v 0.001606064 0.0004869982 -0.00128436
v 0.001524403 0.0006631069 -0.001508655
v 0.001643134 0.0006148641 -0.0009379268
v 0.001480029 0.0007058425 -0.001414327
v 0.001281229 0.0009060053 -0.00167422
v 0.001349282 0.0008446237 -0.0017442
v 0.00115291 0.0009707261 -0.001936953
v 0.001241189 0.0009090605 -0.001978568
v 0.001072341 0.0009712069 -0.002275526
v 0.001176677 0.0009078922 -0.002287784
v 0.001165243 0.0008513843 -0.002612611
v 0.0009672436 0.001134993 -0.001903511
v 0.001065991 0.0009115827 -0.002652182
v 0.001196029 0.0007749878 -0.002885089
v 0.001655854 0.000664653 -0.000760152
v 0.001418987 0.0009409052 -0.001000105
v 0.001329166 0.0009448957 -0.001307658
v 0.001039536 0.001185101 -0.001468392
v 0.001748033 0.0004972842 -0.0006757262
v 0.001768036 0.000522028 -0.000515044
v 0.001762493 0.0005042786 -0.0005127868
v 0.001827522 0.0005098585 2.064109E-05
v 0.001106755 0.001239029 -0.001000105
v 0.001832348 0.0005289141 1.942903E-05
v 0.00185241 0.0005160563 0.0005247235
v 0.0018582 0.0005351795 0.0005241874
v 0.001860105 0.0005202363 0.001090994
v 0.001864642 0.0005392088 0.001091011
v 0.0018564 0.0005226918 0.00170065
v 0.00185787 0.0005413352 0.00170111
v 0.00183489 0.0005189814 0.002149907
v 0.001842561 0.0005375632 0.002150553
v 0.001770779 0.0005185599 0.002607586
v 0.00179487 0.0007106114 0.00170111
v 0.001794904 0.0007060818 0.001091011
v 0.001780253 0.0007018936 0.0005241862
v 0.001748068 0.0006981903 1.942903E-05
v 0.0017773 0.0005368927 0.002610187
v 0.001702074 0.0005190172 0.002893459
v 0.00161709 0.0009707764 0.001091011
v 0.00177233 0.0007167548 0.002149189
v 0.001699055 0.0006906968 -0.0004338127
v 0.001604156 0.0009702392 0.0005241862
v 0.001496156 0.0009813601 -0.0004327914
v 0.001572749 0.0009727849 1.942903E-05
v 0.001174799 0.001283924 -0.0004334926
v 0.001224603 0.001282427 1.942903E-05
v 0.001253387 0.001285706 0.0005241862
v 0.0008207487 0.001480143 -0.0004334926
v 0.001269617 0.001285526 0.001091011
v 0.0007661605 0.001424319 -0.001000105
v 0.0007200483 0.001361987 -0.001468392
v 0.0008767701 0.001507633 0.0005241862
v 0.0008857802 0.0015115 0.001091011
v 0.00085546 0.001499681 1.942903E-05
v 0.0004519417 0.001635539 0.0005241862
v 0.0004446658 0.001623328 1.942903E-05
v 0.0004487049 0.001596827 -0.0004334926
v -1.909704E-12 0.001656173 -0.0004327914
v 0.0004233685 0.001538999 -0.001000105
v -1.909704E-12 0.00167806 1.942903E-05
v 0.0003975145 0.001471575 -0.001468392
v -1.909704E-12 0.001587347 -0.001000105
v 0.0006704552 0.001304067 -0.001903511
v 0.0009211877 0.001101578 -0.002231624
v 0.0008887094 0.001075028 -0.002564803
v 0.0006388606 0.001265443 -0.002231624
v 0.0003697083 0.001408926 -0.001903511
v -1.909704E-12 0.001517242 -0.001468392
v 0.0008640292 0.001053437 -0.002906318
v 0.0006165796 0.001234756 -0.002564803
v 0.0003519938 0.001367149 -0.002231624
v -1.909704E-12 0.001452104 -0.001903511
v 0.001095997 0.0008376694 -0.00291286
v 0.001185806 0.0006836034 -0.003274762
v 0.001258175 0.0006304035 -0.003235112
v 0.0008529758 0.001040759 -0.003246906
v 0.00125391 0.0005152853 -0.00355736
v 0.001326069 0.0004633115 -0.003498056
v 0.001078786 0.0007805427 -0.003558526
v 0.001297695 0.000286742 -0.003719336
v 0.001365075 0.000249042 -0.003650214
v 0.001317641 7.497462E-06 -0.00379236
v 0.001382695 7.701489E-06 -0.003707862
v 0.001303886 1.478299E-05 -0.003858244
v 0.001248518 0.0004148524 -0.003858244
v 0.001216442 0.0004042061 -0.004017526
v 0.001273087 1.913114E-05 -0.004017526
v 0.001119385 1.913114E-05 -0.004204693
v 0.001064598 0.0003581461 -0.004204693
v 0.0009782806 1.913114E-05 -0.004415126
v 0.0009304007 0.0003180101 -0.004415126
v 0.0008625877 1.913114E-05 -0.00460127
v 0.0009056016 0.0006639763 -0.004204693
v 0.001034768 0.0007509853 -0.004017526
v 0.0008203693 0.0002854517 -0.00460127
v 0.0006645538 1.913114E-05 -0.004757764
v 0.0007914456 0.000587632 -0.004415126
v 0.0006320283 0.0002244895 -0.004757764
v 0.0005849574 1.913114E-05 -0.004768218
v 0.0005563268 0.0001998924 -0.004768218
v 0.0006978483 0.000525704 -0.00460127
v 0.0005376352 0.0004097466 -0.004757764
v 0.0004732404 0.0003629607 -0.004768218
v 0.0006579582 0.000906684 -0.004204693
v 0.0005750195 0.0008016057 -0.004415126
v 0.0005070168 0.0007163693 -0.00460127
v 0.0003906155 0.0005567664 -0.004757764
v 0.0003438296 0.0004923716 -0.004768218
v 0.0002053584 0.0006511594 -0.004757764
v 0.0001807613 0.000575458 -0.004768218
v 0.0002665544 0.0008387838 -0.00460127
v 0.0003023054 0.000938986 -0.004415126
v -1.909704E-12 0.0006836849 -0.004757764
v -1.909704E-12 0.0006040885 -0.004768218
v -0.0001807613 0.000575458 -0.004768218
v -1.909704E-12 0.0008809642 -0.00460127
v -0.0002053584 0.0006511594 -0.004757764
v -0.0003438296 0.0004923716 -0.004768218
v -1.909704E-12 0.0009863235 -0.004415126
v 0.0003459088 0.001062512 -0.004204693
v 0.0003952461 0.001207254 -0.004017526
v -1.909704E-12 0.001116207 -0.004204693
v -0.0002665544 0.0008387838 -0.00460127
v -0.0003906155 0.0005567664 -0.004757764
v -0.0004732404 0.0003629607 -0.004768218
v -0.0003023054 0.000938986 -0.004415126
v -0.0005070168 0.0007163693 -0.00460127
v -0.0005376352 0.0004097466 -0.004757764
v -0.0005563268 0.0001998924 -0.004768218
v -0.0006320283 0.0002244895 -0.004757764
v -0.0005849574 1.913114E-05 -0.004768218
v -0.0006645538 1.913114E-05 -0.004757764
v -0.0006978483 0.000525704 -0.00460127
v -0.0008203693 0.0002854517 -0.00460127
v -0.0008625877 1.913114E-05 -0.00460127
v -0.0005750195 0.0008016057 -0.004415126
v -0.0003459088 0.001062512 -0.004204693
v -0.0009304007 0.0003180101 -0.004415126
v -0.0009782806 1.913114E-05 -0.004415126
v -0.0007914456 0.000587632 -0.004415126
v -0.001064598 0.0003581461 -0.004204693
v -0.001119385 1.913114E-05 -0.004204693
v -0.001273087 1.913114E-05 -0.004017526
v -0.0006579582 0.000906684 -0.004204693
v -0.0009056016 0.0006639763 -0.004204693
v -0.001216442 0.0004042061 -0.004017526
v -0.001034768 0.0007509853 -0.004017526
v -0.001248518 0.0004148524 -0.003858244
v -0.001303886 1.478299E-05 -0.003858244
v -0.0007518028 0.001027271 -0.004017526
v -0.001063864 0.0007653924 -0.003858244
v -0.001297695 0.000286742 -0.003719336
v -0.001317641 7.497462E-06 -0.00379236
v -0.00136394 0.000249042 -0.003650214
v -0.00138156 7.701489E-06 -0.003707862
v -0.001324933 0.0004633115 -0.003498056
v -0.00125391 0.0005152853 -0.00355736
v -0.00125704 0.0006304035 -0.003235112
v -0.0008329196 0.001014017 -0.003858244
v -0.001078786 0.0007805427 -0.003558526
v -0.001185806 0.0006836034 -0.003274762
v -0.001194894 0.0007749878 -0.002885089
v -0.0008529758 0.001040759 -0.003246906
v -0.001095997 0.0008376694 -0.00291286
v -0.001065991 0.0009115827 -0.002652182
v -0.001164107 0.0008513843 -0.002612611
v -0.001072341 0.0009712069 -0.002275526
v -0.001175542 0.0009078922 -0.002287784
v -0.001240054 0.0009090605 -0.001978568
v -0.0008640292 0.001053437 -0.002906318
v -0.0008428616 0.001029158 -0.003558526
v -0.0005851276 0.001181736 -0.003558526
v -0.00115291 0.0009707261 -0.001936953
v -0.001348147 0.0008446237 -0.0017442
v -0.001281229 0.0009060053 -0.00167422
v -0.001523268 0.0006631069 -0.001508655
v -0.0008887094 0.001075028 -0.002564803
v -0.0009672436 0.001134993 -0.001903511
v -0.0005783137 0.001168567 -0.003858244
v -0.0005920665 0.001195145 -0.003246906
v -0.0009211877 0.001101578 -0.002231624
v -0.0003952461 0.001207254 -0.004017526
v -0.0003218664 0.001276604 -0.003558526
v -1.909704E-12 0.001265261 -0.004017526
v -0.0003180463 0.00126236 -0.003858244
v -1.909704E-12 0.001314522 -0.003558526
v -1.909704E-12 0.001299712 -0.003858244
v -0.0003257562 0.001291108 -0.003246906
v 0.0003180463 0.00126236 -0.003858244
v -0.0005996494 0.0012098 -0.002906318
v -0.0006165796 0.001234756 -0.002564803
v -0.0006388606 0.001265443 -0.002231624
v -0.0006704552 0.001304067 -0.001903511
v 0.0005783137 0.001168567 -0.003858244
v 0.0003218664 0.001276604 -0.003558526
v 0.0007518028 0.001027271 -0.004017526
v 0.0008329196 0.001014017 -0.003858244
v 0.0005851276 0.001181736 -0.003558526
v 0.001063864 0.0007653924 -0.003858244
v 0.0008428616 0.001029158 -0.003558526
v 0.0005920665 0.001195145 -0.003246906
v 0.0003257562 0.001291108 -0.003246906
v 0.0005996494 0.0012098 -0.002906318
v -1.909704E-12 0.001329603 -0.003246906
v 0.0003395009 0.001333955 -0.002564803
v 0.000330008 0.001306961 -0.002906318
v -0.000330008 0.001306961 -0.002906318
v -1.909704E-12 0.001346085 -0.002906318
v -0.0003395009 0.001333955 -0.002564803
v -1.909704E-12 0.001408665 -0.002231624
v -1.909704E-12 0.001374152 -0.002564803
v -0.0003519938 0.001367149 -0.002231624
v -0.0003697083 0.001408926 -0.001903511
v -0.0003975145 0.001471575 -0.001468392
v -0.0007200483 0.001361987 -0.001468392
v -0.0004233685 0.001538999 -0.001000105
v -0.001039536 0.001185101 -0.001468392
v -0.0007661605 0.001424319 -0.001000105
v -0.0004487049 0.001596827 -0.0004334926
v -0.0004446658 0.001623328 1.942903E-05
v -0.0008207487 0.001480143 -0.0004334926
v -0.001106755 0.001239029 -0.001000105
v -0.001329166 0.0009448957 -0.001307658
v -0.001480029 0.0007058425 -0.001414327
v -0.001418987 0.0009409052 -0.001000105
v -0.001606064 0.0004869982 -0.00128436
v -0.001641059 0.0004557164 -0.001375777
v -0.001174799 0.001283924 -0.0004334926
v -0.001643134 0.0006148641 -0.0009379268
v -0.00168336 0.0002642216 -0.001212298
v -0.001705817 0.0002347493 -0.00131381
v -0.001670823 0.0004647838 -0.001026252
v -0.001707434 9.904782E-06 -0.001186817
v -0.001732833 1.035487E-05 -0.001289973
v -0.001711969 0.0002191807 -0.001056401
v -0.001724928 3.88443E-06 -0.001059515
v -0.001758304 0.0003832994 -0.0007595658
v -0.001784373 0.0001948143 -0.0007737213
v -0.0017943 -8.62687E-06 -0.0007757968
v -0.001775015 0.0001877246 -0.0007567098
v -0.001784136 -9.809E-06 -0.0007586112
v -0.001750752 0.00037354 -0.0007440746
v -0.001742003 0.0004415513 -0.0007148233
v -0.001747681 0.0004542462 -0.0007285586
v -0.001743124 0.000480213 -0.000665963
v -0.001655854 0.000664653 -0.000760152
v -0.001748033 0.0004972842 -0.0006757262
v -0.001768036 0.000522028 -0.000515044
v -0.00176238 0.0005042786 -0.0005127868
v -0.001827409 0.0005098585 2.064109E-05
v -0.001519002 0.0009734648 -0.0004327914
v -0.001832348 0.0005289141 1.942903E-05
v -0.001852296 0.0005160563 0.0005247235
v -0.001699055 0.0006906968 -0.0004338127
v -0.001224603 0.001282427 1.942903E-05
v -0.001748068 0.0006981903 1.942903E-05
v -0.001572749 0.0009727849 1.942903E-05
v -0.0018582 0.0005351795 0.0005241874
v -0.001859992 0.0005202363 0.001090994
v -0.001780253 0.0007018936 0.0005241862
v -0.001604156 0.0009702392 0.0005241862
v -0.001864642 0.0005392088 0.001091011
v -0.001856287 0.0005226918 0.00170065
v -0.001794904 0.0007060818 0.001091011
v -0.00185787 0.0005413352 0.00170111
v -0.001834776 0.0005189814 0.002149907
v -0.00161709 0.0009707764 0.001091011
v -0.00179487 0.0007106114 0.00170111
v -0.001842561 0.0005375632 0.002150553
v -0.001770666 0.0005185599 0.002607586
v -0.001253387 0.001285706 0.0005241862
v -0.0017773 0.0005368927 0.002610187
v -0.001700118 0.0005190172 0.002893459
v -0.00177233 0.0007167548 0.002149189
v -0.001269617 0.001285526 0.001091011
v -0.001614587 0.0009738532 0.00170111
v -0.001275249 0.001282494 0.00170111
v -0.001603661 0.0009751318 0.00214846
v -0.0008767701 0.001507633 0.0005241862
v -0.0008857802 0.0015115 0.001091011
v -0.0008845079 0.001511936 0.00170111
v -0.001269507 0.00127865 0.002148415
v -0.001564757 0.0009592453 0.002610187
v -0.00085546 0.001499681 1.942903E-05
v -0.0004519417 0.001635539 0.0005241862
v -1.909704E-12 0.001684807 0.0005241862
v -0.0004530448 0.00164146 0.001091011
v 0.0004530448 0.00164146 0.001091011
v -0.000449035 0.001642106 0.00170111
v -1.909704E-12 0.001687617 0.00170111
v -1.909704E-12 0.001687788 0.001091011
v 0.000449035 0.001642106 0.00170111
v -0.0008784916 0.001509947 0.002148415
v 0.0008845079 0.001511936 0.00170111
v -0.0004454445 0.001636264 0.002148415
v -0.00124718 0.001258085 0.002610187
v 0.001275249 0.001282494 0.00170111
v -0.0008672618 0.001489355 0.002610187
v 0.001614587 0.0009738532 0.00170111
v 0.001603661 0.0009751318 0.00214846
v 0.001269507 0.00127865 0.002148415
v 0.001564757 0.0009592453 0.002610187
v 0.0008784916 0.001509947 0.002148415
v 0.001710691 0.0007134391 0.002610187
v 0.001708198 0.000537582 0.002897221
v 0.001638753 0.0006951711 0.002896219
v 0.001597376 0.0005356357 0.003215625
v 0.001591494 0.0005170568 0.003210586
v 0.001488148 0.0005019497 0.003451403
v 0.00124718 0.001258085 0.002610187
v 0.0004454445 0.001636264 0.002148415
v 0.001494571 0.0009274462 0.002894412
v 0.001540016 0.0006704713 0.003217207
v 0.001495367 0.0005197103 0.003456708
v 0.0008672618 0.001489355 0.002610187
v -1.909704E-12 0.001680747 0.002148415
v 0.001475361 0.0005031707 0.003515008
v 0.001469349 0.0004856869 0.003509351
v 0.001429253 0.0006184884 0.003522755
v 0.00139953 0.0005271496 0.003641177
v 0.001464239 0.0004710954 0.003564125
v 0.001458829 0.000460532 0.003551316
v 0.001455231 0.0004194846 0.003581597
v 0.001460932 0.0004237763 0.00360056
v 0.001460597 0.0003646811 0.003600966
v 0.001405416 0.0008833183 0.003216669
v 0.001294101 0.0008229004 0.003522755
v 0.001094897 0.001174638 0.003214854
v 0.001192615 0.001209016 0.002894081
v 0.0008263011 0.001438279 0.002894068
v 0.0004408631 0.001609966 0.002610187
v 0.001017331 0.001088111 0.003522755
v 0.0007717083 0.001356274 0.003214484
v 0.0004213605 0.001554309 0.002893022
v -1.909704E-12 0.001655333 0.002610187
v 0.00115683 0.000744882 0.003821447
v -0.0004408631 0.001609966 0.002610187
v 0.0007061097 0.001258737 0.003522755
v 0.0004325365 0.001468014 0.003214471
v -1.909704E-12 0.001593909 0.002900543
v -0.0004213606 0.001554309 0.002893022
v -0.0008263011 0.001438279 0.002894068
v 0.0009184625 0.0009834579 0.003821447
v -0.001192615 0.001209016 0.002894081
v -0.001494571 0.0009274462 0.002894412
v -1.909704E-12 0.001507848 0.003214471
v -0.0004325365 0.001468014 0.003214471
v 0.0003938337 0.001364215 0.003522755
v -0.0007717083 0.001356274 0.003214484
v -0.001094897 0.001174638 0.003214854
v -0.001405416 0.0008833183 0.003216669
v -0.001638753 0.0006951711 0.002896219
v 0.000640417 0.001138946 0.003821447
v -0.001710691 0.0007134391 0.002610187
v -0.001704512 0.000537582 0.002897221
v -0.001596117 0.0005356357 0.003215625
v -0.001590751 0.0005170568 0.003210586
v -0.001488034 0.0005019497 0.003451403
v -0.001540016 0.0006704713 0.003217207
v -0.001495367 0.0005197103 0.003456708
v -0.001429253 0.0006184884 0.003522755
v -0.001475361 0.0005031707 0.003515008
v -0.00139953 0.0005271496 0.003641177
v -0.001469349 0.0004856869 0.003509351
v -0.001294101 0.0008229004 0.003522755
v -0.001464239 0.0004710954 0.003564125
v -0.001458716 0.000460532 0.003551316
v -0.001455118 0.0004194846 0.003581597
v -0.001460932 0.0004237763 0.00360056
v -0.001460483 0.0003646811 0.003600966
v -0.001017331 0.001088111 0.003522755
v -0.00115683 0.000744882 0.003821447
v -0.0007061097 0.001258737 0.003522755
v -0.0009184625 0.0009834579 0.003821447
v -0.0003938337 0.001364215 0.003522755
v -0.000640417 0.001138946 0.003821447
v -1.909704E-12 0.001399767 0.003522755
v -0.0003565275 0.001245648 0.003821447
v 0.0003565275 0.001245648 0.003821447
v -1.909704E-12 0.001269779 0.003821447
v -0.0008018613 0.0008560565 0.004099638
v -0.0005641773 0.0009990459 0.004099638
v -0.001004347 0.0006512394 0.004099637
v -0.0003065479 0.001088363 0.004099638
v 0.0005641773 0.0009990459 0.004099638
v 0.0003065479 0.001088363 0.004099638
v -1.909704E-12 0.001120994 0.004099638
v 0.0008018613 0.0008560565 0.004099638
v 0.001004347 0.0006512394 0.004099637
v -0.0006830783 0.0007239727 0.00432384
v -0.0004804204 0.0008469552 0.00432384
v -0.0002553441 0.0009215472 0.00432384
v -0.0008487743 0.0005528212 0.00432384
v 0.0002553441 0.0009215472 0.00432384
v -1.909704E-12 0.0009480545 0.00432384
v 0.0004804204 0.0008469552 0.00432384
v 0.0006830783 0.0007239727 0.00432384
v 0.0008487743 0.0005528212 0.00432384
v 0.0003899142 0.0006825326 0.004497601
v 0.0005477218 0.0005836037 0.004497601
v 0.000209523 0.0007421917 0.004497601
v 0.0006804813 0.0004438233 0.004497601
v -0.000209523 0.0007421917 0.004497601
v -1.909704E-12 0.0007607264 0.004497601
v -0.0003899142 0.0006825326 0.004497601
v -0.0005477218 0.0005836037 0.004497601
v -0.0006804813 0.0004438233 0.004497601
v 0.0003832766 0.0004040646 0.004646359
v 0.000474155 0.000298001 0.004646359
v 0.0001717697 0.0002759788 0.004727621
v 0.0002703663 0.0004791693 0.004646359
v 0.000145283 0.0005203203 0.004646359
v 0.0007719297 0.0002827071 0.004497601
v 0.0009621296 0.0003608487 0.00432384
v 0.001135701 0.0004225942 0.004099638
v 0.001303133 0.0004863677 0.003821447
v 0.001412488 0.0004047525 0.003699686
v 0.001374971 0.0002733311 0.003821447
v 0.001466499 0.0003691338 0.003619847
v 0.001444253 0.0002597566 0.003715815
v 0.00149131 0.0002455797 0.003631858
v 0.001486454 0.0002436204 0.003612555
v 0.001521867 7.945769E-05 0.00363619
v 0.001517907 7.633268E-05 0.003616582
v 0.001477443 8.148053E-05 0.003717962
v 0.001412603 8.108068E-05 0.003821447
v 0.00121248 6.350457E-05 0.004099638
v 0.001193327 0.0002290304 0.004099638
v 0.001011482 0.0001905389 0.00432384
v 0.00102755 4.839628E-05 0.00432384
v 0.0008241064 3.428967E-05 0.004497601
v 0.0008080027 0.0001565207 0.004497601
v 0.0005727157 1.913114E-05 0.004646359
v 0.0005384042 0.0001733842 0.004646359
v 0.0003187808 -4.200332E-05 0.004727621
v 0.0003072163 0.0001414 0.004727621
v 0.0001508543 1.913114E-05 0.004759222
v 0.0001042058 0.0001182106 0.004759222
v -1.909704E-12 1.913114E-05 0.004768217
v -1.909704E-12 0.0001525252 0.004759222
v -1.909704E-12 0.0003278208 0.004727621
v -0.0001717697 0.0002759788 0.004727621
v -0.0001042058 0.0001182106 0.004759222
v -0.0001508543 1.913114E-05 0.004759222
v -0.0003072163 0.0001414 0.004727621
v -0.0003187808 -4.200332E-05 0.004727621
v -1.909704E-12 0.0005355661 0.004646359
v -0.000145283 0.0005203203 0.004646359
v -0.0002703663 0.0004791693 0.004646359
v -0.0003832766 0.0004040646 0.004646359
v -0.000474155 0.000298001 0.004646359
v -0.0005384042 0.0001733842 0.004646359
v -0.0005727157 1.913114E-05 0.004646359
v -0.0007719297 0.0002827071 0.004497601
v -0.0008088915 0.0001534131 0.004497601
v -0.0008241064 3.407846E-05 0.004497601
v -0.0009621296 0.0003608487 0.00432384
v -0.001011579 0.0001902026 0.00432384
v -0.00102755 4.812971E-05 0.00432384
v -0.00121248 6.332925E-05 0.004099638
v -0.001135701 0.0004225942 0.004099638
v -0.001194364 0.0002255425 0.004099638
v -0.001374971 0.0002733311 0.003821447
v -0.001412603 8.108068E-05 0.003821447
v -0.001303133 0.0004863677 0.003821447
v -0.001412488 0.0004047525 0.003699686
v -0.001444253 0.0002597566 0.003715815
v -0.001477443 8.148053E-05 0.003717962
v -0.001466499 0.0003691338 0.003619847
v -0.00149131 0.0002455797 0.003631858
v -0.001521867 7.945769E-05 0.00363619
v -0.00148634 0.0002436204 0.003612555
v -0.001517794 7.633268E-05 0.003616582
v -0.0004187395 0.0002324891 -0.004473254
v -0.0005849574 1.913114E-05 -0.004768218
v -0.0004641761 -5.438698E-05 -0.004473254
v -0.0005563268 0.0001998924 -0.004768218
v -0.0004732404 0.0003629607 -0.004768218
v -0.000213358 0.0004378707 -0.004473254
v -0.0003438296 0.0004923716 -0.004768218
v -0.0001807613 0.000575458 -0.004768218
v 7.351812E-05 0.0004833078 -0.004473254
v -1.909704E-12 0.0006040885 -0.004768218
v 0.0001807613 0.000575458 -0.004768218
v 0.0003438296 0.0004923716 -0.004768218
v 0.0003323133 0.0003514444 -0.004473254
v 0.0004732404 0.0003629607 -0.004768218
v 0.0005563268 0.0001998924 -0.004768218
v 0.0004641761 9.264925E-05 -0.004473254
v 0.0005849574 1.913114E-05 -0.004768218
v 0.0005563268 -0.0001616301 -0.004768218
v 0.0004187395 -0.0001942269 -0.004473254
v 0.0004732404 -0.0003246984 -0.004768218
v 0.0003438285 -0.0004541093 -0.004768218
v 0.000213358 -0.0003996083 -0.004473254
v 0.0001807613 -0.0005371957 -0.004768218
v -1.909704E-12 -0.0005658251 -0.004768218
v -7.351812E-05 -0.0004450449 -0.004473254
v -0.0001807613 -0.0005371957 -0.004768218
v -0.0003323133 -0.0003131821 -0.004473254
v -0.0003438285 -0.0004541093 -0.004768218
v -0.0004732404 -0.0003246984 -0.004768218
v -0.0004641761 -5.438698E-05 -0.004473254
v -0.0005563268 -0.0001616301 -0.004768218
v -0.0005849574 1.913114E-05 -0.004768218
v 0.0007997199 -0.0007594695 0.004134562
v 0.000750922 -0.0007664622 0.003982559
v 0.0007966734 -0.0007529585 0.003982564
v 0.0007502187 -0.0007686102 0.004157116
v 0.0007012746 -0.0007550634 0.00398255
v 0.000697516 -0.0007560825 0.004209691
v 0.0006668196 -0.0007205837 0.00398254
v 0.0006638556 -0.0007204986 0.004270539
v 0.0006548323 -0.0006738348 0.003982531
v 0.0006508542 -0.0006739044 0.004323276
v 0.000666998 -0.0006275061 0.003982526
v 0.0006646009 -0.0006261548 0.00435736
v 0.0007015771 -0.0005937472 0.003982526
v 0.0007009527 -0.0005909196 0.004359203
v 0.0007511229 -0.0005792439 0.004332639
v 0.0007492099 -0.0005808986 0.003982529
v 0.0007973306 -0.0005913061 0.004287372
v 0.0007957179 -0.0005935105 0.003982536
v 0.0008297494 -0.0006240336 0.004230085
v 0.0008300602 -0.0006263486 0.003982547
v 0.0008499252 -0.0006731576 0.00417456
v 0.0008430718 -0.0006734851 0.003982557
v 0.0008353993 -0.0007239451 0.004138858
v 0.0008309408 -0.0007194395 0.003982564
v 0.0007997199 -0.0007594695 0.004134562
v 0.0007966734 -0.0007529585 0.003982564
v -0.002607265 0.0005292796 -0.0008760362
v -0.002809418 0.000273083 -0.0007818672
v -0.002670332 0.0002348482 -0.0009016925
v -0.002738719 0.0005656107 -0.0007524779
v -0.002429636 0.0008030268 -0.0008037772
v -0.002896355 0.0002809246 -0.0005829736
v -0.0025396 0.000869606 -0.0006697067
v -0.002166292 0.0009294281 -0.0006966498
v -0.002823308 0.0005796201 -0.0005554107
v -0.002949116 0.0005975731 -0.0004164356
v -0.003029538 0.0002819918 -0.000445874
v -0.003173529 0.000282976 -0.0001778156
v -0.003085518 0.000623402 -0.0001544434
v -0.003248783 0.0002852521 8.174867E-05
v -0.002722614 0.0009230012 -0.0003335231
v -0.002617581 0.000889349 -0.0004777858
v -0.002244397 0.001009974 -0.0005469954
v -0.001928583 0.000989345 -0.0004157156
v -0.001884562 0.0009108529 -0.000582042
v -0.00231258 0.001032363 -0.0003627014
v -0.001663284 0.0007763599 -0.0003054339
v -0.001647893 0.0007190602 -0.0004857662
v -0.002386814 0.001073265 -0.0002106056
v -0.001986286 0.001011345 -0.0002395841
v -0.002027569 0.001051181 -7.91049E-05
v -0.001491141 0.0004481131 -0.0002338773
v -0.001494328 0.000423475 -0.0004232967
v -0.001479454 7.160623E-05 -0.0004172459
v -0.001474468 5.736529E-05 -0.0002269459
v -0.001517103 6.178855E-05 -6.254882E-05
v -0.001712184 0.0007943423 -0.0001361594
v -0.00153433 0.0004599047 -6.9049E-05
v -0.001529973 0.0004717895 0.0001030397
v -0.001511007 5.34939E-05 0.0001099813
v -0.001511717 4.070372E-05 0.0002635056
v -0.001725787 0.000823179 3.135979E-05
v -0.001532472 0.0004886905 0.0002579939
v -0.001746763 0.0008650215 0.0002010852
v -0.001544841 0.0004945575 0.0004040158
v -0.001523289 3.925057E-05 0.0004080921
v -0.001527115 4.062837E-05 0.0005494207
v -0.00207702 0.001109207 0.0001133808
v -0.001767343 0.0008770379 0.0003619352
v -0.00247016 0.001132858 8.975863E-06
v -0.002110255 0.001125214 0.0002970797
v -0.00251846 0.001149251 0.0002198762
v -0.002837644 0.0009719294 -8.861631E-05
v -0.002124494 0.001123239 0.0004796481
v -0.001775498 0.0008758293 0.0005204114
v -0.002900027 0.0009856926 0.0001477098
v -0.0031574 0.0006314703 9.903222E-05
v -0.002539942 0.001147203 0.0004311248
v -0.003190216 0.0006310201 0.0003551733
v -0.003283221 0.0002856447 0.0003443098
v -0.003280641 0.0002874362 0.0009754991
v -0.002928277 0.0009841485 0.0003857678
v -0.003188825 0.0006270104 0.0009754997
v -0.002930234 0.0009747453 0.0009754997
v -0.003152744 0.0006112413 0.001331676
v -0.003240837 0.0002853074 0.001331675
v -0.002546861 0.001135309 0.0009754997
v -0.002904635 0.0009462952 0.001331676
v -0.003101459 0.0005899461 0.001486239
v -0.003185036 0.0002824325 0.001486294
v -0.003193818 0.0002840761 0.001656063
v -0.002136722 0.001111711 0.0009754997
v -0.0025368 0.001101003 0.001331676
v -0.002866065 0.0009079032 0.001486037
v -0.003107649 0.0006021206 0.001656002
v -0.003230768 0.0002878229 0.002054172
v -0.001792187 0.0008680806 0.0009754997
v -0.002143288 0.001078266 0.001331676
v -0.002517053 0.001054797 0.001485583
v -0.002864973 0.0009298177 0.0016558
v -0.003138728 0.0006298748 0.002049577
v -0.001549048 0.0004945299 0.0005468583
v -0.001568632 0.0004926049 0.0009754997
v -0.001546978 4.563602E-05 0.0009754997
v -0.001812717 0.0008435202 0.001331676
v -0.001598224 0.0004817376 0.001331676
v -0.001577448 5.106966E-05 0.001331676
v -0.002143609 0.00103333 0.001484985
v -0.002505228 0.001081093 0.001655429
v -0.001626172 0.000467186 0.00148418
v -0.001606446 5.834545E-05 0.001484154
v -0.001829812 0.0008105881 0.001484476
v -0.001587386 0.0004754118 0.001654556
v -0.00156707 5.42326E-05 0.001654543
v -0.0021204 0.001058821 0.001655014
v -0.001797139 0.0008292283 0.001654714
v -0.002879502 0.0009799136 0.002036639
v -0.001514562 0.0004945786 0.001968509
v -0.001492856 4.464919E-05 0.001967426
v -0.002495189 0.001141541 0.002017458
v -0.001738666 0.0008725418 0.001979695
v -0.001495459 0.0004985259 0.00213974
v -0.001473539 4.267549E-05 0.00213631
v -0.002084046 0.001117787 0.001996936
v -0.001485148 0.0005009535 0.00231856
v -0.001463436 4.137645E-05 0.002313355
v -0.001461864 4.331084E-05 0.002462393
v -0.001721768 0.0008814624 0.002175148
v -0.002070548 0.001129934 0.002229712
v -0.001709329 0.0008870109 0.002372383
v -0.001482912 0.0004966791 0.002468826
v -0.002485737 0.001154001 0.00229467
v -0.001490942 0.0004882757 0.002646162
v -0.001471346 4.200991E-05 0.002638384
v -0.001445946 4.640714E-05 0.002900565
v -0.002054868 0.001137497 0.002455223
v -0.001700248 0.0008775118 0.002535421
v -0.002873833 0.0009902465 0.002355387
v -0.00246629 0.001161748 0.002553808
v -0.002035275 0.001124597 0.002637841
v -0.001693093 0.0008630653 0.002726072
v -0.001464942 0.0004766969 0.00290775
v -0.003135609 0.0006356022 0.002396341
v -0.003228557 0.0002885962 0.002410883
v -0.002850917 0.000996659 0.002645978
v -0.003110385 0.0006391465 0.00270815
v -0.003202517 0.0002893943 0.002730224
v -0.002434276 0.001148507 0.002759699
v -0.00200428 0.001106093 0.002849562
v -0.003059044 0.0006330016 0.002950502
v -0.003148422 0.0002881495 0.002977794
v -0.002807342 0.0009856531 0.002873644
v -0.00295199 0.0006220139 0.003227147
v -0.003034583 0.0002832888 0.00326008
v -0.002719311 0.0009690356 0.003134368
v -0.0028881 0.0006080693 0.003447039
v -0.002968874 0.0002807301 0.003477362
v -0.001659418 0.0008393535 0.002982064
v -0.002374055 0.001129424 0.002996779
v -0.002660483 0.0009449125 0.003361457
v -0.002733093 0.0005585628 0.003731153
v -0.002805619 0.0002738227 0.003754165
v -0.001960841 0.001076413 0.00309679
v -0.002322253 0.001100464 0.003233713
v -0.002528826 0.0008553163 0.00366634
v -0.002574528 0.0004829451 0.003860537
v -0.002634449 0.0002584076 0.003878661
v -0.002405767 0.0007237257 0.00380949
v -0.002155571 0.0008349044 0.003733813
v -0.002225994 0.0009923393 0.00357025
v -0.001902019 0.0009722016 0.003467455
v -0.001887908 0.0008185647 0.003652853
v -0.001629865 0.0007642898 0.0033811
v -0.001663058 0.0006498682 0.003584842
v -0.001453275 0.0004438623 0.00332507
v -0.001517161 0.0003898796 0.003540711
v -0.00143617 6.242395E-05 0.003319642
v -0.00150303 8.038684E-05 0.003536436
v -0.001580659 -0.0002572986 -0.0004584157
v -0.001474468 5.736529E-05 -0.0002269459
v -0.001479454 7.160623E-05 -0.0004172459
v -0.001587917 -0.0003078821 -0.0002741051
v -0.001799844 -0.0004791494 -0.0005475795
v -0.001634317 -0.0003103478 -0.0001067778
v -0.001517103 6.178855E-05 -6.254882E-05
v -0.001833617 -0.0005542471 -0.0003762391
v -0.002072382 -0.0005702134 -0.000658448
v -0.001640057 -0.000337505 6.274134E-05
v -0.001511007 5.34939E-05 0.0001099813
v -0.001511717 4.070372E-05 0.0002635056
v -0.001888169 -0.0005613587 -0.0002025625
v -0.001919544 -0.0006012394 -3.956318E-05
v -0.001652944 -0.0003780481 0.0002260008
v -0.002203816 -0.0006643938 -0.0003216609
v -0.002139126 -0.0006553739 -0.0005032354
v -0.002444634 -0.0005542452 -0.0006302309
v -0.002344918 -0.0004791469 -0.0007693148
v -0.002519463 -0.0005613587 -0.0004407635
v -0.002267066 -0.0007094966 -0.0001667723
v -0.002690331 -0.0003078806 -0.0007323637
v -0.002564099 -0.0002572955 -0.000858477
v -0.002655635 -4.62905E-06 -0.0008957132
v -0.002773314 -0.0003103474 -0.0005365476
v -0.002792942 -2.729482E-05 -0.000775018
v -0.002670332 0.0002348482 -0.0009016925
v -0.002809418 0.000273083 -0.0007818672
v -0.002879331 -2.446994E-05 -0.0005765492
v -0.002896355 0.0002809246 -0.0005829736
v -0.002614588 -0.0006012394 -0.0002939808
v -0.001958801 -0.0006605023 0.0001447752
v -0.002894073 -0.000337505 -0.000396288
v -0.003010796 -3.713682E-05 -0.0004390118
v -0.003029538 0.0002819918 -0.000445874
v -0.003173529 0.000282976 -0.0001778156
v -0.003153018 -5.635996E-05 -0.0001723683
v -0.003227486 -5.939918E-05 8.577674E-05
v -0.003248783 0.0002852521 8.174867E-05
v -0.003283221 0.0002856447 0.0003443098
v -0.003025282 -0.0003780481 -0.0001384473
v -0.003261546 -5.771685E-05 0.0003468418
v -0.003280641 0.0002874362 0.0009754991
v -0.003259243 -5.120682E-05 0.0009754997
v -0.003240837 0.0002853074 0.001331675
v -0.003126563 -0.0003836522 0.0003626087
v -0.003094855 -0.0003863438 0.0001108617
v -0.002719425 -0.0006605023 -5.722105E-05
v -0.003220307 -4.224174E-05 0.001331676
v -0.003185036 0.0002824325 0.001486294
v -0.003125984 -0.0003721642 0.0009754997
v -0.002339113 -0.0007764437 4.377693E-05
v -0.00280335 -0.0006698359 0.0004003584
v -0.002777278 -0.0006734135 0.0001709247
v -0.003165559 -3.013179E-05 0.001486283
v -0.003193818 0.0002840761 0.001656063
v -0.002382392 -0.0007912495 0.0002456111
v -0.00309245 -0.0003514938 0.001331676
v -0.002806903 -0.0006539762 0.0009754997
v -0.002401459 -0.000787308 0.0004473007
v -0.001987506 -0.0006734135 0.0003202957
v -0.001669929 -0.0003863438 0.0003803587
v -0.001523289 3.925057E-05 0.0004080921
v -0.001999567 -0.0006698359 0.0004942402
v -0.001676356 -0.0003836522 0.0005319911
v -0.001527115 4.062837E-05 0.0005494207
v -0.002410148 -0.0007696545 0.0009754997
v -0.002013392 -0.0006539765 0.0009754997
v -0.001694311 -0.0003721642 0.0009754997
v -0.001546978 4.563602E-05 0.0009754997
v -0.002786303 -0.0006230284 0.001331676
v -0.002405629 -0.0007344885 0.001331676
v -0.002024957 -0.0006230284 0.001331676
v -0.001718809 -0.0003514938 0.001331676
v -0.001577448 5.106966E-05 0.001331676
v -0.003044255 -0.000323582 0.001486199
v -0.002753793 -0.0005812919 0.001485903
v -0.002392585 -0.0006871591 0.001485397
v -0.002031286 -0.000581478 0.001484799
v -0.00174066 -0.0003237963 0.00148434
v -0.001606446 5.834545E-05 0.001484154
v -0.003048674 -0.0003395346 0.001655959
v -0.002749241 -0.0006050917 0.001655685
v -0.002376946 -0.0007140652 0.001655289
v -0.002004685 -0.0006050299 0.001654901
v -0.001705307 -0.0003394628 0.001654639
v -0.00156707 5.42326E-05 0.001654543
v -0.00164055 -0.0003759187 0.001974798
v -0.001492856 4.464919E-05 0.001967426
v -0.001473539 4.267549E-05 0.00213631
v -0.001960414 -0.0006595983 0.001990765
v -0.001622687 -0.0003834268 0.002159646
v -0.001463436 4.137645E-05 0.002313355
v -0.002358142 -0.0007760424 0.002010617
v -0.00275587 -0.0006595978 0.002030469
v -0.001611179 -0.0003882015 0.002348868
v -0.001461864 4.331084E-05 0.002462393
v -0.001945699 -0.0006708387 0.002210181
v -0.001605093 -0.0003804559 0.002506363
v -0.001471346 4.200991E-05 0.002638384
v -0.002347341 -0.0007888151 0.002273018
v -0.001931173 -0.0006779297 0.002425596
v -0.003075733 -0.0003759187 0.002046434
v -0.001604625 -0.000375122 0.002690908
v -0.001445946 4.640714E-05 0.002900565
v -0.002748984 -0.0006708386 0.002335854
v -0.001915337 -0.0006662371 0.002601228
v -0.002329138 -0.0007968306 0.002520944
v -0.003209317 -5.283551E-05 0.0020531
v -0.003071995 -0.0003834259 0.00238639
v -0.002727177 -0.0006778698 0.002616331
v -0.002301253 -0.0007834918 0.002719075
v -0.001892939 -0.0006563695 0.002805225
v -0.003173736 -3.705798E-05 0.001656051
v -0.003230768 0.0002878229 0.002054172
v -0.003206894 -5.60921E-05 0.002407494
v -0.003228557 0.0002885962 0.002410883
v -0.003202517 0.0002893943 0.002730224
v -0.003047324 -0.0003881157 0.002693051
v -0.002687315 -0.0006661186 0.002836996
v -0.003181043 -5.813279E-05 0.002725082
v -0.003127587 -5.478863E-05 0.002971439
v -0.003148422 0.0002881495 0.002977794
v -0.003034583 0.0002832888 0.00326008
v -0.002997863 -0.000380287 0.002931842
v -0.003015344 -5.465166E-05 0.003252396
v -0.002250894 -0.0007716881 0.002947656
v -0.002895476 -0.0003748821 0.003204574
v -0.002950212 -4.796949E-05 0.003470414
v -0.002968874 0.0002807301 0.003477362
v -0.002608288 -0.0006561332 0.003090073
v -0.002833235 -0.0003587885 0.003426578
v -0.002788717 -2.022103E-05 0.003748804
v -0.002805619 0.0002738227 0.003754165
v -0.002634449 0.0002584076 0.003878661
v -0.002620484 1.33303E-05 0.003874438
v -0.002533517 -0.0002089082 0.003848131
v -0.002683454 -0.000294122 0.003715403
v -0.002325279 -0.0004040427 0.003785145
v -0.002431406 -0.0005346178 0.003635426
v -0.00206635 -0.0004841415 0.003706825
v -0.002552048 -0.0006324926 0.003320723
v -0.002118003 -0.0006333369 0.003535985
v -0.00180742 -0.0004040427 0.003628508
v -0.002201508 -0.0007446373 0.003188267
v -0.001804599 -0.0005346183 0.003436544
v -0.001852216 -0.0006307409 0.00305577
v -0.001573525 -0.000356598 0.002949539
v -0.001552552 -0.000294122 0.00335657
v -0.001599182 -0.0002089082 0.003565521
v -0.00143617 6.242395E-05 0.003319642
v -0.00150303 8.038684E-05 0.003536436
v -0.001370184 -0.0001513366 -0.003604645
v -0.001269884 8.918431E-06 -0.003618895
v -0.001352028 8.918431E-06 -0.00361539
v -0.001290166 -0.0001700948 -0.003606892
v -0.001213648 8.918431E-06 -0.003582259
v -0.001423417 -0.0003006694 -0.003573142
v -0.001234801 -0.0001777915 -0.003569741
v -0.001041397 8.918431E-06 -0.003312752
v -0.001349629 -0.0003369084 -0.003571701
v -0.001508098 -0.0004289054 -0.003523027
v -0.001062872 -0.0001806319 -0.003300042
v -0.0007499424 8.918431E-06 -0.00299184
v -0.001444222 -0.0004801553 -0.003515721
v -0.001618456 -0.0005273042 -0.003457717
v -0.001296822 -0.0003517768 -0.003533037
v -0.0007739807 -0.0002032477 -0.002977614
v -0.0005825193 8.918431E-06 -0.00278938
v -0.001567499 -0.0005900719 -0.003442765
v -0.00174697 -0.0005891604 -0.00338166
v -0.001125836 -0.0003572651 -0.003262779
v -0.001395482 -0.0005011825 -0.003474649
v -0.0006077586 -0.0002138516 -0.002774443
v -0.0004288911 8.918431E-06 -0.002558483
v -0.001711056 -0.0006591685 -0.003357806
v -0.001884884 -0.0006102583 -0.003300043
v -0.001524058 -0.0006158255 -0.003398557
v -0.0008444574 -0.0004009557 -0.002935906
v -0.001225997 -0.0005089442 -0.003203503
v -0.0004545585 -0.0002176343 -0.002543291
v -0.0002458188 8.918431E-06 -0.002249139
v -0.001865112 -0.0006827353 -0.003266635
v -0.002022797 -0.0005891604 -0.003218425
v -0.001673788 -0.0006878924 -0.003309945
v -0.00135653 -0.0006253307 -0.003126253
v -0.000956569 -0.0005707312 -0.002869557
v -0.0006817572 -0.0004214405 -0.00273065
v -0.0002714863 -0.0002176343 -0.002233947
v -0.0002150167 8.918431E-06 -0.002047076
v -0.0002384446 -0.0001978595 -0.002033211
v -0.000529814 -0.0004287475 -0.002498755
v -0.0003467417 -0.0004287475 -0.002189411
v -0.0003071307 -0.0003905467 -0.001992562
v -0.0007994719 -0.0005997011 -0.002660986
v -0.001102675 -0.0007010045 -0.00278309
v -0.000649527 -0.0006100348 -0.002427908
v -0.0004664557 -0.0006100348 -0.002118564
v -0.0004163951 -0.0005560101 -0.001927899
v -0.0009528812 -0.0007364854 -0.002570197
v -0.001508539 -0.0006984946 -0.003036294
v -0.0008055404 -0.0007491417 -0.002335578
v -0.0006224692 -0.0007491417 -0.002026234
v -0.000558791 -0.0006829746 -0.001843628
v -0.00127282 -0.0007828985 -0.002682397
v -0.001834468 -0.0007124731 -0.003214854
v -0.001131529 -0.0008224712 -0.002464472
v -0.0009872224 -0.0008365875 -0.002228057
v -0.0008041502 -0.0008365875 -0.001918713
v -0.0007246153 -0.0007627885 -0.001745492
v -0.001671664 -0.0007234496 -0.002939755
v -0.00201917 -0.0006591685 -0.003175463
v -0.002151312 -0.0005273042 -0.003142369
v -0.001455409 -0.0008108308 -0.00257434
v -0.001323243 -0.0008517999 -0.002351015
v -0.001182191 -0.0008664135 -0.002112674
v -0.0009991196 -0.0008664135 -0.00180333
v -0.0009025658 -0.0007900114 -0.00164018
v -0.001995149 -0.0006878924 -0.003119763
v -0.002162727 -0.0005900719 -0.003090505
v -0.002261669 -0.0004289054 -0.003077058
v -0.001834789 -0.0006984946 -0.002843217
v -0.001637997 -0.0007828985 -0.002466284
v -0.001514956 -0.0008224712 -0.002237557
v -0.001377159 -0.0008365875 -0.001997291
v -0.001194088 -0.0008365875 -0.001687947
v -0.001080517 -0.0007627885 -0.001534867
v -0.002286003 -0.0004801553 -0.003017549
v -0.00234635 -0.0003006694 -0.003026943
v -0.00214488 -0.0006158255 -0.003031151
v -0.001986797 -0.0006253307 -0.002753258
v -0.001808142 -0.0007010055 -0.002365591
v -0.001693605 -0.0007364854 -0.002131832
v -0.001558841 -0.0007491417 -0.00188977
v -0.00137577 -0.0007491417 -0.001580425
v -0.00124634 -0.0006829746 -0.001436731
v -0.002273455 -0.0005011825 -0.002955059
v -0.00211733 -0.0005089442 -0.002676007
v -0.001954249 -0.0005707312 -0.002279124
v -0.001847013 -0.0005997011 -0.002041044
v -0.001714855 -0.0006100348 -0.00179744
v -0.001531783 -0.0006100348 -0.001488096
v -0.001388737 -0.0005560101 -0.001352461
v -0.002380597 -0.0003369084 -0.002961568
v -0.002399583 -0.0001513366 -0.00299544
v -0.002372115 -0.0003517779 -0.002896671
v -0.00244006 -0.0001700948 -0.002926377
v -0.002417739 8.918431E-06 -0.002984694
v -0.001651497 -0.0004287475 -0.001417248
v -0.001498001 -0.0003905467 -0.001287797
v -0.001834569 -0.0004287475 -0.001726592
v -0.002217491 -0.0003572656 -0.002616731
v -0.002460342 8.918431E-06 -0.002914374
v -0.002399583 0.0001691724 -0.00299544
v -0.002434135 -0.0001777915 -0.002859967
v -0.001726752 -0.0002176343 -0.001372712
v -0.001566688 -0.00019786 -0.001247147
v -0.002066361 -0.0004009557 -0.002212776
v -0.00244006 0.0001879317 -0.002926377
v -0.00234635 0.0003185063 -0.003026943
v -0.002280454 -0.0001806325 -0.002579469
v -0.00245529 8.918431E-06 -0.002847447
v -0.001964728 -0.000421441 -0.00197138
v -0.002380596 0.0003547453 -0.002961568
v -0.002261669 0.0004467423 -0.003077058
v -0.002434135 0.0001956283 -0.002859967
v -0.002136836 -0.0002032488 -0.002171067
v -0.00230193 8.918431E-06 -0.002566759
v -0.002038727 -0.0002138516 -0.001927586
v -0.002286003 0.0004979912 -0.003017549
v -0.002151312 0.0005451399 -0.003142369
v -0.002372115 0.0003696136 -0.002896671
v -0.002160875 8.918431E-06 -0.002156841
v -0.002280454 0.0001984688 -0.002579469
v -0.001909824 -0.0002176343 -0.001682056
v -0.002162727 0.0006079077 -0.003090505
v -0.002022797 0.0006069962 -0.003218425
v -0.002273455 0.0005190193 -0.002955058
v -0.002217491 0.0003751019 -0.002616731
v -0.002136836 0.0002210846 -0.002171067
v -0.002063967 8.918431E-06 -0.001912649
v -0.001935492 8.918431E-06 -0.001666865
v -0.00201917 0.0006770043 -0.003175463
v -0.001884884 0.0006280941 -0.003300042
v -0.00214488 0.0006336613 -0.003031151
v -0.00211733 0.0005267801 -0.002676007
v -0.00206636 0.0004187925 -0.002212776
v -0.002038727 0.0002316884 -0.001927586
v -0.001752419 8.918431E-06 -0.001357521
v -0.001590115 8.918431E-06 -0.001233283
v -0.001909823 0.0002354711 -0.001682057
v -0.001726751 0.0002354711 -0.001372712
v -0.001566687 0.0002156963 -0.001247148
v -0.001964728 0.0004392773 -0.00197138
v -0.001954248 0.0005885682 -0.002279124
v -0.001834569 0.0004465844 -0.001726592
v -0.001651497 0.0004465844 -0.001417248
v -0.001498001 0.0004083825 -0.001287797
v -0.001847013 0.0006175379 -0.002041044
v -0.001986797 0.0006431675 -0.002753258
v -0.001714855 0.0006278716 -0.00179744
v -0.001531783 0.0006278716 -0.001488096
v -0.001388737 0.0005738469 -0.001352461
v -0.001808142 0.0007188413 -0.002365591
v -0.001995149 0.0007057292 -0.003119763
v -0.001693605 0.0007543216 -0.002131832
v -0.001558841 0.0007669785 -0.00188977
v -0.001375769 0.0007669785 -0.001580425
v -0.00124634 0.0007008116 -0.001436731
v -0.001834789 0.0007163314 -0.002843217
v -0.001865114 0.0007005721 -0.003266635
v -0.00174697 0.0006069962 -0.00338166
v -0.001637997 0.0008007343 -0.002466284
v -0.001514956 0.0008403074 -0.002237557
v -0.001377159 0.0008544244 -0.001997291
v -0.001194088 0.0008544244 -0.001687947
v -0.001080517 0.0007806247 -0.001534867
v -0.001834468 0.0007303099 -0.003214854
v -0.001711056 0.0006770043 -0.003357806
v -0.001618456 0.000545141 -0.003457717
v -0.001671664 0.000741286 -0.002939755
v -0.001455409 0.0008286667 -0.00257434
v -0.001323243 0.0008696356 -0.002351015
v -0.001182191 0.0008842503 -0.002112674
v -0.0009991196 0.0008842503 -0.00180333
v -0.0009025658 0.0008078477 -0.00164018
v -0.001567499 0.0006079077 -0.003442765
v -0.001508098 0.0004467423 -0.003523027
v -0.001673788 0.0007057292 -0.003309945
v -0.001508539 0.0007163314 -0.003036294
v -0.00127282 0.0008007343 -0.002682397
v -0.001131529 0.000840308 -0.002464471
v -0.0009872224 0.0008544244 -0.002228057
v -0.0008041512 0.0008544244 -0.001918713
v -0.0007246153 0.0007806247 -0.001745492
v -0.001524058 0.0006336613 -0.003398557
v -0.00135653 0.0006431675 -0.003126253
v -0.001102675 0.0007188413 -0.00278309
v -0.0009528812 0.0007543222 -0.002570197
v -0.0008055415 0.0007669785 -0.002335578
v -0.0006224692 0.0007669785 -0.002026234
v -0.000558791 0.0007008116 -0.001843628
v -0.001444223 0.0004979912 -0.003515721
v -0.001423417 0.0003185063 -0.003573142
v -0.001395482 0.0005190193 -0.003474649
v -0.001349629 0.0003547453 -0.003571701
v -0.001370184 0.0001691724 -0.003604645
v -0.0004664557 0.0006278716 -0.002118564
v -0.0004163951 0.0005738469 -0.001927899
v -0.000649527 0.0006278716 -0.002427908
v -0.001225997 0.0005267806 -0.003203503
v -0.001290166 0.0001879317 -0.003606892
v -0.001352028 8.918431E-06 -0.00361539
v -0.001269884 8.918431E-06 -0.003618895
v -0.001296822 0.0003696136 -0.003533037
v -0.001234801 0.0001956283 -0.003569741
v -0.001213648 8.918431E-06 -0.003582259
v -0.000956569 0.0005885682 -0.002869557
v -0.001125837 0.0003751019 -0.003262779
v -0.001062872 0.0001984688 -0.003300042
v -0.001041397 8.918431E-06 -0.003312752
v -0.0007994719 0.0006175379 -0.002660986
v -0.0008444574 0.0004187925 -0.002935906
v -0.0007739807 0.0002210846 -0.002977614
v -0.0007499424 8.918431E-06 -0.00299184
v -0.0006817572 0.0004392773 -0.00273065
v -0.0006077586 0.0002316884 -0.002774443
v -0.0005825193 8.918431E-06 -0.00278938
v -0.000529814 0.0004465844 -0.002498755
v -0.0004545585 0.0002354711 -0.002543291
v -0.0004288911 8.918431E-06 -0.002558483
v -0.0003467417 0.0004465844 -0.002189411
v -0.0003071307 0.000408383 -0.001992562
v -0.0002714873 0.0002354711 -0.002233947
v -0.0002458188 8.918431E-06 -0.002249139
v -0.0002384446 0.0002156963 -0.002033211
v -0.0002150167 8.918431E-06 -0.002047076
v -0.001552625 0.0001300873 -0.003626508
v -0.001459941 8.918431E-06 -0.003482285
v -0.001538898 8.918431E-06 -0.003634632
v -0.001473387 0.0001275918 -0.003474328
v -0.001592875 0.0002429976 -0.003602688
v -0.001512807 0.0002381768 -0.003450999
v -0.001656902 0.0003399569 -0.003564797
v -0.001575515 0.0003331389 -0.003413887
v -0.001740343 0.0004143562 -0.003515415
v -0.001657238 0.0004060054 -0.003365524
v -0.001837513 0.0004611247 -0.003457909
v -0.001752407 0.0004518122 -0.003309202
v -0.00194179 0.0004770768 -0.003396199
v -0.001854536 0.0004674351 -0.003248761
v -0.002046066 0.0004611247 -0.003334487
v -0.001956663 0.0004518122 -0.003188321
v -0.002143236 0.0004143552 -0.003276981
v -0.002051833 0.0004060054 -0.003132
v -0.002226677 0.0003399569 -0.0032276
v -0.002133555 0.0003331389 -0.003083636
v -0.002290704 0.0002429976 -0.003189708
v -0.002196264 0.0002381768 -0.003046524
v -0.002330953 0.0001300862 -0.003165888
v -0.002235684 0.0001275908 -0.003023195
v -0.002344682 8.918431E-06 -0.003157764
v -0.002249131 8.918431E-06 -0.003015238
v -0.002330953 -0.0001122504 -0.003165888
v -0.002235684 -0.0001097549 -0.003023195
v -0.002290704 -0.0002251607 -0.003189708
v -0.002196265 -0.0002203399 -0.003046524
v -0.002226677 -0.00032212 -0.0032276
v -0.002133555 -0.000315302 -0.003083636
v -0.002143236 -0.0003965194 -0.003276981
v -0.002051833 -0.0003881696 -0.003132
v -0.002046066 -0.0004432889 -0.003334487
v -0.001956663 -0.0004339753 -0.003188321
v -0.001941789 -0.000459241 -0.003396199
v -0.001854536 -0.0004495993 -0.003248761
v -0.001837513 -0.0004432889 -0.003457909
v -0.001752407 -0.0004339753 -0.003309202
v -0.001740343 -0.0003965194 -0.003515415
v -0.001657238 -0.0003881686 -0.003365524
v -0.001656902 -0.00032212 -0.003564796
v -0.001575515 -0.000315302 -0.003413887
v -0.001592875 -0.0002251607 -0.003602688
v -0.001512807 -0.0002203399 -0.003450999
v -0.001552625 -0.0001122504 -0.003626508
v -0.001473387 -0.0001097549 -0.003474328
v -0.001538898 8.918431E-06 -0.003634632
v -0.001459941 8.918431E-06 -0.003482285
v 0.001248976 8.91846E-06 -0.003618896
v 0.001349277 -0.0001513365 -0.003604646
v 0.00133112 8.918462E-06 -0.00361539
v 0.001269258 -0.0001700948 -0.003606893
v 0.00140251 -0.0003006694 -0.003573142
v 0.001192741 8.918459E-06 -0.00358226
v 0.001328721 -0.0003369084 -0.003571701
v 0.00148719 -0.0004289054 -0.003523027
v 0.001213894 -0.0001777914 -0.003569741
v 0.00102049 8.918455E-06 -0.003312752
v 0.001423314 -0.0004801553 -0.003515722
v 0.001597549 -0.0005273041 -0.003457717
v 0.001041965 -0.0001806319 -0.003300042
v 0.0007290352 8.91845E-06 -0.002991841
v 0.001275914 -0.0003517768 -0.003533037
v 0.001546591 -0.0005900718 -0.003442765
v 0.001726063 -0.0005891604 -0.003381661
v 0.0007530736 -0.0002032477 -0.002977614
v 0.0005616121 8.918446E-06 -0.00278938
v 0.001104929 -0.0003572651 -0.00326278
v 0.001374575 -0.0005011825 -0.003474649
v 0.001690149 -0.0006591685 -0.003357807
v 0.001863976 -0.0006102582 -0.003300044
v 0.0005868515 -0.0002138515 -0.002774443
v 0.000407984 8.918442E-06 -0.002558483
v 0.0008235502 -0.0004009557 -0.002935906
v 0.00120509 -0.0005089442 -0.003203504
v 0.001503151 -0.0006158255 -0.003398557
v 0.001844205 -0.0006827353 -0.003266635
v 0.00200189 -0.0005891604 -0.003218425
v 0.0004336515 -0.0002176343 -0.002543291
v 0.0002249118 8.918438E-06 -0.002249139
v 0.0006608501 -0.0004214405 -0.00273065
v 0.0009356619 -0.0005707312 -0.002869557
v 0.001335623 -0.0006253307 -0.003126254
v 0.00165288 -0.0006878924 -0.003309946
v 0.001998262 -0.0006591684 -0.003175464
v 0.002130405 -0.0005273041 -0.003142369
v 0.0002505793 -0.0002176343 -0.002233947
v 0.0001941098 8.918438E-06 -0.002047076
v 0.0002175377 -0.0001978595 -0.002033211
v 0.001813561 -0.000712473 -0.003214855
v 0.001487631 -0.0006984946 -0.003036294
v 0.00214182 -0.0005900718 -0.003090505
v 0.002240762 -0.0004289054 -0.003077059
v 0.000508907 -0.0004287475 -0.002498755
v 0.0003258348 -0.0004287475 -0.002189411
v 0.0002862237 -0.0003905467 -0.001992562
v 0.001974241 -0.0006878923 -0.003119763
v 0.002265096 -0.0004801553 -0.003017549
v 0.002325443 -0.0003006694 -0.003026944
v 0.0007785649 -0.0005997011 -0.002660986
v 0.00062862 -0.0006100348 -0.002427908
v 0.0004455488 -0.0006100348 -0.002118564
v 0.0003954883 -0.0005560101 -0.001927899
v 0.001081768 -0.0007010045 -0.002783091
v 0.0009319741 -0.0007364854 -0.002570197
v 0.0007846334 -0.0007491417 -0.002335578
v 0.0006015623 -0.0007491417 -0.002026234
v 0.0005378842 -0.0006829746 -0.001843628
v 0.001251913 -0.0007828985 -0.002682397
v 0.001110622 -0.0008224712 -0.002464472
v 0.0009663154 -0.0008365875 -0.002228058
v 0.0007832433 -0.0008365875 -0.001918714
v 0.0007037084 -0.0007627885 -0.001745492
v 0.001650756 -0.0007234496 -0.002939756
v 0.001434501 -0.0008108308 -0.002574341
v 0.001302336 -0.0008517999 -0.002351015
v 0.001161284 -0.0008664135 -0.002112675
v 0.0009782127 -0.0008664135 -0.00180333
v 0.000881659 -0.0007900114 -0.00164018
v 0.001813881 -0.0006984946 -0.002843218
v 0.00161709 -0.0007828985 -0.002466284
v 0.001494049 -0.0008224712 -0.002237558
v 0.001356252 -0.0008365875 -0.001997291
v 0.001173181 -0.0008365875 -0.001687947
v 0.00105961 -0.0007627885 -0.001534868
v 0.002123972 -0.0006158254 -0.003031152
v 0.00196589 -0.0006253307 -0.002753258
v 0.001787234 -0.0007010055 -0.002365592
v 0.001672698 -0.0007364854 -0.002131833
v 0.001537934 -0.0007491417 -0.001889771
v 0.001354863 -0.0007491417 -0.001580426
v 0.001225433 -0.0006829746 -0.001436732
v 0.002252548 -0.0005011825 -0.00295506
v 0.002096422 -0.0005089442 -0.002676008
v 0.001933342 -0.0005707312 -0.002279124
v 0.001826106 -0.0005997011 -0.002041044
v 0.001693948 -0.0006100348 -0.00179744
v 0.001510877 -0.0006100348 -0.001488096
v 0.00136783 -0.00055601 -0.001352461
v 0.00235969 -0.0003369084 -0.002961569
v 0.002378676 -0.0001513365 -0.002995441
v 0.002351208 -0.0003517778 -0.002896672
v 0.002419153 -0.0001700947 -0.002926378
v 0.002396832 8.918486E-06 -0.002984695
v 0.00163059 -0.0004287475 -0.001417249
v 0.001477094 -0.0003905467 -0.001287797
v 0.001813662 -0.0004287475 -0.001726593
v 0.002196584 -0.0003572655 -0.002616731
v 0.002413228 -0.0001777914 -0.002859967
v 0.002439435 8.918487E-06 -0.002914375
v 0.002378676 0.0001691725 -0.002995441
v 0.001705845 -0.0002176342 -0.001372712
v 0.001545781 -0.0001978599 -0.001247148
v 0.002045454 -0.0004009556 -0.002212776
v 0.002259547 -0.0001806324 -0.002579469
v 0.002434382 8.918487E-06 -0.002847448
v 0.002419153 0.0001879317 -0.002926378
v 0.002325443 0.0003185064 -0.003026944
v 0.001943821 -0.000421441 -0.00197138
v 0.002115929 -0.0002032487 -0.002171068
v 0.002281023 8.918483E-06 -0.002566759
v 0.002413228 0.0001956284 -0.002859967
v 0.002359689 0.0003547453 -0.002961569
v 0.002240762 0.0004467423 -0.003077059
v 0.00201782 -0.0002138515 -0.001927587
v 0.002139968 8.91848E-06 -0.002156842
v 0.002259547 0.0001984689 -0.00257947
v 0.002351207 0.0003696137 -0.002896672
v 0.002265096 0.0004979912 -0.003017549
v 0.002130405 0.00054514 -0.003142369
v 0.001888917 -0.0002176342 -0.001682056
v 0.00204306 8.918478E-06 -0.00191265
v 0.002115929 0.0002210847 -0.002171068
v 0.002196584 0.0003751019 -0.002616731
v 0.002252548 0.0005190193 -0.002955059
v 0.00214182 0.0006079077 -0.003090505
v 0.00200189 0.0006069962 -0.003218425
v 0.001914585 8.918475E-06 -0.001666866
v 0.00201782 0.0002316885 -0.001927587
v 0.002045453 0.0004187926 -0.002212776
v 0.002096422 0.0005267801 -0.002676008
v 0.002123972 0.0006336613 -0.003031152
v 0.001998262 0.0006770045 -0.003175464
v 0.001863976 0.0006280942 -0.003300043
v 0.001731512 8.918471E-06 -0.001357522
v 0.001569208 8.918467E-06 -0.001233284
v 0.001888916 0.0002354712 -0.001682057
v 0.001705844 0.0002354712 -0.001372712
v 0.00154578 0.0002156964 -0.001247148
v 0.001844206 0.0007005722 -0.003266635
v 0.001726063 0.0006069962 -0.003381661
v 0.001974241 0.0007057292 -0.003119763
v 0.001943821 0.0004392774 -0.00197138
v 0.001813662 0.0004465844 -0.001726593
v 0.00163059 0.0004465844 -0.001417249
v 0.001477094 0.0004083825 -0.001287797
v 0.001690149 0.0006770043 -0.003357807
v 0.001597549 0.000545141 -0.003457717
v 0.001933341 0.0005885682 -0.002279124
v 0.001826106 0.000617538 -0.002041044
v 0.001693948 0.0006278717 -0.00179744
v 0.001510876 0.0006278717 -0.001488096
v 0.00136783 0.0005738469 -0.001352461
v 0.00196589 0.0006431676 -0.002753258
v 0.001787234 0.0007188414 -0.002365592
v 0.001672698 0.0007543216 -0.002131833
v 0.001537934 0.0007669785 -0.001889771
v 0.001354862 0.0007669785 -0.001580426
v 0.001225433 0.0007008116 -0.001436732
v 0.001813881 0.0007163315 -0.002843218
v 0.00161709 0.0008007343 -0.002466284
v 0.001494049 0.0008403074 -0.002237558
v 0.001356252 0.0008544244 -0.001997291
v 0.001173181 0.0008544244 -0.001687947
v 0.00105961 0.0007806247 -0.001534868
v 0.001813561 0.00073031 -0.003214855
v 0.001650757 0.000741286 -0.002939756
v 0.001434501 0.0008286667 -0.002574341
v 0.001302336 0.0008696356 -0.002351015
v 0.001161284 0.0008842503 -0.002112675
v 0.0009782127 0.0008842503 -0.00180333
v 0.000881659 0.0008078477 -0.00164018
v 0.00165288 0.0007057292 -0.003309946
v 0.001487631 0.0007163314 -0.003036294
v 0.001251913 0.0008007343 -0.002682397
v 0.001110622 0.000840308 -0.002464472
v 0.0009663154 0.0008544244 -0.002228058
v 0.0007832443 0.0008544244 -0.001918714
v 0.0007037084 0.0007806247 -0.001745492
v 0.001546591 0.0006079077 -0.003442765
v 0.00148719 0.0004467423 -0.003523027
v 0.001503151 0.0006336613 -0.003398557
v 0.001423315 0.0004979912 -0.003515722
v 0.00140251 0.0003185064 -0.003573142
v 0.0006015622 0.0007669785 -0.002026234
v 0.0005378841 0.0007008116 -0.001843628
v 0.0007846345 0.0007669785 -0.002335578
v 0.001335623 0.0006431676 -0.003126254
v 0.001374574 0.0005190193 -0.003474649
v 0.001328721 0.0003547453 -0.003571701
v 0.001349277 0.0001691724 -0.003604646
v 0.0004455487 0.0006278716 -0.002118564
v 0.0003954882 0.0005738469 -0.001927899
v 0.001081768 0.0007188413 -0.002783091
v 0.00120509 0.0005267806 -0.003203504
v 0.001275914 0.0003696137 -0.003533037
v 0.001269258 0.0001879317 -0.003606893
v 0.00133112 8.918462E-06 -0.00361539
v 0.001248976 8.91846E-06 -0.003618896
v 0.001213894 0.0001956284 -0.003569741
v 0.001192741 8.918459E-06 -0.00358226
v 0.0009319741 0.0007543222 -0.002570197
v 0.0009356619 0.0005885682 -0.002869557
v 0.001104929 0.0003751019 -0.00326278
v 0.001041965 0.0001984689 -0.003300042
v 0.00102049 8.918455E-06 -0.003312752
v 0.0007785649 0.000617538 -0.002660986
v 0.0008235502 0.0004187925 -0.002935906
v 0.0007530736 0.0002210846 -0.002977614
v 0.0007290352 8.91845E-06 -0.002991841
v 0.0006286199 0.0006278716 -0.002427908
v 0.00066085 0.0004392773 -0.00273065
v 0.0005868515 0.0002316884 -0.002774443
v 0.0005616121 8.918446E-06 -0.00278938
v 0.0005089069 0.0004465844 -0.002498755
v 0.0004336515 0.0002354712 -0.002543291
v 0.000407984 8.918442E-06 -0.002558483
v 0.0003258348 0.0004465844 -0.002189411
v 0.0002862237 0.000408383 -0.001992562
v 0.0002505803 0.0002354711 -0.002233947
v 0.0002249118 8.918438E-06 -0.002249139
v 0.0002175376 0.0002156963 -0.002033211
v 0.0001941098 8.918438E-06 -0.002047076
v 0.001439034 8.918465E-06 -0.003482285
v 0.001531718 0.0001300873 -0.003626508
v 0.00151799 8.918466E-06 -0.003634632
v 0.001452479 0.0001275918 -0.003474328
v 0.001571968 0.0002429976 -0.003602688
v 0.001491899 0.0002381769 -0.003451
v 0.001635994 0.0003399569 -0.003564798
v 0.001554608 0.0003331389 -0.003413888
v 0.001719435 0.0004143562 -0.003515416
v 0.001636331 0.0004060054 -0.003365524
v 0.001816606 0.0004611247 -0.00345791
v 0.0017315 0.0004518123 -0.003309202
v 0.001920883 0.0004770768 -0.003396199
v 0.001833629 0.0004674352 -0.003248762
v 0.002025158 0.0004611247 -0.003334488
v 0.001935756 0.0004518123 -0.003188322
v 0.002122329 0.0004143552 -0.003276981
v 0.002030925 0.0004060054 -0.003132001
v 0.00220577 0.0003399569 -0.003227601
v 0.002112648 0.0003331389 -0.003083636
v 0.002269797 0.0002429977 -0.003189709
v 0.002175356 0.0002381769 -0.003046524
v 0.002310045 0.0001300863 -0.003165889
v 0.002214777 0.0001275908 -0.003023196
v 0.002323775 8.918484E-06 -0.003157765
v 0.002228223 8.918482E-06 -0.003015239
v 0.002310045 -0.0001122504 -0.003165889
v 0.002214777 -0.0001097549 -0.003023196
v 0.002269797 -0.0002251607 -0.003189709
v 0.002175357 -0.0002203399 -0.003046524
v 0.00220577 -0.00032212 -0.003227601
v 0.002112648 -0.000315302 -0.003083636
v 0.002122329 -0.0003965193 -0.003276981
v 0.002030925 -0.0003881696 -0.003132001
v 0.002025158 -0.0004432888 -0.003334488
v 0.001935756 -0.0004339753 -0.003188322
v 0.001920882 -0.0004592409 -0.003396199
v 0.001833629 -0.0004495993 -0.003248762
v 0.001816606 -0.0004432888 -0.00345791
v 0.0017315 -0.0004339753 -0.003309202
v 0.001719435 -0.0003965193 -0.003515416
v 0.001636331 -0.0003881685 -0.003365524
v 0.001635994 -0.00032212 -0.003564797
v 0.001554608 -0.000315302 -0.003413888
v 0.001571968 -0.0002251607 -0.003602688
v 0.0014919 -0.0002203399 -0.003451
v 0.001531718 -0.0001122504 -0.003626508
v 0.001452479 -0.0001097549 -0.003474328
v 0.00151799 8.918466E-06 -0.003634632
v 0.001439034 8.918465E-06 -0.003482285
v 0.00278851 0.000273083 -0.0007818672
v 0.002586357 0.0005292796 -0.0008760362
v 0.002649425 0.0002348482 -0.0009016925
v 0.002717811 0.0005656107 -0.0007524779
v 0.002408728 0.0008030268 -0.0008037772
v 0.002875447 0.0002809246 -0.0005829736
v 0.002518693 0.000869606 -0.0006697067
v 0.002145384 0.0009294281 -0.0006966498
v 0.002802401 0.0005796201 -0.0005554107
v 0.002928208 0.0005975731 -0.0004164356
v 0.003008631 0.0002819918 -0.000445874
v 0.003152622 0.000282976 -0.0001778156
v 0.00306461 0.000623402 -0.0001544434
v 0.003227876 0.0002852521 8.174867E-05
v 0.002701706 0.0009230012 -0.0003335231
v 0.002596673 0.000889349 -0.0004777858
v 0.00222349 0.001009974 -0.0005469954
v 0.001907676 0.000989345 -0.0004157156
v 0.001863654 0.0009108529 -0.000582042
v 0.002291673 0.001032363 -0.0003627014
v 0.001642376 0.0007763599 -0.0003054339
v 0.001626985 0.0007190602 -0.0004857662
v 0.002365906 0.001073265 -0.0002106056
v 0.001965379 0.001011345 -0.0002395841
v 0.002006662 0.001051181 -7.91049E-05
v 0.001470233 0.0004481131 -0.0002338773
v 0.00147342 0.000423475 -0.0004232967
v 0.001458546 7.160623E-05 -0.0004172459
v 0.00145356 5.736529E-05 -0.0002269459
v 0.001496195 6.178855E-05 -6.254882E-05
v 0.001691276 0.0007943423 -0.0001361594
v 0.001513422 0.0004599047 -6.9049E-05
v 0.001509066 0.0004717895 0.0001030397
v 0.001490099 5.34939E-05 0.0001099813
v 0.001490809 4.070372E-05 0.0002635056
v 0.00170488 0.000823179 3.135979E-05
v 0.001511565 0.0004886905 0.0002579939
v 0.001725855 0.0008650215 0.0002010852
v 0.001523933 0.0004945575 0.0004040158
v 0.001502382 3.925057E-05 0.0004080921
v 0.001506207 4.062837E-05 0.0005494207
v 0.002056112 0.001109207 0.0001133808
v 0.001746435 0.0008770379 0.0003619352
v 0.002449252 0.001132858 8.975863E-06
v 0.002089347 0.001125214 0.0002970797
v 0.002497553 0.001149251 0.0002198762
v 0.002816737 0.0009719294 -8.861631E-05
v 0.002103587 0.001123239 0.0004796481
v 0.00175459 0.0008758293 0.0005204114
v 0.002879119 0.0009856926 0.0001477098
v 0.003136492 0.0006314703 9.903222E-05
v 0.002519034 0.001147203 0.0004311248
v 0.003169309 0.0006310201 0.0003551733
v 0.003262314 0.0002856447 0.0003443098
v 0.003259733 0.0002874362 0.0009754991
v 0.00290737 0.0009841485 0.0003857678
v 0.003167917 0.0006270104 0.0009754997
v 0.002909326 0.0009747453 0.0009754997
v 0.003131836 0.0006112413 0.001331676
v 0.00321993 0.0002853074 0.001331675
v 0.002525953 0.001135309 0.0009754997
v 0.002883727 0.0009462952 0.001331676
v 0.003080551 0.0005899461 0.001486239
v 0.003164129 0.0002824325 0.001486294
v 0.00317291 0.0002840761 0.001656063
v 0.002115815 0.001111711 0.0009754997
v 0.002515893 0.001101003 0.001331676
v 0.003086741 0.0006021206 0.001656002
v 0.003209861 0.0002878229 0.002054172
v 0.002845158 0.0009079032 0.001486037
v 0.001771279 0.0008680806 0.0009754997
v 0.00212238 0.001078266 0.001331676
v 0.002496145 0.001054797 0.001485583
v 0.002844065 0.0009298177 0.0016558
v 0.00311782 0.0006298748 0.002049577
v 0.00152814 0.0004945299 0.0005468583
v 0.001547724 0.0004926049 0.0009754997
v 0.001526071 4.563602E-05 0.0009754997
v 0.001791809 0.0008435202 0.001331676
v 0.001577317 0.0004817376 0.001331676
v 0.001556541 5.106966E-05 0.001331676
v 0.002122701 0.00103333 0.001484985
v 0.00248432 0.001081093 0.001655429
v 0.001605264 0.000467186 0.00148418
v 0.001585539 5.834545E-05 0.001484154
v 0.001808904 0.0008105881 0.001484476
v 0.001566479 0.0004754118 0.001654556
v 0.001546162 5.42326E-05 0.001654543
v 0.002099492 0.001058821 0.001655014
v 0.001776231 0.0008292283 0.001654714
v 0.002858595 0.0009799136 0.002036639
v 0.001493655 0.0004945786 0.001968509
v 0.001471948 4.464919E-05 0.001967426
v 0.002474281 0.001141541 0.002017458
v 0.001717758 0.0008725418 0.001979695
v 0.001474552 0.0004985259 0.00213974
v 0.001452631 4.267549E-05 0.00213631
v 0.002063138 0.001117787 0.001996936
v 0.00146424 0.0005009535 0.00231856
v 0.001442529 4.137645E-05 0.002313355
v 0.001440957 4.331084E-05 0.002462393
v 0.00170086 0.0008814624 0.002175148
v 0.00204964 0.001129934 0.002229712
v 0.00246483 0.001154001 0.00229467
v 0.001688421 0.0008870109 0.002372383
v 0.001462004 0.0004966791 0.002468826
v 0.00203396 0.001137497 0.002455223
v 0.002852926 0.0009902465 0.002355387
v 0.001470034 0.0004882757 0.002646162
v 0.001450438 4.200991E-05 0.002638384
v 0.001425039 4.640714E-05 0.002900565
v 0.00167934 0.0008775118 0.002535421
v 0.002445383 0.001161748 0.002553808
v 0.003114702 0.0006356022 0.002396341
v 0.003207649 0.0002885962 0.002410883
v 0.002014367 0.001124597 0.002637841
v 0.001672186 0.0008630653 0.002726072
v 0.001444035 0.0004766969 0.00290775
v 0.002830009 0.000996659 0.002645978
v 0.003089477 0.0006391465 0.00270815
v 0.003181609 0.0002893943 0.002730224
v 0.002413369 0.001148507 0.002759699
v 0.001983373 0.001106093 0.002849562
v 0.003038136 0.0006330016 0.002950502
v 0.003127514 0.0002881495 0.002977794
v 0.002786434 0.0009856531 0.002873644
v 0.002931083 0.0006220139 0.003227147
v 0.003013675 0.0002832888 0.00326008
v 0.002698404 0.0009690356 0.003134368
v 0.002867192 0.0006080693 0.003447039
v 0.002947966 0.0002807301 0.003477362
v 0.00163851 0.0008393535 0.002982064
v 0.002353148 0.001129424 0.002996779
v 0.002639576 0.0009449125 0.003361457
v 0.002712185 0.0005585628 0.003731153
v 0.002784711 0.0002738227 0.003754165
v 0.001939933 0.001076413 0.00309679
v 0.002301345 0.001100464 0.003233713
v 0.002507919 0.0008553163 0.00366634
v 0.00255362 0.0004829451 0.003860537
v 0.002613541 0.0002584076 0.003878661
v 0.002384859 0.0007237257 0.00380949
v 0.002134663 0.0008349044 0.003733813
v 0.002205087 0.0009923393 0.00357025
v 0.001881112 0.0009722016 0.003467455
v 0.001867 0.0008185647 0.003652853
v 0.001608957 0.0007642898 0.0033811
v 0.00164215 0.0006498682 0.003584842
v 0.001432367 0.0004438623 0.00332507
v 0.001496254 0.0003898796 0.003540711
v 0.001415263 6.242395E-05 0.003319642
v 0.001482122 8.038684E-05 0.003536436
v 0.00145356 5.736529E-05 -0.0002269459
v 0.001559752 -0.0002572986 -0.0004584157
v 0.001458546 7.160623E-05 -0.0004172459
v 0.00156701 -0.0003078821 -0.0002741051
v 0.001778936 -0.0004791494 -0.0005475795
v 0.001613409 -0.0003103478 -0.0001067778
v 0.001496195 6.178855E-05 -6.254882E-05
v 0.001812709 -0.0005542471 -0.0003762391
v 0.002051475 -0.0005702134 -0.000658448
v 0.00161915 -0.000337505 6.274134E-05
v 0.001490099 5.34939E-05 0.0001099813
v 0.001490809 4.070372E-05 0.0002635056
v 0.001867261 -0.0005613587 -0.0002025625
v 0.001898636 -0.0006012394 -3.956318E-05
v 0.001632036 -0.0003780481 0.0002260008
v 0.002182908 -0.0006643938 -0.0003216609
v 0.002118218 -0.0006553739 -0.0005032354
v 0.002423726 -0.0005542452 -0.0006302309
v 0.00232401 -0.0004791469 -0.0007693148
v 0.002498555 -0.0005613587 -0.0004407635
v 0.002246158 -0.0007094966 -0.0001667723
v 0.002669423 -0.0003078806 -0.0007323637
v 0.002543192 -0.0002572955 -0.000858477
v 0.002634728 -4.62905E-06 -0.0008957132
v 0.002752406 -0.0003103474 -0.0005365476
v 0.002772034 -2.729482E-05 -0.000775018
v 0.002649425 0.0002348482 -0.0009016925
v 0.00278851 0.000273083 -0.0007818672
v 0.002858423 -2.446994E-05 -0.0005765492
v 0.002875447 0.0002809246 -0.0005829736
v 0.00259368 -0.0006012394 -0.0002939808
v 0.001937893 -0.0006605023 0.0001447752
v 0.002873166 -0.000337505 -0.000396288
v 0.002989888 -3.713682E-05 -0.0004390118
v 0.003008631 0.0002819918 -0.000445874
v 0.003152622 0.000282976 -0.0001778156
v 0.00313211 -5.635996E-05 -0.0001723683
v 0.003206578 -5.939918E-05 8.577674E-05
v 0.003227876 0.0002852521 8.174867E-05
v 0.003262314 0.0002856447 0.0003443098
v 0.003004374 -0.0003780481 -0.0001384473
v 0.003240639 -5.771685E-05 0.0003468418
v 0.003259733 0.0002874362 0.0009754991
v 0.003238335 -5.120682E-05 0.0009754997
v 0.00321993 0.0002853074 0.001331675
v 0.003105655 -0.0003836522 0.0003626087
v 0.003073947 -0.0003863438 0.0001108617
v 0.002698518 -0.0006605023 -5.722105E-05
v 0.003199399 -4.224174E-05 0.001331676
v 0.003164129 0.0002824325 0.001486294
v 0.003105076 -0.0003721642 0.0009754997
v 0.002318205 -0.0007764437 4.377693E-05
v 0.002782443 -0.0006698359 0.0004003584
v 0.00275637 -0.0006734135 0.0001709247
v 0.003144652 -3.013179E-05 0.001486283
v 0.00317291 0.0002840761 0.001656063
v 0.002361484 -0.0007912495 0.0002456111
v 0.003071542 -0.0003514938 0.001331676
v 0.002785996 -0.0006539762 0.0009754997
v 0.002380552 -0.000787308 0.0004473007
v 0.001966598 -0.0006734135 0.0003202957
v 0.001649021 -0.0003863438 0.0003803587
v 0.001502382 3.925057E-05 0.0004080921
v 0.00197866 -0.0006698359 0.0004942402
v 0.001655448 -0.0003836522 0.0005319911
v 0.001506207 4.062837E-05 0.0005494207
v 0.00238924 -0.0007696545 0.0009754997
v 0.001992485 -0.0006539765 0.0009754997
v 0.001673403 -0.0003721642 0.0009754997
v 0.001526071 4.563602E-05 0.0009754997
v 0.002765395 -0.0006230284 0.001331676
v 0.002384722 -0.0007344885 0.001331676
v 0.002004049 -0.0006230284 0.001331676
v 0.001697901 -0.0003514938 0.001331676
v 0.001556541 5.106966E-05 0.001331676
v 0.003023348 -0.000323582 0.001486199
v 0.002732886 -0.0005812919 0.001485903
v 0.002371677 -0.0006871591 0.001485397
v 0.002010378 -0.000581478 0.001484799
v 0.001719753 -0.0003237963 0.00148434
v 0.001585539 5.834545E-05 0.001484154
v 0.003027766 -0.0003395346 0.001655959
v 0.002728333 -0.0006050917 0.001655685
v 0.002356039 -0.0007140652 0.001655289
v 0.001983777 -0.0006050299 0.001654901
v 0.001684399 -0.0003394628 0.001654639
v 0.001546162 5.42326E-05 0.001654543
v 0.001619643 -0.0003759187 0.001974798
v 0.001471948 4.464919E-05 0.001967426
v 0.001452631 4.267549E-05 0.00213631
v 0.001939506 -0.0006595983 0.001990765
v 0.001601779 -0.0003834268 0.002159646
v 0.001442529 4.137645E-05 0.002313355
v 0.002337234 -0.0007760424 0.002010617
v 0.002734962 -0.0006595978 0.002030469
v 0.001590271 -0.0003882015 0.002348868
v 0.001440957 4.331084E-05 0.002462393
v 0.001924791 -0.0006708387 0.002210181
v 0.001584186 -0.0003804559 0.002506363
v 0.001450438 4.200991E-05 0.002638384
v 0.002326433 -0.0007888151 0.002273018
v 0.001910265 -0.0006779297 0.002425596
v 0.003054825 -0.0003759187 0.002046434
v 0.001583717 -0.000375122 0.002690908
v 0.001425039 4.640714E-05 0.002900565
v 0.001894429 -0.0006662371 0.002601228
v 0.00230823 -0.0007968306 0.002520944
v 0.002728076 -0.0006708386 0.002335854
v 0.003188409 -5.283551E-05 0.0020531
v 0.003051087 -0.0003834259 0.00238639
v 0.00270627 -0.0006778698 0.002616331
v 0.002280345 -0.0007834918 0.002719075
v 0.001872031 -0.0006563695 0.002805225
v 0.003152828 -3.705798E-05 0.001656051
v 0.003209861 0.0002878229 0.002054172
v 0.003185987 -5.60921E-05 0.002407494
v 0.003207649 0.0002885962 0.002410883
v 0.003181609 0.0002893943 0.002730224
v 0.003026417 -0.0003881157 0.002693051
v 0.002666407 -0.0006661186 0.002836996
v 0.003160135 -5.813279E-05 0.002725082
v 0.003106679 -5.478863E-05 0.002971439
v 0.003127514 0.0002881495 0.002977794
v 0.003013675 0.0002832888 0.00326008
v 0.002976956 -0.000380287 0.002931842
v 0.002994437 -5.465166E-05 0.003252396
v 0.002229986 -0.0007716881 0.002947656
v 0.002874568 -0.0003748821 0.003204574
v 0.002929304 -4.796949E-05 0.003470414
v 0.002947966 0.0002807301 0.003477362
v 0.00258738 -0.0006561332 0.003090073
v 0.002812328 -0.0003587885 0.003426578
v 0.00276781 -2.022103E-05 0.003748804
v 0.002784711 0.0002738227 0.003754165
v 0.002613541 0.0002584076 0.003878661
v 0.002599576 1.33303E-05 0.003874438
v 0.00251261 -0.0002089082 0.003848131
v 0.002662546 -0.000294122 0.003715403
v 0.002304372 -0.0004040427 0.003785145
v 0.002410498 -0.0005346178 0.003635426
v 0.002045442 -0.0004841415 0.003706825
v 0.002531141 -0.0006324926 0.003320723
v 0.002097095 -0.0006333369 0.003535985
v 0.001786513 -0.0004040427 0.003628508
v 0.002180601 -0.0007446373 0.003188267
v 0.001783691 -0.0005346183 0.003436544
v 0.001831308 -0.0006307409 0.00305577
v 0.001552618 -0.000356598 0.002949539
v 0.001531644 -0.000294122 0.00335657
v 0.001578275 -0.0002089082 0.003565521
v 0.001415263 6.242395E-05 0.003319642
v 0.001482122 8.038684E-05 0.003536436
v 0.0006912277 -0.0006169441 0.006586561
v 0.0006645285 -0.0006744761 0.003818712
v 0.0006912439 -0.0006169153 0.003818712
v 0.0006645285 -0.0006744761 0.006586561
v 0.0006912354 -0.0007320119 0.003818712
v 0.0006912363 -0.0007320332 0.006586561
v 0.0007487818 -0.0007587302 0.003818712
v 0.0007487818 -0.0007587302 0.006586561
v 0.0008063147 -0.0007320265 0.003818712
v 0.0008063418 -0.0007320185 0.006586561
v 0.0008330359 -0.0006744761 0.003818712
v 0.0008330359 -0.0006744761 0.006586561
v 0.0008063429 -0.0006169356 0.003818712
v 0.0008063135 -0.0006169238 0.006586561
v 0.0007487818 -0.0005902228 0.003818712
v 0.0007487818 -0.0005902228 0.006586561
v 0.0006912439 -0.0006169153 0.003818712
v 0.0006912277 -0.0006169441 0.006586561
v 0.0006129095 -0.0005386038 0.006778024
v 0.0006645285 -0.0006744761 0.006586561
v 0.0006912277 -0.0006169441 0.006586561
v 0.0005498516 -0.000674476 0.006778024
v 0.0006129095 -0.0005386038 0.007331241
v 0.0006912363 -0.0007320332 0.006586561
v 0.0005498516 -0.000674476 0.007331241
v 0.0006129095 -0.0008103487 0.006778024
v 0.0007487818 -0.0007587302 0.006586561
v 0.0006129095 -0.0008103487 0.007331241
v 0.0007487817 -0.0008734071 0.006778024
v 0.0008063418 -0.0007320185 0.006586561
v 0.0007487817 -0.0008734071 0.007331241
v 0.0008846543 -0.0008103487 0.006778024
v 0.0008330359 -0.0006744761 0.006586561
v 0.0008846543 -0.0008103487 0.007331241
v 0.0009477128 -0.000674476 0.006778024
v 0.0008063135 -0.0006169238 0.006586561
v 0.0009477128 -0.000674476 0.007331241
v 0.0008846543 -0.0005386038 0.006778024
v 0.0007487818 -0.0005902228 0.006586561
v 0.0008846543 -0.0005386038 0.007331241
v 0.0007487817 -0.000475545 0.006778024
v 0.0006912277 -0.0006169441 0.006586561
v 0.0007487817 -0.000475545 0.007331241
v 0.0006129095 -0.0005386038 0.006778024
v 0.0006129095 -0.0005386038 0.007331241
v 0.0009354338 -0.0001105156 -0.000719485
v 0.0009318237 -5.476889E-05 -0.0006294986
v 0.0009361586 -7.903032E-06 -0.000719187
v 0.0009342096 -0.0002030329 -0.0007165107
v 0.000934796 -0.0002583515 -0.0006933173
v 0.0009382712 -0.0002894473 -0.0006473192
v 0.0009313778 0.0001609477 -0.0007187772
v 0.0009619783 -0.0003065646 -0.0004907179
v 0.0009228353 0.0002198225 -0.000629307
v 0.0009212789 0.0003238853 -0.0007116031
v 0.0009171636 0.0003874215 -0.0006941077
v 0.0009186215 0.0004274816 -0.0006503728
v 0.0009406785 0.0004514595 -0.0004938412
v 0.0009521015 0.0002127954 -0.0004426759
v 0.0009589327 -5.483451E-05 -0.0004391849
v 0.001014418 0.0002176725 3.075719E-05
v 0.001014298 0.000457406 3.007263E-05
v 0.001024292 -4.690716E-05 3.125221E-05
v 0.001038919 -0.0003082768 3.16453E-05
v 0.001062512 -0.0003142346 0.0005305204
v 0.001036212 0.0002202255 0.0005297914
v 0.001038363 0.0004607648 0.0005288982
v 0.001045435 -3.786433E-05 0.0005302885
v 0.001058106 -3.914079E-05 0.00109214
v 0.001072863 -0.0003179102 0.001092379
v 0.00107766 -0.0003178527 0.00169834
v 0.001043348 0.0002383531 0.001091685
v 0.001042589 0.0004679601 0.001090868
v 0.001056264 -3.117961E-05 0.001697954
v 0.001056723 -0.00031957 0.002139688
v 0.00103977 0.0002323031 0.001697578
v 0.00102009 0.0002331879 0.002143087
v 0.001035257 0.000473193 0.001697071
v 0.001014547 0.0004724538 0.002143688
v 0.0009559226 0.0004732946 0.002587361
v 0.001039201 -3.741014E-05 0.00214215
v 0.001009724 -0.0003329969 0.002593426
v 0.0009853621 -2.831194E-05 0.002591419
v 0.0009574157 -0.0003330965 0.002863673
v 0.0009618866 0.000238225 0.002589074
v 0.0009223626 -2.7205E-05 0.002863267
v 0.0008613153 -0.0003245785 0.003171412
v 0.0008914027 0.0002379728 0.002863615
v 0.0008752113 0.0004728253 0.002863976
v 0.0008238246 -1.954491E-05 0.003170486
v 0.0007380211 -0.0002970788 0.003460036
v 0.0007883104 0.0002399587 0.00317155
v 0.0007729488 0.0004741065 0.003172311
v 0.0006504318 0.0004494981 0.00346128
v 0.0007028372 -1.455905E-05 0.00345571
v 0.0007151793 -0.0002553127 0.00351874
v 0.0007059724 -0.0001819693 0.003550442
v 0.0006952776 -8.351585E-06 0.003559479
v 0.0006748228 0.0002312911 0.003455
v 0.0006372171 0.0004106447 0.003519242
v 0.000653545 0.0002581936 0.003563008
v 0.0006358956 0.0003534975 0.003554318
v 0.001176677 0.0009078922 -0.002287784
v 0.001072027 0.0007747838 -0.001886716
v 0.001241189 0.0009090605 -0.001978568
v 0.001349282 0.0008446237 -0.0017442
v 0.001269307 0.0006038109 -0.001543474
v 0.001524403 0.0006631069 -0.001508655
v 0.001420239 0.0003047939 -0.001362292
v 0.001642194 0.0004557164 -0.001375777
v 0.001706952 0.0002347493 -0.00131381
v 0.001472105 1.144883E-05 -0.001310875
v 0.001733968 1.035487E-05 -0.001289973
v 0.001706725 -0.0001973606 -0.001313978
v 0.00142014 -0.0002668709 -0.001362366
v 0.001642194 -0.0004174541 -0.001375777
v 0.001175354 1.27868E-05 -0.001373878
v 0.001129724 0.0002717819 -0.001423306
v 0.001269307 -0.0005655486 -0.001543474
v 0.001524403 -0.0006248446 -0.001508655
v 0.001349282 -0.0008063614 -0.0017442
v 0.001072027 -0.0007365214 -0.001886716
v 0.001241189 -0.0008707982 -0.001978568
v 0.001176677 -0.00086963 -0.002287784
v 0.001129623 -0.0002337995 -0.001423384
v 0.0009626821 0.0005524922 -0.001635928
v 0.0008565438 1.673048E-05 -0.001544091
v 0.0009627079 -0.0005146789 -0.001635971
v 0.0009850309 -0.0007538495 -0.002265993
v 0.001165243 -0.000813122 -0.002612611
v 0.0008964358 0.0002145393 -0.001527546
v 0.0006906406 1.913114E-05 -0.001729774
v 0.0008963219 -0.0001762166 -0.001527596
v 0.0007679394 0.0003753428 -0.001696392
v 0.0007679394 -0.0003370805 -0.001696392
v 0.0008233241 -0.0006112977 -0.001901114
v 0.0008233241 0.00064956 -0.001901114
v 0.0007593451 -0.0006116627 -0.002238865
v 0.0006657225 -0.0003875922 -0.001929016
v 0.0006657225 0.0004258546 -0.001929016
v 0.0009850309 0.0007921117 -0.002265993
v 0.0006130127 1.913114E-05 -0.001952352
v 0.0007593451 0.000649925 -0.002238865
v 0.0009738668 0.0007418389 -0.00258006
v 0.001165243 0.0008513843 -0.002612611
v 0.0006266508 -0.0003890245 -0.002188914
v 0.0006266508 0.0004272868 -0.002188914
v 0.0007487526 0.0006125952 -0.00253593
v 0.0007846061 0.0005255236 -0.002886415
v 0.001000137 0.0006740208 -0.002844146
v 0.001196029 0.0007749878 -0.002885089
v 0.0006227352 0.0004054015 -0.002496401
v 0.0005987636 1.913114E-05 -0.002202058
v 0.001053489 0.0005434559 -0.003182613
v 0.001258175 0.0006304035 -0.003235112
v 0.0006227352 -0.0003671392 -0.002496401
v 0.0005871576 1.913114E-05 -0.002476904
v 0.0006469039 0.0003599957 -0.002790994
v 0.001111705 0.0004004362 -0.003433669
v 0.001326069 0.0004633115 -0.003498056
v 0.001145939 0.0002151806 -0.003574821
v 0.001365075 0.000249042 -0.003650214
v 0.0008732689 0.0002667427 -0.003382085
v 0.0008338669 0.0004194517 -0.003180138
v 0.0006786563 0.0002996752 -0.00303189
v 0.0005988456 1.913114E-05 -0.002766604
v 0.001162135 8.666262E-06 -0.003626431
v 0.001382695 7.701489E-06 -0.003707862
v 0.0007153638 0.000186848 -0.003226164
v 0.0009026109 1.048918E-05 -0.003493977
v 0.001147128 -0.0001812496 -0.003575596
v 0.001366253 -0.0002161542 -0.003650772
v 0.001326069 -0.0004250492 -0.003498056
v 0.0006138309 1.913114E-05 -0.003003983
v 0.0007025203 1.592719E-05 -0.003238789
v 0.001111711 -0.0003621749 -0.003433657
v 0.001258175 -0.0005921412 -0.003235112
v 0.0008738537 -0.0002302695 -0.003382473
v 0.001053489 -0.0005051937 -0.003182613
v 0.001196029 -0.0007367255 -0.002885089
v 0.0007156068 -0.0001487867 -0.003227563
v 0.0006786574 -0.000261416 -0.003031885
v 0.0008338669 -0.0003811894 -0.003180138
v 0.0007846061 -0.0004872612 -0.002886415
v 0.001000137 -0.0006357584 -0.002844146
v 0.0006469039 -0.0003217344 -0.002790994
v 0.0009738668 -0.0007035767 -0.00258006
v 0.0007487526 -0.0005743329 -0.00253593
v 0.0007957179 -0.0005935105 0.003982536
v 0.0007472249 -0.0006741587 0.003982545
v 0.0007492099 -0.0005808986 0.003982529
v 0.0008300602 -0.0006263486 0.003982547
v 0.0007015771 -0.0005937472 0.003982526
v 0.0008430718 -0.0006734851 0.003982557
v 0.000666998 -0.0006275061 0.003982526
v 0.0008309408 -0.0007194395 0.003982564
v 0.0006548323 -0.0006738348 0.003982531
v 0.0007966734 -0.0007529585 0.003982564
v 0.0006668196 -0.0007205837 0.00398254
v 0.000750922 -0.0007664622 0.003982559
v 0.0007012746 -0.0007550634 0.00398255
v -0.0009352071 -0.0001105156 -0.000719485
v -0.0009359319 -7.903032E-06 -0.000719187
v -0.000931597 -5.476889E-05 -0.0006294986
v -0.0009339828 -0.0002030329 -0.0007165107
v -0.0009345693 -0.0002583515 -0.0006933173
v -0.0009380445 -0.0002894473 -0.0006473192
v -0.000931151 0.0001609477 -0.0007187772
v -0.0009617516 -0.0003065646 -0.0004907179
v -0.0009226086 0.0002198225 -0.000629307
v -0.0009210521 0.0003238853 -0.0007116031
v -0.0009169368 0.0003874215 -0.0006941077
v -0.0009183948 0.0004274816 -0.0006503728
v -0.0009404517 0.0004514595 -0.0004938412
v -0.0009518748 0.0002127954 -0.0004426759
v -0.000958706 -5.483451E-05 -0.0004391849
v -0.001014191 0.0002176725 3.075719E-05
v -0.001014071 0.000457406 3.007263E-05
v -0.001024066 -4.690716E-05 3.125221E-05
v -0.001038692 -0.0003082768 3.16453E-05
v -0.001062286 -0.0003142346 0.0005305204
v -0.001035985 0.0002202255 0.0005297914
v -0.001038136 0.0004607648 0.0005288982
v -0.001045209 -3.786433E-05 0.0005302885
v -0.001057879 -3.914079E-05 0.00109214
v -0.001072637 -0.0003179102 0.001092379
v -0.001077434 -0.0003178527 0.00169834
v -0.001043121 0.0002383531 0.001091685
v -0.001042363 0.0004679601 0.001090868
v -0.001056037 -3.117961E-05 0.001697954
v -0.001056496 -0.00031957 0.002139688
v -0.001039543 0.0002323031 0.001697578
v -0.001019863 0.0002331879 0.002143087
v -0.00103503 0.000473193 0.001697071
v -0.001014321 0.0004724538 0.002143688
v -0.0009556959 0.0004732946 0.002587361
v -0.001038974 -3.741014E-05 0.00214215
v -0.001009498 -0.0003329969 0.002593426
v -0.0009851353 -2.831194E-05 0.002591419
v -0.000957189 -0.0003330965 0.002863673
v -0.0009616599 0.000238225 0.002589074
v -0.0009221359 -2.7205E-05 0.002863267
v -0.0008610886 -0.0003245785 0.003171412
v -0.000891176 0.0002379728 0.002863615
v -0.0008749845 0.0004728253 0.002863976
v -0.0008235978 -1.954491E-05 0.003170486
v -0.0007377944 -0.0002970788 0.003460036
v -0.0007880836 0.0002399587 0.00317155
v -0.0007727221 0.0004741065 0.003172311
v -0.0006502051 0.0004494981 0.00346128
v -0.0007026105 -1.455905E-05 0.00345571
v -0.0007149525 -0.0002553127 0.00351874
v -0.0007057457 -0.0001819693 0.003550442
v -0.0006950509 -8.351585E-06 0.003559479
v -0.0006745961 0.0002312911 0.003455
v -0.0006369904 0.0004106447 0.003519242
v -0.0006533183 0.0002581936 0.003563008
v -0.0006356689 0.0003534975 0.003554318
v 0.0003646901 -0.00163068 0.001744578
v 0.0002921802 -0.001613874 0.0016773
v 0.0003573522 -0.00159852 0.001744254
v 0.0004394742 -0.00157917 0.001787245
v 0.0004469142 -0.001611306 0.001787623
v 0.0005305061 -0.001557726 0.001802059
v 0.0005380661 -0.001589832 0.001802454
v 0.0006215382 -0.001536282 0.001787245
v 0.0006292181 -0.001568358 0.001787623
v 0.0007036541 -0.001516932 0.001744254
v 0.0007114481 -0.001548984 0.001744578
v 0.0007688262 -0.001501578 0.0016773
v 0.0006677271 -0.001603425 0.001711854
v 0.0005476025 -0.001631724 0.001748356
v 0.0004274778 -0.001660026 0.001711854
v 0.0007570205 -0.001582389 0.001613503
v 0.0003381846 -0.001681065 0.001613503
v 0.0007767042 -0.001533612 0.001677535
v 0.0008106701 -0.00149172 0.001592935
v 0.0008186021 -0.001523736 0.001593055
v 0.0007855685 -0.001575666 0.001503874
v 0.0008250882 -0.001488324 0.001499407
v 0.0008330381 -0.00152034 0.001499407
v 0.0008106701 -0.00149172 0.001405884
v 0.0007570205 -0.001582389 0.00139425
v 0.0008186021 -0.001523736 0.001405758
v 0.0007688262 -0.001501578 0.001321513
v 0.0007767042 -0.001533612 0.001321279
v 0.0007036541 -0.001516932 0.001254558
v 0.0006677271 -0.001603425 0.001295896
v 0.0007114481 -0.001548984 0.00125424
v 0.0006215382 -0.001536282 0.001211569
v 0.0006292181 -0.001568358 0.001211197
v 0.0005476025 -0.001631724 0.001259392
v 0.0005305061 -0.001557726 0.001196754
v 0.0005380661 -0.001589832 0.001196364
v 0.0004394742 -0.00157917 0.001211569
v 0.0004274778 -0.001660026 0.001295896
v 0.0004469142 -0.001611306 0.001211197
v 0.0003573522 -0.00159852 0.001254558
v 0.0003646901 -0.00163068 0.00125424
v 0.0002921802 -0.001613874 0.001321513
v 0.0003381846 -0.001681065 0.00139425
v 0.0002994341 -0.001646052 0.001321279
v 0.0002503362 -0.001623732 0.001405884
v 0.0002575362 -0.001655922 0.001405758
v 0.0003096365 -0.001687788 0.001503874
v 0.0002359182 -0.001627128 0.001499407
v 0.0002430942 -0.001659324 0.001499407
v 0.0002503362 -0.001623732 0.001592935
v 0.0002575362 -0.001655922 0.001593055
v 0.0002994341 -0.001646052 0.001677535
v -0.0006915078 -0.001560252 0.0008440983
v -0.0007454837 -0.001500491 0.0007819205
v -0.0006847277 -0.001515785 0.0008449864
v -0.0006079217 -0.001534541 0.0008856064
v -0.0006148457 -0.001578972 0.0008846408
v -0.0005225658 -0.001554917 0.0008998144
v -0.0005296578 -0.001599306 0.0008988184
v -0.0004370298 -0.001574921 0.000886206
v -0.0004442838 -0.001619274 0.0008852404
v -0.0003596838 -0.001592597 0.0008461261
v -0.0003670818 -0.001636914 0.0008452386
v -0.0002980877 -0.001606211 0.0007834923
v -0.0004185876 -0.001660773 0.0008102959
v -0.0005360954 -0.001637322 0.0008456403
v -0.0006536915 -0.001613133 0.0008096129
v -0.0003374145 -0.00168237 0.0007231629
v -0.0007330815 -0.001588875 0.0007217115
v -0.0003056058 -0.001650504 0.0007827246
v -0.0002582898 -0.001614437 0.0007044357
v -0.0002658798 -0.001658712 0.0007038182
v -0.0003097575 -0.001687362 0.0006154683
v -0.0002441658 -0.001616459 0.0006166982
v -0.0002517918 -0.001660734 0.0006162482
v -0.0002571138 -0.001612091 0.000528864
v -0.0003360315 -0.001679601 0.0005076384
v -0.0002647098 -0.001656372 0.0005285823
v -0.0002958618 -0.001601753 0.0004495263
v -0.0003033798 -0.001646052 0.0004494002
v -0.0003566117 -0.001586453 0.0003864661
v -0.0004154214 -0.001655343 0.0004197338
v -0.0003640158 -0.001630788 0.0003864545
v -0.0004334238 -0.001567703 0.0003458404
v -0.0004406838 -0.001612068 0.0003459123
v -0.0005187737 -0.001547327 0.0003316384
v -0.0005258718 -0.001591728 0.0003317347
v -0.0005330115 -0.001631148 0.0003837064
v -0.0006043098 -0.001527317 0.0003452405
v -0.0006112398 -0.00157176 0.0003453123
v -0.0006505254 -0.001607703 0.0004190561
v -0.0006816618 -0.001509647 0.0003853208
v -0.0006884419 -0.00155412 0.0003853145
v -0.0007432517 -0.001496027 0.0004479542
v -0.0007316954 -0.001586106 0.0005061901
v -0.0007499178 -0.00154053 0.0004478285
v -0.0007830557 -0.001487807 0.0005270105
v -0.0007896438 -0.001532328 0.0005267343
v -0.0007593554 -0.001581114 0.0006138843
v -0.0007971737 -0.001485785 0.0006147546
v -0.0008037377 -0.001530306 0.0006143049
v -0.0007842258 -0.001490153 0.0007025885
v -0.0007908138 -0.001534668 0.0007019704
v -0.0007521438 -0.001544988 0.0007811522
v -0.002325279 -0.0004040427 0.003785145
v -0.001962682 -0.0002834921 0.003825127
v -0.00206635 -0.0004841415 0.003706825
v -0.00180742 -0.0004040427 0.003628508
v -0.002214836 -0.0002374008 0.003897766
v -0.002533517 -0.0002089082 0.003848131
v -0.002395359 -2.906142E-05 0.003949771
v -0.002620484 1.33303E-05 0.003874438
v -0.002634449 0.0002584076 0.003878661
v -0.001735211 -0.0001497299 0.003759598
v -0.001599182 -0.0002089082 0.003565521
v -0.00150303 8.038684E-05 0.003536436
v -0.002118532 -7.649913E-05 0.003954859
v -0.002435296 0.0002619481 0.003961276
v -0.002574528 0.0004829451 0.003860537
v -0.001619309 0.0001127931 0.00372621
v -0.001517161 0.0003898796 0.003540711
v -0.001969167 -8.618087E-05 0.003908642
v -0.002255023 5.837518E-05 0.003991368
v -0.002319393 0.0005244706 0.003927887
v -0.002405767 0.0007237257 0.00380949
v -0.001659246 0.0004038022 0.003737716
v -0.001663058 0.0006498682 0.003584842
v -0.001819607 3.407508E-06 0.003869939
v -0.00175077 0.0001946257 0.00385649
v -0.001882948 0.0001471364 0.003931998
v -0.002012222 4.094671E-05 0.00396551
v -0.002141498 0.0001471364 0.003999021
v -0.002091922 0.0006582333 0.003862358
v -0.002155571 0.0008349044 0.003733813
v -0.001782947 0.0003308761 0.003865097
v -0.002003884 0.0001946257 0.003978558
v -0.001932326 0.0003189554 0.003944799
v -0.001898717 0.0004620331 0.003896063
v -0.002092119 0.0003189554 0.003986221
v -0.00226942 0.0002341558 0.00399522
v -0.002194416 0.0004009232 0.003975156
v -0.002060427 0.0004910491 0.003939318
v -0.001839768 0.0006121421 0.003789719
v -0.001887908 0.0008185647 0.003652853
v 0.001941775 -0.0002834921 0.003825127
v 0.002304372 -0.0004040427 0.003785145
v 0.002045442 -0.0004841415 0.003706825
v 0.001786513 -0.0004040427 0.003628508
v 0.002193929 -0.0002374008 0.003897766
v 0.00251261 -0.0002089082 0.003848131
v 0.002374451 -2.906142E-05 0.003949771
v 0.002599576 1.33303E-05 0.003874438
v 0.002613541 0.0002584076 0.003878661
v 0.001714304 -0.0001497299 0.003759598
v 0.001578275 -0.0002089082 0.003565521
v 0.001482122 8.038684E-05 0.003536436
v 0.002097625 -7.649913E-05 0.003954859
v 0.002414388 0.0002619481 0.003961276
v 0.00255362 0.0004829451 0.003860537
v 0.001598401 0.0001127931 0.00372621
v 0.001496254 0.0003898796 0.003540711
v 0.001948259 -8.618087E-05 0.003908642
v 0.002234116 5.837518E-05 0.003991368
v 0.002298485 0.0005244706 0.003927887
v 0.002384859 0.0007237257 0.00380949
v 0.001638338 0.0004038022 0.003737716
v 0.00164215 0.0006498682 0.003584842
v 0.0017987 3.407508E-06 0.003869939
v 0.001729863 0.0001946257 0.00385649
v 0.00186204 0.0001471364 0.003931998
v 0.001991315 4.094671E-05 0.00396551
v 0.002120591 0.0001471364 0.003999021
v 0.002071015 0.0006582333 0.003862358
v 0.002134663 0.0008349044 0.003733813
v 0.00181886 0.0006121421 0.003789719
v 0.001867 0.0008185647 0.003652853
v 0.001762039 0.0003308761 0.003865097
v 0.00187781 0.0004620331 0.003896063
v 0.001982977 0.0001946257 0.003978558
v 0.001911419 0.0003189554 0.003944799
v 0.002039519 0.0004910491 0.003939318
v 0.002071212 0.0003189554 0.003986221
v 0.002173509 0.0004009232 0.003975156
v 0.002248513 0.0002341558 0.00399522
v -0.001503351 0.0004667206 0.003514346
v -0.001499542 0.0005159604 0.003416818
v -0.001462991 0.0004955028 0.003514476
v -0.001450402 0.0004681488 0.003561516
v -0.001539973 0.0004836975 0.00341493
v -0.001615594 0.0005223873 0.003109505
v -0.001656062 0.0004899541 0.003110503
v -0.001711796 0.0005221269 0.002805116
v -0.001490469 0.0004350768 0.003562744
v -0.001560632 0.0002975868 0.003549908
v -0.001446657 0.0004218202 0.00359664
v -0.001619884 0.0002963155 0.003415491
v -0.001489204 0.0003951766 0.003592648
v -0.001459665 0.0003353494 0.003619634
v -0.001502038 0.0003161067 0.003614548
v -0.001498975 7.964737E-05 0.003633869
v -0.00154108 7.964532E-05 0.003627655
v -0.001515311 -0.0001679797 0.003623125
v -0.001754945 0.0004862324 0.002807248
v -0.001785363 0.0005237986 0.002486695
v -0.001729176 0.0002977683 0.003110592
v -0.00165737 8.083206E-05 0.003415719
v -0.001602161 8.035992E-05 0.003550309
v -0.001557571 -0.0001450578 0.003617167
v -0.001828886 0.000487655 0.002483943
v -0.001825677 0.0005278572 0.002150554
v -0.001817215 0.000295807 0.002807407
v -0.001557456 -0.0002375777 0.003596224
v -0.001512614 -0.000265144 0.003604097
v -0.001609443 -0.0001283019 0.003550758
v -0.001565592 -0.0002773682 0.003561936
v -0.00152314 -0.0003159551 0.003566101
v -0.001542082 -0.0003407203 0.003512187
v -0.001583717 -0.0003023929 0.003507728
v -0.001582474 -0.0003559609 0.003414357
v -0.001764444 8.078644E-05 0.003107936
v -0.001667527 -0.0001292165 0.003416857
v -0.001622285 -0.00031504 0.003415626
v -0.001706792 -0.0003661033 0.003101784
v -0.001746354 -0.0003258627 0.003105312
v -0.00179029 -0.0003692299 0.00281147
v -0.001777849 -0.000134821 0.003105569
v -0.00183265 -0.0003294219 0.002811404
v -0.001847201 -0.0003709015 0.002488917
v -0.001849936 8.075772E-05 0.002809525
v -0.001890937 -0.0003302785 0.00248351
v -0.00187907 -0.0003735965 0.002149343
v -0.001857411 -0.0001367419 0.0028114
v -0.001921968 -0.0003329098 0.002144915
v -0.001896034 -0.0003764723 0.001701719
v -0.001914787 -0.0001372048 0.002483135
v -0.001886635 0.0002965682 0.002483741
v -0.001939893 -0.0003338767 0.00170234
v -0.001894605 -0.0003768527 0.001091444
v -0.001945506 -0.0001385915 0.002144605
v -0.001912708 8.075927E-05 0.002483726
v -0.001867862 0.0004918057 0.002154248
v -0.001947051 8.076593E-05 0.002149947
v -0.001920678 0.000298772 0.002154523
v -0.001888917 0.0004957633 0.001709518
v -0.001845313 0.0005328184 0.001700526
v -0.001939696 0.0003008738 0.001710166
v -0.001964459 8.077823E-05 0.001706713
v -0.001963511 -0.0001390856 0.001702382
v -0.001895979 0.0004956751 0.001101449
v -0.001852277 0.0005343973 0.001090757
v -0.00194716 0.0003007856 0.001102204
v -0.00189115 0.0004953593 0.0005371111
v -0.001847179 0.0005337175 0.0005220884
v -0.001972242 8.077618E-05 0.001098436
v -0.001939941 0.0003006319 0.0005381775
v -0.001938642 -0.0003340807 0.00109364
v -0.001865843 0.0004918211 4.153311E-05
v -0.001819702 0.0005313656 2.720266E-05
v -0.001969116 -0.000139181 0.001093788
v -0.001926273 -0.0003343473 0.000532018
v -0.001883154 -0.0003757844 0.0005270081
v -0.001962845 8.077414E-05 0.0005356789
v -0.001915285 0.0002992375 4.251957E-05
v -0.001813145 0.0004870639 -0.0004288879
v -0.0017656 0.0005274808 -0.0004478666
v -0.001957715 -0.0001393276 0.0005323637
v -0.001893412 -0.0003303231 3.739059E-05
v -0.001848413 -0.0003726142 2.815962E-05
v -0.001863781 0.0002962212 -0.0004275951
v -0.001827788 0.0002818634 -0.0006635639
v -0.001781718 0.0004708145 -0.0006342557
v -0.001732872 0.0005093326 -0.0006600749
v -0.001936605 8.16292E-05 4.057169E-05
v -0.001777941 0.0004515764 -0.0006776735
v -0.001730302 0.0004877549 -0.000700249
v -0.001733625 0.0004511458 -0.0007323754
v -0.001779623 0.0004200783 -0.0007099315
v -0.001738673 0.0004089951 -0.000751709
v -0.001784315 0.0003809685 -0.0007305279
v -0.001747537 0.0003527799 -0.0007624671
v -0.001793673 0.0003285037 -0.0007424006
v -0.001767206 5.391989E-05 -0.0007709417
v -0.001837544 5.75806E-05 -0.0006653261
v -0.001879547 8.07567E-05 -0.0004320931
v -0.00181235 5.630722E-05 -0.00074907
v -0.001838189 -0.0001309748 -0.0006663415
v -0.001871389 -0.0001372268 -0.000436885
v -0.00192794 -0.0001367152 3.801286E-05
v -0.001805369 -0.0001828798 -0.0007437947
v -0.001759504 -0.0002089123 -0.0007648414
v -0.001835502 -0.0003303754 -0.0004378715
v -0.001789228 -0.0003725046 -0.0004524702
v -0.001799189 -0.0002355989 -0.0007294494
v -0.001751793 -0.0002689323 -0.000750702
v -0.001804251 -0.0003157203 -0.0006397551
v -0.001757031 -0.0003595217 -0.0006552398
v -0.001798145 -0.0002738669 -0.000709061
v -0.001749579 -0.0003102279 -0.0007281339
v -0.001798954 -0.000298583 -0.0006781584
v -0.001751774 -0.0003415231 -0.0006953973
v 0.001482444 0.0004667334 0.003514345
v 0.001478635 0.0005159731 0.003416817
v 0.001442083 0.0004955157 0.003514476
v 0.001429494 0.0004681617 0.003561516
v 0.001519066 0.0004837101 0.003414929
v 0.001594686 0.0005223996 0.003109504
v 0.001635154 0.0004899664 0.003110502
v 0.001690888 0.0005221386 0.002805115
v 0.001469562 0.0004350898 0.003562743
v 0.001539724 0.0002975997 0.003549908
v 0.00142575 0.0004218331 0.003596639
v 0.001598976 0.0002963282 0.00341549
v 0.001468297 0.0003951896 0.003592647
v 0.001438757 0.0003353624 0.003619633
v 0.00148113 0.0003161196 0.003614547
v 0.001478067 7.966038E-05 0.003633869
v 0.001520173 7.965832E-05 0.003627655
v 0.001494404 -0.0001679666 0.003623125
v 0.001734038 0.0004862441 0.002807247
v 0.001764455 0.0005238099 0.002486694
v 0.001708269 0.0002977805 0.003110591
v 0.001636463 8.084474E-05 0.003415719
v 0.001581254 8.037281E-05 0.003550309
v 0.001536664 -0.0001450448 0.003617167
v 0.001807978 0.0004876662 0.002483942
v 0.00180477 0.0005278679 0.002150553
v 0.001796307 0.0002958187 0.002807407
v 0.001536548 -0.0002375647 0.003596225
v 0.001491706 -0.000265131 0.003604097
v 0.001588535 -0.000128289 0.003550758
v 0.001544685 -0.0002773553 0.003561937
v 0.001502233 -0.0003159422 0.003566102
v 0.001521174 -0.0003407075 0.003512188
v 0.001562809 -0.00030238 0.003507728
v 0.001561567 -0.0003559482 0.003414357
v 0.001743536 8.079865E-05 0.003107936
v 0.00164662 -0.0001292038 0.003416857
v 0.001601377 -0.0003150273 0.003415626
v 0.001685884 -0.0003660911 0.003101785
v 0.001725446 -0.0003258505 0.003105313
v 0.001769383 -0.0003692181 0.002811471
v 0.001756941 -0.0001348088 0.003105569
v 0.001811743 -0.0003294102 0.002811405
v 0.001826293 -0.0003708903 0.002488917
v 0.001829028 8.076949E-05 0.002809525
v 0.001870029 -0.0003302673 0.002483511
v 0.001858163 -0.0003735857 0.002149344
v 0.001836504 -0.0001367301 0.0028114
v 0.001901061 -0.0003328991 0.002144916
v 0.001875127 -0.0003764622 0.00170172
v 0.00189388 -0.0001371935 0.002483135
v 0.001865728 0.0002965795 0.00248374
v 0.001918985 -0.0003338666 0.00170234
v 0.001873697 -0.0003768436 0.001091445
v 0.001924599 -0.0001385807 0.002144605
v 0.001891801 8.077053E-05 0.002483726
v 0.001846954 0.0004918165 0.002154247
v 0.001926144 8.07767E-05 0.002149947
v 0.001899771 0.0002987828 0.002154523
v 0.001868009 0.0004957733 0.001709518
v 0.001824406 0.0005328284 0.001700525
v 0.001918789 0.0003008839 0.001710165
v 0.001943552 8.078832E-05 0.001706713
v 0.001942603 -0.0001390756 0.001702382
v 0.001875071 0.0004956843 0.001101448
v 0.001831369 0.0005344065 0.001090757
v 0.001926252 0.0003007948 0.001102204
v 0.001870242 0.0004953676 0.0005371106
v 0.001826272 0.0005337258 0.0005220878
v 0.001951334 8.078535E-05 0.001098436
v 0.001919033 0.0003006402 0.0005381769
v 0.001917734 -0.0003340716 0.001093641
v 0.001844935 0.0004918287 4.153252E-05
v 0.001798794 0.0005313731 2.720237E-05
v 0.001948208 -0.0001391719 0.001093788
v 0.001905366 -0.000334339 0.0005320185
v 0.001862246 -0.0003757761 0.0005270088
v 0.001941938 8.078243E-05 0.0005356789
v 0.001894378 0.0002992451 4.251957E-05
v 0.001792237 0.0004870707 -0.0004288882
v 0.001744692 0.0005274877 -0.0004478669
v 0.001936807 -0.0001393193 0.0005323637
v 0.001872504 -0.0003303156 3.739119E-05
v 0.001827505 -0.0003726067 2.816021E-05
v 0.001842874 0.000296228 -0.0004275954
v 0.001806881 0.0002818699 -0.0006635642
v 0.001760811 0.000470821 -0.000634256
v 0.001711965 0.0005093391 -0.0006600755
v 0.001915698 8.163675E-05 4.057169E-05
v 0.001757033 0.0004515829 -0.0006776738
v 0.001709395 0.0004877613 -0.0007002496
v 0.001712717 0.0004511522 -0.0007323759
v 0.001758716 0.0004200847 -0.0007099318
v 0.001717766 0.0004090015 -0.0007517093
v 0.001763407 0.0003809749 -0.0007305282
v 0.001726629 0.0003527862 -0.0007624674
v 0.001772765 0.00032851 -0.0007424009
v 0.001746298 5.392622E-05 -0.0007709414
v 0.001816637 5.758708E-05 -0.0006653261
v 0.00185864 8.076354E-05 -0.0004320931
v 0.001791442 5.631358E-05 -0.00074907
v 0.001817281 -0.0001309683 -0.0006663412
v 0.001850481 -0.00013722 -0.0004368848
v 0.001907033 -0.0001367077 3.801286E-05
v 0.001784461 -0.0001828735 -0.0007437944
v 0.001738596 -0.000208906 -0.0007648408
v 0.001814595 -0.0003303686 -0.0004378706
v 0.001768321 -0.0003724978 -0.0004524696
v 0.001778281 -0.0002355925 -0.0007294488
v 0.001730885 -0.000268926 -0.0007507014
v 0.001783344 -0.0003157137 -0.0006397545
v 0.001736123 -0.0003595152 -0.0006552392
v 0.001777237 -0.0002738605 -0.0007090604
v 0.001728671 -0.0003102215 -0.0007281333
v 0.001778046 -0.0002985765 -0.0006781578
v 0.001730866 -0.0003415167 -0.0006953966
v 0.0003323133 0.0003514444 -0.004473254
v 7.351812E-05 0.0004833078 -0.004473254
v -1.909704E-12 1.913114E-05 -0.004467193
v 0.0004641761 9.264925E-05 -0.004473254
v -0.000213358 0.0004378707 -0.004473254
v 0.0004187395 -0.0001942269 -0.004473254
v -0.0004187395 0.0002324891 -0.004473254
v 0.000213358 -0.0003996083 -0.004473254
v -0.0004641761 -5.438698E-05 -0.004473254
v -7.351812E-05 -0.0004450449 -0.004473254
v -0.0003323133 -0.0003131821 -0.004473254
v -0.001417969 0.0003047939 -0.001362292
v -0.001641059 0.0004557164 -0.001375777
v -0.001705817 0.0002347493 -0.00131381
v -0.001523268 0.0006631069 -0.001508655
v -0.001469835 1.144883E-05 -0.001310875
v -0.001732833 1.035487E-05 -0.001289973
v -0.00170559 -0.0001973606 -0.001313978
v -0.00141787 -0.0002668709 -0.001362366
v -0.001641059 -0.0004174541 -0.001375777
v -0.001267036 0.0006038109 -0.001543474
v -0.001348147 0.0008446237 -0.0017442
v -0.001173084 1.27868E-05 -0.001373878
v -0.001267036 -0.0005655486 -0.001543474
v -0.001523268 -0.0006248446 -0.001508655
v -0.001348147 -0.0008063614 -0.0017442
v -0.001069756 -0.0007365214 -0.001886716
v -0.001240054 -0.0008707982 -0.001978568
v -0.001175542 -0.00086963 -0.002287784
v -0.001127353 -0.0002337995 -0.001423384
v -0.001127454 0.0002717819 -0.001423306
v -0.001069756 0.0007747838 -0.001886716
v -0.001240054 0.0009090605 -0.001978568
v -0.001175542 0.0009078922 -0.002287784
v -0.0009827607 -0.0007538495 -0.002265993
v -0.001164107 -0.000813122 -0.002612611
v -0.0009604376 -0.0005146789 -0.001635971
v -0.0008542736 1.673048E-05 -0.001544091
v -0.0009604119 0.0005524922 -0.001635928
v -0.0008940517 -0.0001762166 -0.001527596
v -0.0006883704 1.913114E-05 -0.001729774
v -0.0008941655 0.0002145393 -0.001527546
v -0.0007656692 -0.0003370805 -0.001696392
v -0.000821054 -0.0006112977 -0.001901114
v -0.0007656692 0.0003753428 -0.001696392
v -0.000821054 0.00064956 -0.001901114
v -0.0007570749 -0.0006116627 -0.002238865
v -0.0006634524 -0.0003875922 -0.001929016
v -0.0006634524 0.0004258546 -0.001929016
v -0.0009827607 0.0007921117 -0.002265993
v -0.0006107425 1.913114E-05 -0.001952352
v -0.0007570749 0.000649925 -0.002238865
v -0.0009715966 0.0007418389 -0.00258006
v -0.001164107 0.0008513843 -0.002612611
v -0.0006243805 -0.0003890245 -0.002188914
v -0.0006243805 0.0004272868 -0.002188914
v -0.0007464823 0.0006125952 -0.00253593
v -0.0007823359 0.0005255236 -0.002886415
v -0.000997867 0.0006740208 -0.002844146
v -0.001194894 0.0007749878 -0.002885089
v -0.0006204651 0.0004054015 -0.002496401
v -0.0005964934 1.913114E-05 -0.002202058
v -0.001051219 0.0005434559 -0.003182613
v -0.00125704 0.0006304035 -0.003235112
v -0.0006204651 -0.0003671392 -0.002496401
v -0.0005848874 1.913114E-05 -0.002476904
v -0.0006446337 0.0003599957 -0.002790994
v -0.001109435 0.0004004362 -0.003433669
v -0.001324933 0.0004633115 -0.003498056
v -0.001143669 0.0002151806 -0.003574821
v -0.00136394 0.000249042 -0.003650214
v -0.0008709987 0.0002667427 -0.003382085
v -0.0008315968 0.0004194517 -0.003180138
v -0.0006763861 0.0002996752 -0.00303189
v -0.0005965754 1.913114E-05 -0.002766604
v -0.001159865 8.666262E-06 -0.003626431
v -0.00138156 7.701489E-06 -0.003707862
v -0.0007130936 0.000186848 -0.003226164
v -0.0009003407 1.048918E-05 -0.003493977
v -0.001144858 -0.0001812496 -0.003575596
v -0.001365118 -0.0002161542 -0.003650772
v -0.001324933 -0.0004250492 -0.003498056
v -0.0006115607 1.913114E-05 -0.003003983
v -0.0007002501 1.592719E-05 -0.003238789
v -0.001109441 -0.0003621749 -0.003433657
v -0.00125704 -0.0005921412 -0.003235112
v -0.0008715836 -0.0002302695 -0.003382473
v -0.001051219 -0.0005051937 -0.003182613
v -0.001194894 -0.0007367255 -0.002885089
v -0.0007133366 -0.0001487867 -0.003227563
v -0.0006763872 -0.000261416 -0.003031885
v -0.0008315968 -0.0003811894 -0.003180138
v -0.0007823359 -0.0004872612 -0.002886415
v -0.000997867 -0.0006357584 -0.002844146
v -0.0006446337 -0.0003217344 -0.002790994
v -0.0009715966 -0.0007035767 -0.00258006
v -0.0007464823 -0.0005743329 -0.00253593
v 0.0007570205 -0.001582389 0.001613503
v 0.0005482122 -0.001631724 0.001499407
v 0.0006677271 -0.001603425 0.001711854
v 0.0007855685 -0.001575666 0.001503874
v 0.0005476025 -0.001631724 0.001748356
v 0.0007570205 -0.001582389 0.00139425
v 0.0004274778 -0.001660026 0.001711854
v 0.0006677271 -0.001603425 0.001295896
v 0.0003381846 -0.001681065 0.001613503
v 0.0005476025 -0.001631724 0.001259392
v 0.0003096365 -0.001687788 0.001503874
v 0.0004274778 -0.001660026 0.001295896
v 0.0003381846 -0.001681065 0.00139425
v -0.0003374145 -0.00168237 0.0007231629
v -0.0005372717 -0.001634238 0.0006146764
v -0.0004185876 -0.001660773 0.0008102959
v -0.0003097575 -0.001687362 0.0006154683
v -0.0005360954 -0.001637322 0.0008456403
v -0.0003360315 -0.001679601 0.0005076384
v -0.0006536915 -0.001613133 0.0008096129
v -0.0004154214 -0.001655343 0.0004197338
v -0.0007330815 -0.001588875 0.0007217115
v -0.0005330115 -0.001631148 0.0003837064
v -0.0007593554 -0.001581114 0.0006138843
v -0.0006505254 -0.001607703 0.0004190561
v -0.0007316954 -0.001586106 0.0005061901
v -0.002655635 -4.62905E-06 -0.0008957132
v -0.002483608 0.0002777678 -0.000983361
v -0.002670332 0.0002348482 -0.0009016925
v -0.002607265 0.0005292796 -0.0008760362
v -0.002437572 -8.734437E-05 -0.0009648686
v -0.002564099 -0.0002572955 -0.000858477
v -0.002350008 0.0006071414 -0.0009296944
v -0.002429636 0.0008030268 -0.0008037772
v -0.002229483 -0.0003487373 -0.0008812824
v -0.002344918 -0.0004791469 -0.0007693148
v -0.002087799 0.0007749668 -0.0008243695
v -0.002166292 0.0009294281 -0.0006966498
v -0.001884562 0.0009108529 -0.000582042
v -0.001797137 0.0007171402 -0.000707615
v -0.001647893 0.0007190602 -0.0004857662
v -0.001589044 0.0004557467 -0.0006240258
v -0.001494328 0.000423475 -0.0004232967
v -0.001479454 7.160623E-05 -0.0004172459
v -0.002029912 0.000601408 -0.000906077
v -0.001938823 -0.0004065677 -0.000764527
v -0.002072382 -0.0005702134 -0.000658448
v -0.001799844 -0.0004791494 -0.0005475795
v -0.001676611 -0.0002387436 -0.0006592011
v -0.001580659 -0.0002572986 -0.0004584157
v -0.001923142 -0.0002243589 -0.0008641547
v -0.001543007 9.06311E-05 -0.0006055334
v -0.00173522 -0.0001070676 -0.0007903674
v -0.001639468 0.0001231304 -0.0007527694
v -0.001821598 0.0005609932 -0.0008242842
v -0.002131453 -0.0001839409 -0.0009459481
v -0.001830623 -8.447451E-06 -0.0008879199
v -0.001672462 0.0003783074 -0.0007657245
v -0.001752 0.0002721931 -0.0008580026
v -0.001957836 0.0004456386 -0.0009363252
v -0.002280586 -1.25471E-06 -0.001004505
v -0.002085048 -8.44643E-06 -0.0009847307
v -0.00193063 0.0001946257 -0.0009799844
v -0.002163668 0.0002721925 -0.001014647
v -0.002217831 0.0004841152 -0.0009798637
v -0.002313579 0.0002539188 -0.00101746
v -0.002196264 0.0002381768 -0.003046524
v -0.002235684 0.0001275908 -0.003023195
v -0.002061649 0.0001958421 -0.00305046
v -0.002133555 0.0003331389 -0.003083636
v -0.002051833 0.0004060054 -0.003132
v -0.002105013 -5.635503E-05 -0.003024796
v -0.001804997 8.918431E-06 -0.003165056
v -0.002249131 8.918431E-06 -0.003015238
v -0.002235684 -0.0001097549 -0.003023195
v -0.002196265 -0.0002203399 -0.003046524
v -0.001877517 0.000338542 -0.003159431
v -0.001956663 0.0004518122 -0.003188321
v -0.001854536 0.0004674351 -0.003248761
v -0.001752407 0.0004518122 -0.003309202
v -0.001982208 -0.0002703164 -0.003097474
v -0.002133555 -0.000315302 -0.003083636
v -0.002051833 -0.0003881696 -0.003132
v -0.001956663 -0.0004339753 -0.003188321
v -0.001660478 0.0002881528 -0.003287875
v -0.001657238 0.0004060054 -0.003365524
v -0.001575515 0.0003331389 -0.003413887
v -0.001512807 0.0002381768 -0.003450999
v -0.001765169 -0.0003207056 -0.003225918
v -0.001854536 -0.0004495993 -0.003248761
v -0.001752407 -0.0004339753 -0.003309202
v -0.001657238 -0.0003881686 -0.003365524
v -0.001537673 7.41919E-05 -0.003360553
v -0.001473387 0.0001275918 -0.003474328
v -0.001459941 8.918431E-06 -0.003482285
v -0.001473387 -0.0001097549 -0.003474328
v -0.001581037 -0.0001780058 -0.003334889
v -0.001575515 -0.000315302 -0.003413887
v -0.001512807 -0.0002203399 -0.003450999
v -0.001388737 -0.0005560101 -0.001352461
v -0.001020291 -0.0005558204 -0.001379805
v -0.00124634 -0.0006829746 -0.001436731
v -0.001080517 -0.0007627885 -0.001534867
v -0.001194164 -0.0004270435 -0.001276905
v -0.001498001 -0.0003905467 -0.001287797
v -0.001304987 -0.0002250039 -0.001211319
v -0.001566688 -0.00019786 -0.001247147
v -0.001590115 8.918431E-06 -0.001233283
v -0.0008189796 -0.0006076244 -0.001498941
v -0.0009025658 -0.0007900114 -0.00164018
v -0.001034211 -0.0001948737 -0.00126488
v -0.001349569 8.918431E-06 -0.001184934
v -0.001566687 0.0002156963 -0.001247148
v -0.0008334622 -0.0003504501 -0.001383685
v -0.0006176694 -0.0005558204 -0.001618078
v -0.0007246153 -0.0007627885 -0.001745492
v -0.000558791 -0.0006829746 -0.001843628
v -0.001081488 8.008178E-05 -0.001236901
v -0.001304987 0.0002428407 -0.001211319
v -0.001498001 0.0004083825 -0.001287797
v -0.001388737 0.0005738469 -0.001352461
v -0.0004437963 -0.0004270435 -0.001720978
v -0.0004163951 -0.0005560101 -0.001927899
v -0.0005968394 -0.0002955139 -0.00152372
v -0.0003329729 -0.0002250039 -0.001786563
v -0.0003071307 -0.0003905467 -0.001992562
v -0.0002384446 -0.0001978595 -0.002033211
v -0.0007991664 -0.0001254912 -0.001356146
v -0.001194163 0.0004448794 -0.001276905
v -0.00124634 0.0007008116 -0.001436731
v -0.0002883908 8.918431E-06 -0.001812948
v -0.0002150167 8.918431E-06 -0.002047076
v -0.0008669246 6.459234E-05 -0.001316046
v -0.0009476003 0.0003133505 -0.001316137
v -0.001020291 0.0005736562 -0.001379805
v -0.001080517 0.0007806247 -0.001534867
v -0.0009025658 0.0008078477 -0.00164018
v -0.0004629516 -6.224543E-05 -0.001602955
v -0.0003329734 0.0002428407 -0.001786563
v -0.0002384446 0.0002156963 -0.002033211
v -0.0003071307 0.000408383 -0.001992562
v -0.0008189796 0.0006254612 -0.001498941
v -0.0007246153 0.0007806247 -0.001745492
v -0.0007109772 0.0003682867 -0.001456172
v -0.0006176694 0.0005736562 -0.001618078
v -0.000558791 0.0007008116 -0.001843628
v -0.0004163951 0.0005738469 -0.001927899
v -0.0004437963 0.0004448804 -0.001720978
v -0.0005102289 0.0002127098 -0.001574976
v -0.000703341 0.0001433275 -0.001412855
v -0.0006355823 -4.675599E-05 -0.001452956
v 0.002175356 0.0002381769 -0.003046524
v 0.002040741 0.0001958421 -0.00305046
v 0.002214777 0.0001275908 -0.003023196
v 0.002112648 0.0003331389 -0.003083636
v 0.002030925 0.0004060054 -0.003132001
v 0.002084106 -5.635498E-05 -0.003024797
v 0.00178409 8.918471E-06 -0.003165056
v 0.002228223 8.918482E-06 -0.003015239
v 0.002214777 -0.0001097549 -0.003023196
v 0.002175357 -0.0002203399 -0.003046524
v 0.001856609 0.000338542 -0.003159431
v 0.001935756 0.0004518123 -0.003188322
v 0.001833629 0.0004674352 -0.003248762
v 0.0017315 0.0004518123 -0.003309202
v 0.0019613 -0.0002703164 -0.003097475
v 0.002112648 -0.000315302 -0.003083636
v 0.002030925 -0.0003881696 -0.003132001
v 0.001935756 -0.0004339753 -0.003188322
v 0.001639571 0.0002881529 -0.003287876
v 0.001636331 0.0004060054 -0.003365524
v 0.001554608 0.0003331389 -0.003413888
v 0.001491899 0.0002381769 -0.003451
v 0.001744262 -0.0003207056 -0.003225919
v 0.001833629 -0.0004495993 -0.003248762
v 0.0017315 -0.0004339753 -0.003309202
v 0.001636331 -0.0003881685 -0.003365524
v 0.001516765 7.419194E-05 -0.003360553
v 0.001452479 0.0001275918 -0.003474328
v 0.001439034 8.918465E-06 -0.003482285
v 0.001452479 -0.0001097549 -0.003474328
v 0.001560129 -0.0001780057 -0.00333489
v 0.001554608 -0.000315302 -0.003413888
v 0.0014919 -0.0002203399 -0.003451
v 0.000999384 -0.0005558204 -0.001379805
v 0.00136783 -0.00055601 -0.001352461
v 0.001225433 -0.0006829746 -0.001436732
v 0.00105961 -0.0007627885 -0.001534868
v 0.001173257 -0.0004270435 -0.001276905
v 0.001477094 -0.0003905467 -0.001287797
v 0.00128408 -0.0002250038 -0.001211319
v 0.001545781 -0.0001978599 -0.001247148
v 0.001569208 8.918467E-06 -0.001233284
v 0.0007980729 -0.0006076244 -0.001498942
v 0.000881659 -0.0007900114 -0.00164018
v 0.001013304 -0.0001948736 -0.001264881
v 0.001328663 8.918462E-06 -0.001184935
v 0.00154578 0.0002156964 -0.001247148
v 0.0008125554 -0.0003504501 -0.001383685
v 0.0005967626 -0.0005558204 -0.001618079
v 0.0007037084 -0.0007627885 -0.001745492
v 0.0005378842 -0.0006829746 -0.001843628
v 0.001060582 8.008182E-05 -0.001236902
v 0.00128408 0.0002428408 -0.001211319
v 0.001477094 0.0004083825 -0.001287797
v 0.00136783 0.0005738469 -0.001352461
v 0.0004228895 -0.0004270435 -0.001720978
v 0.0003954883 -0.0005560101 -0.001927899
v 0.0005759326 -0.0002955139 -0.00152372
v 0.0003120661 -0.0002250039 -0.001786563
v 0.0002862237 -0.0003905467 -0.001992562
v 0.0002175377 -0.0001978595 -0.002033211
v 0.0007782596 -0.0001254912 -0.001356146
v 0.0008460178 6.459236E-05 -0.001316046
v 0.0009266935 0.0003133505 -0.001316137
v 0.000267484 8.918439E-06 -0.001812948
v 0.0001941098 8.918438E-06 -0.002047076
v 0.0004420448 -6.224542E-05 -0.001602956
v 0.0006146755 -4.675598E-05 -0.001452956
v 0.0003120666 0.0002428407 -0.001786563
v 0.0002175376 0.0002156963 -0.002033211
v 0.0002862237 0.000408383 -0.001992562
v 0.0006824343 0.0001433275 -0.001412856
v 0.0004893221 0.0002127098 -0.001574976
v 0.0004228895 0.0004448804 -0.001720978
v 0.0003954882 0.0005738469 -0.001927899
v 0.0005967626 0.0005736562 -0.001618079
v 0.0005378841 0.0007008116 -0.001843628
v 0.0007037084 0.0007806247 -0.001745492
v 0.0006900704 0.0003682867 -0.001456173
v 0.0007980729 0.0006254612 -0.001498942
v 0.000881659 0.0008078477 -0.00164018
v 0.000999384 0.0005736562 -0.001379805
v 0.00105961 0.0007806247 -0.001534868
v 0.001225433 0.0007008116 -0.001436732
v 0.001173256 0.0004448794 -0.001276905
v 0.0024627 0.0002777678 -0.000983361
v 0.002634728 -4.62905E-06 -0.0008957132
v 0.002649425 0.0002348482 -0.0009016925
v 0.002586357 0.0005292796 -0.0008760362
v 0.002416664 -8.734437E-05 -0.0009648686
v 0.002543192 -0.0002572955 -0.000858477
v 0.0023291 0.0006071414 -0.0009296944
v 0.002408728 0.0008030268 -0.0008037772
v 0.002208576 -0.0003487373 -0.0008812824
v 0.00232401 -0.0004791469 -0.0007693148
v 0.002066892 0.0007749668 -0.0008243695
v 0.002145384 0.0009294281 -0.0006966498
v 0.001863654 0.0009108529 -0.000582042
v 0.00177623 0.0007171402 -0.000707615
v 0.001626985 0.0007190602 -0.0004857662
v 0.001568136 0.0004557467 -0.0006240258
v 0.00147342 0.000423475 -0.0004232967
v 0.001458546 7.160623E-05 -0.0004172459
v 0.002009004 0.000601408 -0.000906077
v 0.001917915 -0.0004065677 -0.000764527
v 0.002051475 -0.0005702134 -0.000658448
v 0.001778936 -0.0004791494 -0.0005475795
v 0.001655704 -0.0002387436 -0.0006592011
v 0.001559752 -0.0002572986 -0.0004584157
v 0.001902235 -0.0002243589 -0.0008641547
v 0.0015221 9.06311E-05 -0.0006055334
v 0.001714312 -0.0001070676 -0.0007903674
v 0.001618561 0.0001231304 -0.0007527694
v 0.001800691 0.0005609932 -0.0008242842
v 0.002110546 -0.0001839409 -0.0009459481
v 0.001809715 -8.447451E-06 -0.0008879199
v 0.001651554 0.0003783074 -0.0007657245
v 0.001731092 0.0002721931 -0.0008580026
v 0.001936929 0.0004456386 -0.0009363252
v 0.002259678 -1.25471E-06 -0.001004505
v 0.00206414 -8.44643E-06 -0.0009847307
v 0.001909723 0.0001946257 -0.0009799844
v 0.00214276 0.0002721925 -0.001014647
v 0.002196923 0.0004841152 -0.0009798637
v 0.002292671 0.0002539188 -0.00101746
v -0.001763249 -0.0003202027 -0.0004457587
v -0.001757031 -0.0003595217 -0.0006552398
v -0.001789228 -0.0003725046 -0.0004524702
v -0.001848413 -0.0003726142 2.815962E-05
v -0.001731249 -0.0003079313 -0.0006381506
v -0.001795141 7.479889E-05 -0.0004423949
v -0.001751774 -0.0003415231 -0.0006953973
v -0.001822208 -0.0003199126 3.11324E-05
v -0.001728839 -0.0002956261 -0.0006703418
v -0.001749579 -0.0003102279 -0.0007281339
v -0.001754287 7.479565E-05 -0.0006548992
v -0.00172705 -0.0002738895 -0.0006975269
v -0.001751793 -0.0002689323 -0.000750702
v -0.001728538 -0.0002434012 -0.0007149082
v -0.001736533 -0.0001907969 -0.0007270554
v -0.001759504 -0.0002089123 -0.0007648414
v -0.001767206 5.391989E-05 -0.0007709417
v -0.001742303 5.348774E-05 -0.0007348403
v -0.001747537 0.0003527799 -0.0007624671
v -0.001720459 0.0003430522 -0.0007265162
v -0.001711947 0.0003915369 -0.0007148167
v -0.001738673 0.0004089951 -0.000751709
v -0.001708168 0.0004249247 -0.0006976035
v -0.001733625 0.0004511458 -0.0007323754
v -0.001708908 0.0004462861 -0.000671891
v -0.001730302 0.0004877549 -0.000700249
v -0.001732872 0.0005093326 -0.0006600749
v -0.001710309 0.0004578767 -0.000638695
v -0.0017656 0.0005274808 -0.0004478666
v -0.001743563 0.0004705899 -0.0004390299
v -0.001819702 0.0005313656 2.720266E-05
v -0.001797097 0.0004737191 3.194153E-05
v -0.001847179 0.0005337175 0.0005220884
v -0.001852448 7.483683E-05 3.153711E-05
v -0.001823402 0.0004742594 0.000527597
v -0.001852277 0.0005343973 0.001090757
v -0.001881585 7.477941E-05 0.0005276972
v -0.001857302 -0.0003256315 0.0005277967
v -0.001883154 -0.0003757844 0.0005270081
v -0.001894605 -0.0003768527 0.001091444
v -0.001869879 -0.0003267337 0.001091499
v -0.001896034 -0.0003764723 0.001701719
v -0.001891019 7.478966E-05 0.0010921
v -0.00182934 0.000476314 0.001092701
v -0.001870309 -0.0003263953 0.001702078
v -0.001822842 0.0004746479 0.001700205
v -0.001845313 0.0005328184 0.001700526
v -0.001882789 7.477531E-05 0.001701142
v -0.001852205 -0.0003232621 0.002143742
v -0.00187907 -0.0003735965 0.002149343
v -0.001802507 0.0004692961 0.002146855
v -0.001825677 0.0005278572 0.002150554
v -0.001864444 7.475071E-05 0.002145298
v -0.001821169 -0.0003215043 0.002482065
v -0.001847201 -0.0003709015 0.002488917
v -0.001763321 0.0004647418 0.002480025
v -0.001785363 0.0005237986 0.002486695
v -0.001831224 7.471943E-05 0.002481045
v -0.00176415 -0.0003188227 0.002800599
v -0.00179029 -0.0003692299 0.00281147
v -0.001691309 0.0004618701 0.002797019
v -0.001711796 0.0005221269 0.002805116
v -0.001769794 7.471687E-05 0.002798809
v -0.00168062 -0.0003143956 0.003089489
v -0.001706792 -0.0003661033 0.003101784
v -0.001596124 0.0004606859 0.003098766
v -0.001615594 0.0005223873 0.003109505
v -0.001685481 7.475378E-05 0.003094127
v -0.001560008 -0.00030664 0.003397859
v -0.001582474 -0.0003559609 0.003414357
v -0.001571149 7.477993E-05 0.003415621
v -0.001479978 0.0004553432 0.003397853
v -0.001499542 0.0005159604 0.003416818
v -0.001523599 -0.0002959829 0.003488798
v -0.001446694 0.0004422476 0.003491438
v -0.00150745 -0.0002802072 0.003531442
v -0.001542082 -0.0003407203 0.003512187
v -0.001462991 0.0004955028 0.003514476
v -0.00152314 -0.0003159551 0.003566101
v -0.001450402 0.0004681488 0.003561516
v -0.001499227 -0.00024656 0.003558687
v -0.001512614 -0.000265144 0.003604097
v -0.001515311 -0.0001679797 0.003623125
v -0.001436821 0.0004245269 0.003524785
v -0.001446657 0.0004218202 0.00359664
v -0.001502981 -0.0001624601 0.003574954
v -0.001498975 7.964737E-05 0.003633869
v -0.001433017 0.0003903681 0.003552641
v -0.001459665 0.0003353494 0.003619634
v -0.001446245 0.0003211961 0.003571672
v -0.001489497 7.909782E-05 0.003586829
v 0.001742341 -0.0003201959 -0.0004457581
v 0.001736123 -0.0003595152 -0.0006552392
v 0.001768321 -0.0003724978 -0.0004524696
v 0.001827505 -0.0003726067 2.816021E-05
v 0.001710342 -0.0003079248 -0.00063815
v 0.001774233 7.480572E-05 -0.0004423946
v 0.001730866 -0.0003415167 -0.0006953966
v 0.001801301 -0.0003199051 3.11333E-05
v 0.001707931 -0.0002956196 -0.0006703413
v 0.001728671 -0.0003102215 -0.0007281333
v 0.001733379 7.480215E-05 -0.0006548989
v 0.001706142 -0.0002738831 -0.0006975263
v 0.001730885 -0.000268926 -0.0007507014
v 0.00170763 -0.0002433948 -0.0007149077
v 0.001715625 -0.0001907905 -0.0007270551
v 0.001738596 -0.000208906 -0.0007648408
v 0.001746298 5.392622E-05 -0.0007709414
v 0.001721396 5.349412E-05 -0.00073484
v 0.001726629 0.0003527862 -0.0007624674
v 0.001699551 0.0003430586 -0.0007265162
v 0.001691039 0.0003915433 -0.000714817
v 0.001717766 0.0004090015 -0.0007517093
v 0.00168726 0.0004249311 -0.0006976038
v 0.001712717 0.0004511522 -0.0007323759
v 0.001688 0.0004462925 -0.0006718916
v 0.001709395 0.0004877613 -0.0007002496
v 0.001711965 0.0005093391 -0.0006600755
v 0.001689402 0.0004578832 -0.0006386953
v 0.001744692 0.0005274877 -0.0004478669
v 0.001722655 0.0004705968 -0.0004390305
v 0.001798794 0.0005313731 2.720237E-05
v 0.001776189 0.0004737266 3.194094E-05
v 0.001826272 0.0005337258 0.0005220878
v 0.00183154 7.484437E-05 3.153741E-05
v 0.001802495 0.0004742677 0.0005275965
v 0.001831369 0.0005344065 0.001090757
v 0.001860677 7.478771E-05 0.0005276972
v 0.001836394 -0.0003256231 0.0005277973
v 0.001862246 -0.0003757761 0.0005270088
v 0.001873697 -0.0003768436 0.001091445
v 0.001848972 -0.0003267245 0.0010915
v 0.001875127 -0.0003764622 0.00170172
v 0.001870112 7.479882E-05 0.0010921
v 0.001808432 0.0004763231 0.0010927
v 0.001849402 -0.0003263852 0.001702079
v 0.001801935 0.000474658 0.001700205
v 0.001824406 0.0005328284 0.001700525
v 0.001861881 7.478538E-05 0.001701142
v 0.001831298 -0.0003232514 0.002143742
v 0.001858163 -0.0003735857 0.002149344
v 0.0017816 0.0004693068 0.002146855
v 0.00180477 0.0005278679 0.002150553
v 0.001843536 7.476145E-05 0.002145298
v 0.001800261 -0.000321493 0.002482066
v 0.001826293 -0.0003708903 0.002488917
v 0.001742414 0.0004647531 0.002480024
v 0.001764455 0.0005238099 0.002486694
v 0.001810316 7.473069E-05 0.002481045
v 0.001743243 -0.000318811 0.002800599
v 0.001769383 -0.0003692181 0.002811471
v 0.001670402 0.0004618818 0.002797018
v 0.001690888 0.0005221386 0.002805115
v 0.001748887 7.472861E-05 0.002798809
v 0.001659712 -0.0003143834 0.00308949
v 0.001685884 -0.0003660911 0.003101785
v 0.001575216 0.0004606982 0.003098765
v 0.001594686 0.0005223996 0.003109504
v 0.001664573 7.476597E-05 0.003094127
v 0.001539101 -0.0003066274 0.00339786
v 0.001561567 -0.0003559482 0.003414357
v 0.001550241 7.47926E-05 0.003415621
v 0.00145907 0.0004553559 0.003397853
v 0.001478635 0.0005159731 0.003416817
v 0.001502692 -0.0002959701 0.003488799
v 0.001425787 0.0004422604 0.003491438
v 0.001486542 -0.0002801943 0.003531443
v 0.001521174 -0.0003407075 0.003512188
v 0.001442083 0.0004955157 0.003514476
v 0.001502233 -0.0003159422 0.003566102
v 0.001429494 0.0004681617 0.003561516
v 0.001478319 -0.0002465471 0.003558688
v 0.001491706 -0.000265131 0.003604097
v 0.001494404 -0.0001679666 0.003623125
v 0.001415914 0.0004245397 0.003524784
v 0.00142575 0.0004218331 0.003596639
v 0.001482074 -0.0001624472 0.003574954
v 0.001478067 7.966038E-05 0.003633869
v 0.00141211 0.0003903811 0.00355264
v 0.001438757 0.0003353624 0.003619633
v 0.001425338 0.000321209 0.003571671
v 0.00146859 7.911077E-05 0.003586829
v -0.002290704 0.0002429976 -0.003189708
v -0.002362657 0.000139043 -0.003153831
v -0.002330953 0.0001300862 -0.003165888
v -0.002319433 0.0002603 -0.003179411
v -0.002226677 0.0003399569 -0.0032276
v -0.0023774 8.918431E-06 -0.003145105
v -0.002344682 8.918431E-06 -0.003157764
v -0.002250673 0.0003644248 -0.003220103
v -0.002143236 0.0004143552 -0.003276981
v -0.002362657 -0.0001212061 -0.00315383
v -0.002330953 -0.0001122504 -0.003165888
v -0.002161064 0.0004443237 -0.003273135
v -0.002046066 0.0004611247 -0.003334487
v -0.002319433 -0.0002424631 -0.003179411
v -0.002290704 -0.0002251607 -0.003189708
v -0.002056712 0.0004945503 -0.003334891
v -0.00194179 0.0004770768 -0.003396199
v -0.002250673 -0.000346589 -0.003220103
v -0.002226677 -0.00032212 -0.0032276
v -0.001944728 0.0005116815 -0.003401164
v -0.001837513 0.0004611247 -0.003457909
v -0.002161064 -0.0004264868 -0.003273135
v -0.002143236 -0.0003965194 -0.003276981
v -0.001832745 0.0004945503 -0.003467436
v -0.001740343 0.0004143562 -0.003515415
v -0.002056712 -0.0004767135 -0.003334891
v -0.002046066 -0.0004432889 -0.003334487
v -0.001728392 0.0004443237 -0.003529193
v -0.001656902 0.0003399569 -0.003564797
v -0.001944728 -0.0004938446 -0.003401164
v -0.001941789 -0.000459241 -0.003396199
v -0.001638783 0.0003644258 -0.003582225
v -0.001592875 0.0002429976 -0.003602688
v -0.001832745 -0.0004767135 -0.003467437
v -0.001837513 -0.0004432889 -0.003457909
v -0.001570024 0.0002603 -0.003622916
v -0.001552625 0.0001300873 -0.003626508
v -0.001728392 -0.0004264868 -0.003529193
v -0.001740343 -0.0003965194 -0.003515415
v -0.001526799 0.000139043 -0.003648497
v -0.001538898 8.918431E-06 -0.003634632
v -0.001638783 -0.000346589 -0.003582225
v -0.001656902 -0.00032212 -0.003564796
v -0.001512056 8.918431E-06 -0.003657222
v -0.001552625 -0.0001122504 -0.003626508
v -0.001570023 -0.0002424631 -0.003622916
v -0.001592875 -0.0002251607 -0.003602688
v -0.001526799 -0.0001212061 -0.003648497
v -0.001684451 -0.0004825565 -0.003518505
v -0.001583302 -0.0003923691 -0.003578365
v -0.001505688 -0.0002748348 -0.003624298
v -0.001456898 -0.000137963 -0.003653172
v -0.001440256 8.918431E-06 -0.003663021
v -0.001456898 0.0001557999 -0.003653172
v -0.001802242 -0.00053925 -0.003448796
v -0.001505689 0.0002926712 -0.003624298
v -0.001928646 -0.0005585875 -0.003373989
v -0.001583303 0.0004102054 -0.003578365
v -0.00205505 -0.0005392506 -0.003299182
v -0.001684451 0.0005003928 -0.003518504
v -0.00217284 -0.0004825565 -0.003229473
v -0.001802241 0.0005570868 -0.003448796
v -0.002273989 -0.0003923691 -0.003169612
v -0.001928646 0.0005764244 -0.003373989
v -0.002351603 -0.0002748348 -0.00312368
v -0.00205505 0.0005570868 -0.003299182
v -0.002400393 -0.000137963 -0.003094805
v -0.00217284 0.0005003923 -0.003229473
v -0.002417035 8.918431E-06 -0.003084956
v -0.002273988 0.0004102054 -0.003169612
v -0.002400393 0.0001557994 -0.003094805
v -0.002351603 0.0002926712 -0.00312368
v -0.002362021 -0.0002988445 -0.00305963
v -0.00241494 -0.0001503913 -0.003028312
v -0.002432989 8.918431E-06 -0.00301763
v -0.002414939 0.0001682281 -0.003028312
v -0.002362021 0.0003166813 -0.00305963
v -0.00227784 0.0004441607 -0.003109449
v -0.00227784 -0.0004263248 -0.003109449
v -0.002168132 0.000541979 -0.003174374
v -0.002168132 -0.0005241433 -0.003174374
v -0.002040375 0.0006034703 -0.003249983
v -0.002040375 -0.0005856346 -0.003249983
v -0.001903275 0.0006244442 -0.003331119
v -0.001903275 -0.0006066084 -0.003331119
v -0.001766174 0.0006034714 -0.003412255
v -0.001766174 -0.0005856346 -0.003412256
v -0.001638418 0.0005419801 -0.003487864
v -0.001638418 -0.0005241433 -0.003487864
v -0.001528711 0.0004441607 -0.003552789
v -0.00152871 -0.0004263248 -0.003552789
v -0.001444528 0.0003166813 -0.003602608
v -0.001444528 -0.0002988445 -0.003602608
v -0.00139161 0.0001682281 -0.003633925
v -0.00139161 -0.0001503913 -0.003633925
v -0.001373561 8.918431E-06 -0.003644608
v -0.001508098 -0.0004289054 -0.003523027
v -0.001618456 -0.0005273042 -0.003457717
v -0.001423417 -0.0003006694 -0.003573142
v -0.001370184 -0.0001513366 -0.003604645
v -0.00174697 -0.0005891604 -0.00338166
v -0.001352028 8.918431E-06 -0.00361539
v -0.001370184 0.0001691724 -0.003604645
v -0.001884884 -0.0006102583 -0.003300043
v -0.001423417 0.0003185063 -0.003573142
v -0.002022797 -0.0005891604 -0.003218425
v -0.001508098 0.0004467423 -0.003523027
v -0.002151312 -0.0005273042 -0.003142369
v -0.001618456 0.000545141 -0.003457717
v -0.002261669 -0.0004289054 -0.003077058
v -0.00174697 0.0006069962 -0.00338166
v -0.00234635 -0.0003006694 -0.003026943
v -0.001884884 0.0006280941 -0.003300042
v -0.002399583 -0.0001513366 -0.00299544
v -0.002022797 0.0006069962 -0.003218425
v -0.002417739 8.918431E-06 -0.002984694
v -0.002151312 0.0005451399 -0.003142369
v -0.002399583 0.0001691724 -0.00299544
v -0.002261669 0.0004467423 -0.003077058
v -0.00234635 0.0003185063 -0.003026943
v 0.00234175 0.000139043 -0.003153832
v 0.002269797 0.0002429977 -0.003189709
v 0.002310045 0.0001300863 -0.003165889
v 0.002298525 0.0002603 -0.003179412
v 0.00220577 0.0003399569 -0.003227601
v 0.002356493 8.918484E-06 -0.003145106
v 0.002323775 8.918484E-06 -0.003157765
v 0.002229766 0.0003644248 -0.003220104
v 0.002122329 0.0004143552 -0.003276981
v 0.00234175 -0.0001212061 -0.003153831
v 0.002310045 -0.0001122504 -0.003165889
v 0.002140157 0.0004443237 -0.003273136
v 0.002025158 0.0004611247 -0.003334488
v 0.002298525 -0.000242463 -0.003179412
v 0.002269797 -0.0002251607 -0.003189709
v 0.002035805 0.0004945504 -0.003334892
v 0.001920883 0.0004770768 -0.003396199
v 0.002229766 -0.0003465889 -0.003220104
v 0.00220577 -0.00032212 -0.003227601
v 0.001923821 0.0005116815 -0.003401164
v 0.001816606 0.0004611247 -0.00345791
v 0.002140157 -0.0004264868 -0.003273136
v 0.002122329 -0.0003965193 -0.003276981
v 0.001811837 0.0004945504 -0.003467436
v 0.001719435 0.0004143562 -0.003515416
v 0.002035805 -0.0004767135 -0.003334892
v 0.002025158 -0.0004432888 -0.003334488
v 0.001707485 0.0004443237 -0.003529193
v 0.001635994 0.0003399569 -0.003564798
v 0.001923821 -0.0004938446 -0.003401164
v 0.001920882 -0.0004592409 -0.003396199
v 0.001617876 0.0003644259 -0.003582225
v 0.001571968 0.0002429976 -0.003602688
v 0.001811838 -0.0004767135 -0.003467438
v 0.001816606 -0.0004432888 -0.00345791
v 0.001549116 0.0002603 -0.003622917
v 0.001531718 0.0001300873 -0.003626508
v 0.001707485 -0.0004264868 -0.003529193
v 0.001719435 -0.0003965193 -0.003515416
v 0.001505891 0.000139043 -0.003648497
v 0.00151799 8.918466E-06 -0.003634632
v 0.001617876 -0.0003465889 -0.003582225
v 0.001635994 -0.00032212 -0.003564797
v 0.001491149 8.918466E-06 -0.003657222
v 0.001531718 -0.0001122504 -0.003626508
v 0.001549115 -0.0002424631 -0.003622917
v 0.001571968 -0.0002251607 -0.003602688
v 0.001505891 -0.0001212061 -0.003648497
v 0.001663544 -0.0004825565 -0.003518506
v 0.001562395 -0.0003923691 -0.003578365
v 0.001484781 -0.0002748348 -0.003624298
v 0.00143599 -0.000137963 -0.003653172
v 0.001419349 8.918465E-06 -0.003663021
v 0.00143599 0.0001557999 -0.003653172
v 0.001781334 -0.00053925 -0.003448796
v 0.001484781 0.0002926712 -0.003624298
v 0.001907739 -0.0005585875 -0.003373989
v 0.001562396 0.0004102055 -0.003578366
v 0.002034143 -0.0005392505 -0.003299183
v 0.001663544 0.0005003928 -0.003518505
v 0.002151933 -0.0004825565 -0.003229473
v 0.001781334 0.0005570868 -0.003448796
v 0.002253082 -0.0003923691 -0.003169613
v 0.001907739 0.0005764244 -0.003373989
v 0.002330695 -0.0002748347 -0.00312368
v 0.002034143 0.0005570868 -0.003299183
v 0.002379486 -0.000137963 -0.003094806
v 0.002151933 0.0005003923 -0.003229473
v 0.002396127 8.918486E-06 -0.003084957
v 0.002253081 0.0004102055 -0.003169613
v 0.002379485 0.0001557994 -0.003094806
v 0.002330695 0.0002926712 -0.00312368
v 0.002341114 -0.0002988444 -0.00305963
v 0.002394033 -0.0001503912 -0.003028313
v 0.002412082 8.918486E-06 -0.00301763
v 0.002394032 0.0001682282 -0.003028313
v 0.002341114 0.0003166814 -0.00305963
v 0.002256933 0.0004441607 -0.00310945
v 0.002256933 -0.0004263248 -0.00310945
v 0.002147225 0.0005419791 -0.003174375
v 0.002147225 -0.0005241433 -0.003174375
v 0.002019468 0.0006034704 -0.003249983
v 0.002019468 -0.0005856345 -0.003249983
v 0.001882368 0.0006244442 -0.003331119
v 0.001882368 -0.0006066083 -0.003331119
v 0.001745267 0.0006034714 -0.003412256
v 0.001745267 -0.0005856345 -0.003412257
v 0.001617511 0.0005419801 -0.003487864
v 0.001617511 -0.0005241433 -0.003487864
v 0.001507803 0.0004441607 -0.00355279
v 0.001507802 -0.0004263248 -0.00355279
v 0.001423621 0.0003166813 -0.003602608
v 0.001423621 -0.0002988444 -0.003602608
v 0.001370703 0.0001682282 -0.003633926
v 0.001370703 -0.0001503912 -0.003633926
v 0.001352653 8.918462E-06 -0.003644608
v 0.00148719 -0.0004289054 -0.003523027
v 0.00140251 -0.0003006694 -0.003573142
v 0.001597549 -0.0005273041 -0.003457717
v 0.001349277 -0.0001513365 -0.003604646
v 0.00133112 8.918462E-06 -0.00361539
v 0.001726063 -0.0005891604 -0.003381661
v 0.001349277 0.0001691724 -0.003604646
v 0.00140251 0.0003185064 -0.003573142
v 0.001863976 -0.0006102582 -0.003300044
v 0.00148719 0.0004467423 -0.003523027
v 0.00200189 -0.0005891604 -0.003218425
v 0.001597549 0.000545141 -0.003457717
v 0.002130405 -0.0005273041 -0.003142369
v 0.001726063 0.0006069962 -0.003381661
v 0.002240762 -0.0004289054 -0.003077059
v 0.001863976 0.0006280942 -0.003300043
v 0.002325443 -0.0003006694 -0.003026944
v 0.00200189 0.0006069962 -0.003218425
v 0.002378676 -0.0001513365 -0.002995441
v 0.002130405 0.00054514 -0.003142369
v 0.002396832 8.918486E-06 -0.002984695
v 0.002240762 0.0004467423 -0.003077059
v 0.002378676 0.0001691725 -0.002995441
v 0.002325443 0.0003185064 -0.003026944
v 0.000855282 -0.000674476 0.007400254
v 0.0008846543 -0.0005386038 0.007331241
v 0.0009477128 -0.000674476 0.007331241
v 0.0008215226 -0.0006017355 0.007400254
v 0.0007487817 -0.000674476 0.007400254
v 0.0007487817 -0.000475545 0.007331241
v 0.0008215226 -0.000747217 0.007400254
v 0.0008846543 -0.0008103487 0.007331241
v 0.0007487817 -0.0005679767 0.007400254
v 0.0006129095 -0.0005386038 0.007331241
v 0.0007487817 -0.0007809764 0.007400254
v 0.0007487817 -0.0008734071 0.007331241
v 0.0006760417 -0.0006017355 0.007400254
v 0.0005498516 -0.000674476 0.007331241
v 0.0006760417 -0.000747217 0.007400254
v 0.0006129095 -0.0008103487 0.007331241
v 0.0006422824 -0.000674476 0.007400254
vt 0.5859375 0.2653809
vt 0.5839844 0.2570801
vt 0.5830078 0.2653809
vt 0.5839844 0.2570801
vt 0.5688477 0.2653809
vt 0.5859375 0.2653809
vt 0.5888672 0.2570801
vt 0.5878906 0.2653809
vt 0.590332 0.2653809
vt 0.5932617 0.2653809
vt 0.5664063 0.2570801
vt 0.5498047 0.2653809
vt 0.5869141 0.2128906
vt 0.5722656 0.2128906
vt 0.590332 0.2128906
vt 0.5551758 0.2128906
vt 0.5932617 0.2128906
vt 0.5478516 0.2570801
vt 0.5390625 0.2128906
vt 0.5932617 0.2570801
vt 0.5981445 0.2128906
vt 0.5307617 0.2570801
vt 0.5322266 0.2653809
vt 0.5097656 0.2128906
vt 0.6005859 0.2570801
vt 0.6098633 0.2128906
vt 0.6000977 0.2653809
vt 0.6098633 0.2570801
vt 0.6098633 0.2653809
vt 0.5039063 0.2570801
vt 0.5039063 0.2653809
vt 0.4794922 0.2128906
vt 0.4765625 0.2653809
vt 0.4763184 0.2570801
vt 0.439209 0.2653809
vt 0.4394531 0.2128906
vt 0.439209 0.2570801
vt 0.404541 0.2653809
vt 0.4047852 0.2570801
vt 0.4030762 0.2128906
vt 0.3737793 0.2653809
vt 0.3745117 0.2570801
vt 0.371582 0.2128906
vt 0.3413086 0.2653809
vt 0.3422852 0.2570801
vt 0.340332 0.2128906
vt 0.3334961 0.2570801
vt 0.3330078 0.2653809
vt 0.3310547 0.2128906
vt 0.3300781 0.2653809
vt 0.3300781 0.2570801
vt 0.3276367 0.2128906
vt 0.326416 0.2653809
vt 0.3256836 0.2570801
vt 0.3239746 0.2128906
vt 0.3146973 0.2128906
vt 0.3154297 0.2570801
vt 0.3156738 0.2653809
vt 0.3049316 0.2128906
vt 0.3034668 0.2570801
vt 0.3029785 0.2653809
vt 0.2966309 0.2653809
vt 0.2971191 0.2570801
vt 0.2988281 0.2128906
vt 0.2902832 0.2653809
vt 0.2907715 0.2570801
vt 0.293457 0.2128906
vt 0.2897949 0.2128906
vt 0.2866211 0.2570801
vt 0.286377 0.2653809
vt 0.286377 0.2128906
vt 0.2832031 0.2570801
vt 0.2834473 0.2653809
vt 0.2770996 0.2128906
vt 0.2749023 0.2653809
vt 0.2739258 0.2570801
vt 0.244751 0.2128906
vt 0.2416992 0.2653809
vt 0.2414551 0.2570801
vt 0.2130127 0.2128906
vt 0.2106934 0.2653809
vt 0.2106934 0.2570801
vt 0.1767578 0.2128906
vt 0.1761475 0.2653809
vt 0.1763916 0.2570801
vt 0.1390381 0.2653809
vt 0.137207 0.2128906
vt 0.1395264 0.2570801
vt 0.1120605 0.2653809
vt 0.112854 0.2570801
vt 0.1079102 0.2128906
vt 0.07806396 0.2128906
vt 0.08563232 0.2570801
vt 0.08453369 0.2653809
vt 0.06793213 0.2653809
vt 0.06958008 0.2570801
vt 0.06167603 0.2128906
vt 0.04901123 0.2653809
vt 0.04403687 0.2128906
vt 0.05130005 0.2570801
vt 0.03530884 0.2653809
vt 0.03530884 0.2570801
vt 0.03240967 0.2653809
vt 0.02874756 0.2128906
vt 0.03013611 0.2653809
vt 0.02981567 0.2570801
vt 0.02502441 0.2128906
vt 0.02789307 0.2653809
vt 0.02511597 0.2570801
vt 0.02507019 0.2653809
vt 0.02098083 0.2128906
vt 0.01856995 0.2653809
vt 0.01802063 0.2570801
vt 0.01218414 0.2128906
vt 0.009918213 0.2653809
vt 0.009918213 0.2570801
vt 0.6000977 0.2653809
vt 0.6098633 0.2570801
vt 0.6098633 0.2653809
vt 0.6005859 0.2570801
vt 0.6098633 0.2128906
vt 0.5981445 0.2128906
vt 0.5932617 0.2653809
vt 0.5932617 0.2570801
vt 0.5888672 0.2570801
vt 0.590332 0.2653809
vt 0.5932617 0.2128906
vt 0.5878906 0.2653809
vt 0.590332 0.2128906
vt 0.5859375 0.2653809
vt 0.5869141 0.2128906
vt 0.5839844 0.2570801
vt 0.5830078 0.2653809
vt 0.5722656 0.2128906
vt 0.5688477 0.2653809
vt 0.5664063 0.2570801
vt 0.5551758 0.2128906
vt 0.5498047 0.2653809
vt 0.5478516 0.2570801
vt 0.5390625 0.2128906
vt 0.5307617 0.2570801
vt 0.5322266 0.2653809
vt 0.5097656 0.2128906
vt 0.5039063 0.2570801
vt 0.5039063 0.2653809
vt 0.4794922 0.2128906
vt 0.4765625 0.2653809
vt 0.4763184 0.2570801
vt 0.439209 0.2653809
vt 0.4394531 0.2128906
vt 0.439209 0.2570801
vt 0.404541 0.2653809
vt 0.4047852 0.2570801
vt 0.4030762 0.2128906
vt 0.3737793 0.2653809
vt 0.3745117 0.2570801
vt 0.371582 0.2128906
vt 0.3413086 0.2653809
vt 0.3422852 0.2570801
vt 0.340332 0.2128906
vt 0.3334961 0.2570801
vt 0.3330078 0.2653809
vt 0.3310547 0.2128906
vt 0.3300781 0.2653809
vt 0.3300781 0.2570801
vt 0.3276367 0.2128906
vt 0.326416 0.2653809
vt 0.3256836 0.2570801
vt 0.3239746 0.2128906
vt 0.3146973 0.2128906
vt 0.3154297 0.2570801
vt 0.3156738 0.2653809
vt 0.3049316 0.2128906
vt 0.3034668 0.2570801
vt 0.3029785 0.2653809
vt 0.2966309 0.2653809
vt 0.2971191 0.2570801
vt 0.2988281 0.2128906
vt 0.2902832 0.2653809
vt 0.2907715 0.2570801
vt 0.293457 0.2128906
vt 0.2897949 0.2128906
vt 0.2866211 0.2570801
vt 0.286377 0.2653809
vt 0.286377 0.2128906
vt 0.2832031 0.2570801
vt 0.2834473 0.2653809
vt 0.2770996 0.2128906
vt 0.2749023 0.2653809
vt 0.2739258 0.2570801
vt 0.244751 0.2128906
vt 0.2416992 0.2653809
vt 0.2414551 0.2570801
vt 0.2130127 0.2128906
vt 0.2106934 0.2653809
vt 0.2106934 0.2570801
vt 0.1767578 0.2128906
vt 0.1761475 0.2653809
vt 0.1763916 0.2570801
vt 0.1390381 0.2653809
vt 0.137207 0.2128906
vt 0.1395264 0.2570801
vt 0.1120605 0.2653809
vt 0.112854 0.2570801
vt 0.1079102 0.2128906
vt 0.07806396 0.2128906
vt 0.08563232 0.2570801
vt 0.08453369 0.2653809
vt 0.06793213 0.2653809
vt 0.06958008 0.2570801
vt 0.06167603 0.2128906
vt 0.04901123 0.2653809
vt 0.04403687 0.2128906
vt 0.05130005 0.2570801
vt 0.03530884 0.2653809
vt 0.03530884 0.2570801
vt 0.03240967 0.2653809
vt 0.02874756 0.2128906
vt 0.03013611 0.2653809
vt 0.02981567 0.2570801
vt 0.02502441 0.2128906
vt 0.02789307 0.2653809
vt 0.02511597 0.2570801
vt 0.02507019 0.2653809
vt 0.02098083 0.2128906
vt 0.01856995 0.2653809
vt 0.01802063 0.2570801
vt 0.01218414 0.2128906
vt 0.009918213 0.2653809
vt 0.009918213 0.2570801
vt 0.902832 0.2729492
vt 0.9287109 0.2822266
vt 0.9267578 0.2729492
vt 0.9033203 0.2822266
vt 0.8774414 0.2729492
vt 0.9335938 0.3071289
vt 0.8774414 0.2822266
vt 0.8505859 0.2729492
vt 0.9047852 0.3071289
vt 0.8505859 0.2822266
vt 0.8237305 0.2729492
vt 0.9067383 0.3251953
vt 0.9365234 0.3251953
vt 0.8774414 0.3071289
vt 0.8237305 0.2822266
vt 0.796875 0.2729492
vt 0.9086914 0.3432617
vt 0.9394531 0.3432617
vt 0.8789063 0.3251953
vt 0.8505859 0.3071289
vt 0.8808594 0.3432617
vt 0.9101563 0.3591309
vt 0.940918 0.3591309
vt 0.8515625 0.3251953
vt 0.8530273 0.3432617
vt 0.8833008 0.3591309
vt 0.9101563 0.3676758
vt 0.940918 0.3676758
vt 0.940918 0.3725586
vt 0.8852539 0.3676758
vt 0.8242188 0.3251953
vt 0.8251953 0.3432617
vt 0.8237305 0.3071289
vt 0.796875 0.2822266
vt 0.7695313 0.2822266
vt 0.7695313 0.2729492
vt 0.796875 0.3071289
vt 0.796875 0.3251953
vt 0.796875 0.3432617
vt 0.796875 0.3591309
vt 0.8261719 0.3591309
vt 0.7700195 0.3071289
vt 0.7426758 0.2822266
vt 0.7426758 0.2729492
vt 0.7695313 0.3251953
vt 0.7426758 0.3071289
vt 0.7163086 0.2822266
vt 0.7163086 0.2729492
vt 0.7685547 0.3432617
vt 0.7158203 0.3071289
vt 0.7416992 0.3251953
vt 0.690918 0.2822266
vt 0.690918 0.2729492
vt 0.6889648 0.3071289
vt 0.6655273 0.2822266
vt 0.6669922 0.2729492
vt 0.6601563 0.3071289
vt 0.7148438 0.3251953
vt 0.6870117 0.3251953
vt 0.6577148 0.3251953
vt 0.7402344 0.3432617
vt 0.7128906 0.3432617
vt 0.6855469 0.3432617
vt 0.6547852 0.3432617
vt 0.7670898 0.3591309
vt 0.7387695 0.3591309
vt 0.7104492 0.3591309
vt 0.684082 0.3591309
vt 0.6538086 0.3591309
vt 0.6538086 0.3676758
vt 0.684082 0.3676758
vt 0.7084961 0.3676758
vt 0.6743164 0.3776855
vt 0.6538086 0.3723145
vt 0.6704102 0.3837891
vt 0.6538086 0.3791504
vt 0.684082 0.3935547
vt 0.6894531 0.3886719
vt 0.6962891 0.4108887
vt 0.7104492 0.3884277
vt 0.7021484 0.4077148
vt 0.734375 0.4086914
vt 0.7080078 0.4333496
vt 0.7319336 0.3676758
vt 0.715332 0.4309082
vt 0.753418 0.3676758
vt 0.7333984 0.3879395
vt 0.7207031 0.4465332
vt 0.7138672 0.4492188
vt 0.7216797 0.4682617
vt 0.7148438 0.467041
vt 0.7084961 0.4836426
vt 0.7744141 0.3676758
vt 0.7543945 0.3879395
vt 0.7353516 0.4306641
vt 0.7143555 0.4875488
vt 0.6962891 0.4960938
vt 0.7011719 0.5024414
vt 0.6733398 0.5078125
vt 0.7348633 0.4519043
vt 0.7294922 0.4921875
vt 0.7329102 0.4719238
vt 0.7548828 0.4084473
vt 0.7553711 0.4306641
vt 0.7548828 0.4523926
vt 0.7539063 0.4736328
vt 0.7519531 0.4946289
vt 0.7749023 0.3876953
vt 0.7753906 0.4526367
vt 0.7749023 0.4741211
vt 0.7753906 0.4306641
vt 0.796875 0.4304199
vt 0.7753906 0.4084473
vt 0.796875 0.4082031
vt 0.796875 0.3876953
vt 0.7739258 0.4956055
vt 0.796875 0.3676758
vt 0.8188477 0.3676758
vt 0.8183594 0.3876953
vt 0.8183594 0.4082031
vt 0.840332 0.3676758
vt 0.8393555 0.3876953
vt 0.8383789 0.4082031
vt 0.8588867 0.4084473
vt 0.8178711 0.4301758
vt 0.8378906 0.4299316
vt 0.8188477 0.4521484
vt 0.8549805 0.3591309
vt 0.8613281 0.3676758
vt 0.8598633 0.3879395
vt 0.8828125 0.3884277
vt 0.9042969 0.3891602
vt 0.890625 0.407959
vt 0.9199219 0.3779297
vt 0.9238281 0.3840332
vt 0.940918 0.3796387
vt 0.909668 0.394043
vt 0.8964844 0.411377
vt 0.8837891 0.4328613
vt 0.8774414 0.4301758
vt 0.8579102 0.4299316
vt 0.8720703 0.4450684
vt 0.878418 0.4475098
vt 0.8720703 0.465332
vt 0.8779297 0.463623
vt 0.8862305 0.4782715
vt 0.8388672 0.451416
vt 0.8583984 0.4501953
vt 0.8808594 0.4831543
vt 0.9008789 0.4897461
vt 0.8959961 0.4973145
vt 0.9277344 0.5014648
vt 0.8657227 0.4890137
vt 0.8608398 0.4694824
vt 0.840332 0.4719238
vt 0.8198242 0.4733887
vt 0.8432617 0.4926758
vt 0.8212891 0.4946289
vt 0.7973633 0.4741211
vt 0.7973633 0.4956055
vt 0.796875 0.4526367
vt 0.7978516 0.5244141
vt 0.8242188 0.5234375
vt 0.8481445 0.5214844
vt 0.7719727 0.5244141
vt 0.7978516 0.5527344
vt 0.7480469 0.5234375
vt 0.8740234 0.5180664
vt 0.8261719 0.5522461
vt 0.7978516 0.59375
vt 0.7700195 0.5527344
vt 0.7231445 0.5209961
vt 0.8520508 0.5507813
vt 0.7451172 0.5522461
vt 0.8276367 0.59375
vt 0.7680664 0.59375
vt 0.7026367 0.5253906
vt 0.7182617 0.550293
vt 0.7412109 0.59375
vt 0.6757813 0.5161133
vt 0.6879883 0.5473633
vt 0.6538086 0.5219727
vt 0.6518555 0.5131836
vt 0.7670898 0.625
vt 0.7128906 0.5932617
vt 0.6669922 0.5478516
vt 0.6826172 0.5922852
vt 0.7094727 0.625
vt 0.6323242 0.5239258
vt 0.6308594 0.5141602
vt 0.737793 0.625
vt 0.6108398 0.5234375
vt 0.6108398 0.5141602
vt 0.6230469 0.5361328
vt 0.6108398 0.5341797
vt 0.6362305 0.5405273
vt 0.6191406 0.559082
vt 0.6108398 0.5581055
vt 0.6445313 0.5493164
vt 0.6269531 0.5615234
vt 0.6181641 0.5605469
vt 0.6108398 0.5595703
vt 0.6259766 0.5625
vt 0.6303711 0.5664063
vt 0.6318359 0.5654297
vt 0.6479492 0.5664063
vt 0.6342773 0.5708008
vt 0.6323242 0.5712891
vt 0.6347656 0.5844727
vt 0.6333008 0.5844727
vt 0.6557617 0.5908203
vt 0.6357422 0.625
vt 0.6342773 0.625
vt 0.6342773 0.6586914
vt 0.6328125 0.6586914
vt 0.6308594 0.6972656
vt 0.6547852 0.625
vt 0.6806641 0.625
vt 0.6772461 0.6591797
vt 0.7080078 0.6591797
vt 0.652832 0.6591797
vt 0.7373047 0.6591797
vt 0.7666016 0.6586914
vt 0.7368164 0.6972656
vt 0.7070313 0.6977539
vt 0.6757813 0.6977539
vt 0.6518555 0.6977539
vt 0.796875 0.625
vt 0.6323242 0.6972656
vt 0.6318359 0.7407227
vt 0.6303711 0.7407227
vt 0.6323242 0.7739258
vt 0.6308594 0.7739258
vt 0.6347656 0.8110352
vt 0.6518555 0.7407227
vt 0.6767578 0.7397461
vt 0.6533203 0.7729492
vt 0.6362305 0.8105469
vt 0.6435547 0.8334961
vt 0.6416016 0.8339844
vt 0.652832 0.8598633
vt 0.7075195 0.7387695
vt 0.6787109 0.7709961
vt 0.6572266 0.8071289
vt 0.737793 0.737793
vt 0.7089844 0.769043
vt 0.6831055 0.8032227
vt 0.6625977 0.8291016
vt 0.6542969 0.859375
vt 0.6699219 0.8540039
vt 0.6640625 0.878418
vt 0.6796875 0.8779297
vt 0.6625977 0.8789063
vt 0.6665039 0.8833008
vt 0.6650391 0.8837891
vt 0.6879883 0.8237305
vt 0.7124023 0.7998047
vt 0.6674805 0.8886719
vt 0.6660156 0.8881836
vt 0.6650391 0.8930664
vt 0.6757813 0.8920898
vt 0.6665039 0.894043
vt 0.6621094 0.8974609
vt 0.6948242 0.8466797
vt 0.7392578 0.7675781
vt 0.7675781 0.737793
vt 0.7670898 0.6972656
vt 0.796875 0.737793
vt 0.7680664 0.7666016
vt 0.7412109 0.7973633
vt 0.7158203 0.8188477
vt 0.7231445 0.840332
vt 0.796875 0.6586914
vt 0.7436523 0.8154297
vt 0.769043 0.7958984
vt 0.796875 0.7666016
vt 0.703125 0.8686523
vt 0.796875 0.6972656
vt 0.8276367 0.6977539
vt 0.828125 0.6591797
vt 0.8276367 0.625
vt 0.8554688 0.5932617
vt 0.8579102 0.625
vt 0.8803711 0.5478516
vt 0.8959961 0.5214844
vt 0.9248047 0.5107422
vt 0.9121094 0.5444336
vt 0.8862305 0.5922852
vt 0.8896484 0.625
vt 0.859375 0.6601563
vt 0.949707 0.5175781
vt 0.9521484 0.5083008
vt 0.918457 0.5908203
vt 0.9345703 0.5444336
vt 0.8583984 0.6992188
vt 0.890625 0.6611328
vt 0.921875 0.625
vt 0.972168 0.5214844
vt 0.9746094 0.5117188
vt 0.9482422 0.5883789
vt 0.8266602 0.7387695
vt 0.9941406 0.5234375
vt 0.9941406 0.5141602
vt 0.9814453 0.5351563
vt 0.9941406 0.5341797
vt 0.9941406 0.5581055
vt 0.8256836 0.7675781
vt 0.9672852 0.5385742
vt 0.9584961 0.546875
vt 0.9755859 0.5600586
vt 0.9848633 0.5585938
vt 0.9853516 0.5600586
vt 0.9941406 0.5595703
vt 0.9765625 0.5615234
vt 0.9716797 0.5639648
vt 0.9550781 0.5634766
vt 0.9707031 0.5629883
vt 0.96875 0.5678711
vt 0.9702148 0.5683594
vt 0.9692383 0.5805664
vt 0.9707031 0.5800781
vt 0.9521484 0.625
vt 0.9750977 0.625
vt 0.9716797 0.6655273
vt 0.9765625 0.625
vt 0.9736328 0.6655273
vt 0.96875 0.7075195
vt 0.9233398 0.6625977
vt 0.9506836 0.6640625
vt 0.8896484 0.7006836
vt 0.921875 0.703125
vt 0.9472656 0.7055664
vt 0.9672852 0.7075195
vt 0.9624023 0.7509766
vt 0.9638672 0.7509766
vt 0.8564453 0.7402344
vt 0.887207 0.7421875
vt 0.9179688 0.7456055
vt 0.9580078 0.7822266
vt 0.9594727 0.7822266
vt 0.9526367 0.815918
vt 0.9428711 0.7485352
vt 0.8544922 0.769043
vt 0.8842773 0.7719727
vt 0.9511719 0.8154297
vt 0.9458008 0.8364258
vt 0.9384766 0.7792969
vt 0.9140625 0.7758789
vt 0.9443359 0.8359375
vt 0.9355469 0.859375
vt 0.9321289 0.8110352
vt 0.9082031 0.8061523
vt 0.8803711 0.8017578
vt 0.9345703 0.8588867
vt 0.9267578 0.8774414
vt 0.9267578 0.8310547
vt 0.8520508 0.7983398
vt 0.9033203 0.8256836
vt 0.8764648 0.8203125
vt 0.8242188 0.7963867
vt 0.8964844 0.847168
vt 0.8491211 0.8164063
vt 0.796875 0.7958984
vt 0.9194336 0.8540039
vt 0.9106445 0.8769531
vt 0.8691406 0.8408203
vt 0.8227539 0.8144531
vt 0.7705078 0.8139648
vt 0.925293 0.8769531
vt 0.9238281 0.8813477
vt 0.925293 0.8823242
vt 0.9233398 0.8867188
vt 0.9243164 0.8862305
vt 0.9257813 0.890625
vt 0.9155273 0.890625
vt 0.9243164 0.8916016
vt 0.9287109 0.8950195
vt 0.796875 0.8139648
vt 0.9272461 0.8959961
vt 0.9204102 0.8994141
vt 0.9155273 0.9106445
vt 0.9345703 0.9038086
vt 0.9355469 0.9023438
vt 0.9438477 0.9116211
vt 0.9428711 0.9130859
vt 0.9287109 0.9086914
vt 0.9379883 0.918457
vt 0.9306641 0.925293
vt 0.9101563 0.9428711
vt 0.8989258 0.8989258
vt 0.8847656 0.9194336
vt 0.8789063 0.8896484
vt 0.8979492 0.9296875
vt 0.8828125 0.9462891
vt 0.8916016 0.9570313
vt 0.8881836 0.8681641
vt 0.8637695 0.8618164
vt 0.8671875 0.9609375
vt 0.8725586 0.96875
vt 0.8500977 0.9794922
vt 0.8427734 0.9682617
vt 0.8266602 0.9824219
vt 0.8583984 0.9516602
vt 0.8457031 0.8374023
vt 0.8237305 0.8349609
vt 0.8417969 0.8579102
vt 0.796875 0.8344727
vt 0.8349609 0.9609375
vt 0.871582 0.9360352
vt 0.8579102 0.8823242
vt 0.8212891 0.8554688
vt 0.8378906 0.878418
vt 0.8686523 0.9101563
vt 0.8623047 0.9208984
vt 0.8598633 0.90625
vt 0.8574219 0.9121094
vt 0.8535156 0.9345703
vt 0.8583984 0.9272461
vt 0.8476563 0.9428711
vt 0.8505859 0.902832
vt 0.8427734 0.9003906
vt 0.8554688 0.9077148
vt 0.8540039 0.9243164
vt 0.8500977 0.9287109
vt 0.8452148 0.9296875
vt 0.8359375 0.9365234
vt 0.8569336 0.918457
vt 0.8500977 0.925293
vt 0.8530273 0.9223633
vt 0.8466797 0.9262695
vt 0.8554688 0.9174805
vt 0.855957 0.9125977
vt 0.8544922 0.9086914
vt 0.84375 0.9248047
vt 0.8515625 0.9072266
vt 0.8417969 0.9277344
vt 0.8398438 0.9233398
vt 0.8422852 0.9213867
vt 0.8520508 0.9057617
vt 0.8476563 0.9072266
vt 0.8481445 0.9082031
vt 0.8432617 0.9116211
vt 0.8447266 0.9116211
vt 0.8427734 0.9165039
vt 0.840332 0.9174805
vt 0.8330078 0.8979492
vt 0.8286133 0.9155273
vt 0.8188477 0.8754883
vt 0.8237305 0.9321289
vt 0.8164063 0.8955078
vt 0.796875 0.8544922
vt 0.8261719 0.9545898
vt 0.815918 0.9707031
vt 0.8134766 0.9135742
vt 0.796875 0.875
vt 0.8168945 0.9506836
vt 0.8066406 0.9829102
vt 0.8120117 0.9912109
vt 0.796875 0.9931641
vt 0.8061523 0.9663086
vt 0.8110352 0.9301758
vt 0.796875 0.8945313
vt 0.796875 0.9799805
vt 0.7919922 0.9658203
vt 0.8076172 0.9487305
vt 0.7875977 0.9829102
vt 0.7817383 0.9912109
vt 0.7675781 0.9824219
vt 0.796875 0.9125977
vt 0.796875 0.9291992
vt 0.796875 0.9482422
vt 0.7861328 0.9492188
vt 0.7783203 0.9707031
vt 0.7827148 0.9301758
vt 0.7768555 0.9511719
vt 0.7802734 0.9135742
vt 0.7700195 0.9326172
vt 0.7680664 0.9550781
vt 0.7592773 0.9609375
vt 0.7773438 0.8955078
vt 0.7578125 0.9370117
vt 0.7651367 0.9160156
vt 0.7744141 0.8754883
vt 0.7602539 0.8984375
vt 0.75 0.9208984
vt 0.7719727 0.8549805
vt 0.7553711 0.878418
vt 0.7695313 0.8349609
vt 0.7509766 0.8574219
vt 0.7470703 0.8369141
vt 0.7285156 0.8618164
vt 0.7426758 0.9033203
vt 0.7348633 0.8828125
vt 0.7128906 0.890625
vt 0.7241211 0.9106445
vt 0.7348633 0.9282227
vt 0.6928711 0.9003906
vt 0.6762695 0.9130859
vt 0.7080078 0.9208984
vt 0.7460938 0.9438477
vt 0.7216797 0.9370117
vt 0.7353516 0.9521484
vt 0.7514648 0.96875
vt 0.7441406 0.9799805
vt 0.7280273 0.9604492
vt 0.7216797 0.9702148
vt 0.7104492 0.9482422
vt 0.7021484 0.9589844
vt 0.6923828 0.934082
vt 0.6831055 0.9453125
vt 0.6616211 0.9287109
vt 0.6625977 0.9116211
vt 0.6538086 0.921875
vt 0.6484375 0.9165039
vt 0.6708984 0.9018555
vt 0.6635742 0.8984375
vt 0.6567383 0.9067383
vt 0.6474609 0.9155273
vt 0.6552734 0.9057617
vt 0.199707 0.5605469
vt 0.1851807 0.5581055
vt 0.1851807 0.5600586
vt 0.2003174 0.559082
vt 0.1851807 0.5351563
vt 0.2141113 0.5634766
vt 0.203125 0.5361328
vt 0.1851807 0.5244141
vt 0.2149658 0.5620117
vt 0.2192383 0.5664063
vt 0.2203369 0.5649414
vt 0.2218018 0.5703125
vt 0.2093506 0.5224609
vt 0.2250977 0.5405273
vt 0.2069092 0.5126953
vt 0.1851807 0.5151367
vt 0.2297363 0.5097656
vt 0.2321777 0.519043
vt 0.2526855 0.503418
vt 0.2366943 0.5493164
vt 0.2556152 0.5126953
vt 0.2824707 0.498291
vt 0.2775879 0.4914551
vt 0.296875 0.4833984
vt 0.2910156 0.4787598
vt 0.3051758 0.4643555
vt 0.298584 0.4626465
vt 0.2995605 0.4455566
vt 0.3122559 0.4890137
vt 0.3056641 0.4433594
vt 0.2946777 0.4311523
vt 0.2385254 0.5639648
vt 0.2680664 0.5483398
vt 0.276123 0.5249023
vt 0.3051758 0.5180664
vt 0.2232666 0.5698242
vt 0.223999 0.5825195
vt 0.2225342 0.5825195
vt 0.2202148 0.6220703
vt 0.2995605 0.5512695
vt 0.2216797 0.6220703
vt 0.2188721 0.6586914
vt 0.2203369 0.6586914
vt 0.2164307 0.6972656
vt 0.2178955 0.6972656
vt 0.2178955 0.7382813
vt 0.2193604 0.7382813
vt 0.2197266 0.7729492
vt 0.2213135 0.7729492
vt 0.2263184 0.8085938
vt 0.2330322 0.7382813
vt 0.2316895 0.6972656
vt 0.2333984 0.6586914
vt 0.2352295 0.6225586
vt 0.2277832 0.8081055
vt 0.2331543 0.8305664
vt 0.2553711 0.6972656
vt 0.2359619 0.7714844
vt 0.2373047 0.5893555
vt 0.2561035 0.6586914
vt 0.2634277 0.590332
vt 0.2585449 0.6230469
vt 0.295166 0.5917969
vt 0.2915039 0.6235352
vt 0.2893066 0.6586914
vt 0.3232422 0.5927734
vt 0.2885742 0.6972656
vt 0.3266602 0.5532227
vt 0.3300781 0.5209961
vt 0.3198242 0.6586914
vt 0.3193359 0.6972656
vt 0.3212891 0.6240234
vt 0.3500977 0.6586914
vt 0.3505859 0.6240234
vt 0.3498535 0.5927734
vt 0.3798828 0.5927734
vt 0.3513184 0.5541992
vt 0.3798828 0.6240234
vt 0.3530273 0.5219727
vt 0.3798828 0.5541992
vt 0.3344727 0.4916992
vt 0.3168945 0.46875
vt 0.3195801 0.4489746
vt 0.3371582 0.4707031
vt 0.3554688 0.4931641
vt 0.3798828 0.5224609
vt 0.3203125 0.4287109
vt 0.3388672 0.4499512
vt 0.3566895 0.4716797
vt 0.3798828 0.4934082
vt 0.3012695 0.4289551
vt 0.2883301 0.4077148
vt 0.2832031 0.4111328
vt 0.3198242 0.4077148
vt 0.2741699 0.3901367
vt 0.269043 0.395752
vt 0.2961426 0.3884277
vt 0.2553711 0.3791504
vt 0.2514648 0.3867188
vt 0.2304688 0.3742676
vt 0.2304688 0.3840332
vt 0.2304688 0.3676758
vt 0.2663574 0.3676758
vt 0.2661133 0.3591309
vt 0.2304688 0.3591309
vt 0.2338867 0.3432617
vt 0.2675781 0.3432617
vt 0.2382813 0.3251953
vt 0.2697754 0.3251953
vt 0.2419434 0.3071289
vt 0.2971191 0.3432617
vt 0.2954102 0.3591309
vt 0.2719727 0.3071289
vt 0.2475586 0.2822266
vt 0.298584 0.3251953
vt 0.2739258 0.2822266
vt 0.2493896 0.2729492
vt 0.2741699 0.2729492
vt 0.2998047 0.3071289
vt 0.300293 0.2822266
vt 0.300293 0.2729492
vt 0.324707 0.3432617
vt 0.3259277 0.3251953
vt 0.326416 0.3071289
vt 0.3266602 0.2822266
vt 0.326416 0.2729492
vt 0.3527832 0.2822266
vt 0.3527832 0.2729492
vt 0.3527832 0.3071289
vt 0.3522949 0.3251953
vt 0.3798828 0.2822266
vt 0.3798828 0.2729492
vt 0.404541 0.2729492
vt 0.3798828 0.3071289
vt 0.404541 0.2822266
vt 0.4301758 0.2729492
vt 0.3798828 0.3251953
vt 0.3518066 0.3432617
vt 0.3510742 0.3591309
vt 0.3798828 0.3432617
vt 0.404541 0.3071289
vt 0.4301758 0.2822266
vt 0.4560547 0.2729492
vt 0.4047852 0.3251953
vt 0.4301758 0.3071289
vt 0.4560547 0.2822266
vt 0.4812012 0.2729492
vt 0.4814453 0.2822266
vt 0.5048828 0.2729492
vt 0.5068359 0.2822266
vt 0.4562988 0.3071289
vt 0.4831543 0.3071289
vt 0.512207 0.3071289
vt 0.4309082 0.3251953
vt 0.4052734 0.3432617
vt 0.4851074 0.3251953
vt 0.515625 0.3251953
vt 0.4575195 0.3251953
vt 0.4870605 0.3432617
vt 0.5195313 0.3432617
vt 0.5229492 0.3591309
vt 0.4321289 0.3432617
vt 0.4589844 0.3432617
vt 0.4885254 0.3591309
vt 0.4604492 0.3591309
vt 0.4880371 0.3676758
vt 0.5229492 0.3676758
vt 0.4333496 0.3591309
vt 0.4614258 0.3676758
vt 0.4985352 0.378418
vt 0.5229492 0.3737793
vt 0.5019531 0.3857422
vt 0.5224609 0.3830566
vt 0.4858398 0.3937988
vt 0.480957 0.3886719
vt 0.4733887 0.4086914
vt 0.4389648 0.3676758
vt 0.4604492 0.3874512
vt 0.4682617 0.4055176
vt 0.463623 0.4282227
vt 0.4379883 0.4064941
vt 0.4570313 0.4265137
vt 0.4533691 0.4411621
vt 0.4597168 0.4431152
vt 0.454834 0.4624023
vt 0.4614258 0.4602051
vt 0.4699707 0.4768066
vt 0.4382324 0.4272461
vt 0.4384766 0.3869629
vt 0.4189453 0.3869629
vt 0.4638672 0.4814453
vt 0.4838867 0.4897461
vt 0.4787598 0.4968262
vt 0.5092773 0.5019531
vt 0.4399414 0.4475098
vt 0.4484863 0.4875488
vt 0.4187012 0.3676758
vt 0.4189453 0.4067383
vt 0.4433594 0.4672852
vt 0.4060059 0.3591309
vt 0.4006348 0.3869629
vt 0.3798828 0.3591309
vt 0.4001465 0.3676758
vt 0.3798828 0.387207
vt 0.3798828 0.3676758
vt 0.4008789 0.4069824
vt 0.3569336 0.3676758
vt 0.4194336 0.4277344
vt 0.4206543 0.4489746
vt 0.4228516 0.4697266
vt 0.4260254 0.4909668
vt 0.3381348 0.3676758
vt 0.357666 0.387207
vt 0.3234863 0.3591309
vt 0.3178711 0.3676758
vt 0.3388672 0.387207
vt 0.2946777 0.3676758
vt 0.3188477 0.3876953
vt 0.3393555 0.4072266
vt 0.3581543 0.4072266
vt 0.3395996 0.4287109
vt 0.3798828 0.4069824
vt 0.357666 0.4504395
vt 0.3581543 0.4289551
vt 0.4013672 0.4284668
vt 0.3798828 0.4287109
vt 0.4020996 0.4499512
vt 0.3798828 0.4719238
vt 0.3798828 0.4504395
vt 0.4030762 0.4711914
vt 0.4047852 0.4926758
vt 0.4072266 0.5219727
vt 0.4306641 0.5200195
vt 0.4094238 0.5537109
vt 0.4560547 0.5170898
vt 0.4343262 0.5527344
vt 0.411377 0.5927734
vt 0.4116211 0.6240234
vt 0.4382324 0.5922852
vt 0.4619141 0.5507813
vt 0.4855957 0.5239258
vt 0.5063477 0.5112305
vt 0.4938965 0.5473633
vt 0.5307617 0.5175781
vt 0.5332031 0.5083008
vt 0.4667969 0.5913086
vt 0.5258789 0.5488281
vt 0.5537109 0.5214844
vt 0.5566406 0.5112305
vt 0.5375977 0.5400391
vt 0.5786133 0.5234375
vt 0.5786133 0.5141602
vt 0.5595703 0.5351563
vt 0.5786133 0.5341797
vt 0.5478516 0.5615234
vt 0.5629883 0.559082
vt 0.5786133 0.5581055
vt 0.5634766 0.5605469
vt 0.5786133 0.5595703
vt 0.5488281 0.5629883
vt 0.543457 0.565918
vt 0.5424805 0.5649414
vt 0.5410156 0.5703125
vt 0.5239258 0.5634766
vt 0.5395508 0.5698242
vt 0.5385742 0.5825195
vt 0.5400391 0.5825195
vt 0.5419922 0.6225586
vt 0.5004883 0.590332
vt 0.5405273 0.6225586
vt 0.5424805 0.6586914
vt 0.5249023 0.5893555
vt 0.4707031 0.6235352
vt 0.5268555 0.6225586
vt 0.503418 0.6230469
vt 0.5410156 0.6586914
vt 0.5429688 0.6972656
vt 0.5283203 0.6586914
vt 0.5058594 0.6586914
vt 0.5415039 0.6972656
vt 0.5429688 0.7382813
vt 0.5288086 0.6972656
vt 0.5415039 0.7382813
vt 0.5415039 0.7719727
vt 0.5063477 0.6972656
vt 0.5283203 0.7382813
vt 0.5395508 0.7719727
vt 0.5351563 0.8071289
vt 0.4726563 0.6586914
vt 0.5336914 0.8071289
vt 0.5288086 0.8286133
vt 0.5253906 0.7709961
vt 0.473877 0.6972656
vt 0.5053711 0.7382813
vt 0.4731445 0.7382813
vt 0.5029297 0.7695313
vt 0.4423828 0.6586914
vt 0.4428711 0.6972656
vt 0.4421387 0.7382813
vt 0.4716797 0.7680664
vt 0.4992676 0.8017578
vt 0.440918 0.6235352
vt 0.4121094 0.6586914
vt 0.3798828 0.6586914
vt 0.4121094 0.6972656
vt 0.3500977 0.6972656
vt 0.411377 0.7382813
vt 0.3798828 0.7382813
vt 0.3798828 0.6972656
vt 0.3510742 0.7382813
vt 0.4406738 0.7670898
vt 0.3205566 0.7382813
vt 0.4101563 0.7666016
vt 0.4689941 0.7993164
vt 0.2893066 0.7382813
vt 0.4389648 0.796875
vt 0.2565918 0.7382813
vt 0.2585449 0.7700195
vt 0.2902832 0.7685547
vt 0.2626953 0.8027344
vt 0.3212891 0.7675781
vt 0.2419434 0.8056641
vt 0.2346191 0.8300781
vt 0.2470703 0.8271484
vt 0.2437744 0.855957
vt 0.2420654 0.8564453
vt 0.2512207 0.8764648
vt 0.2929688 0.7998047
vt 0.3510742 0.7666016
vt 0.2670898 0.8232422
vt 0.2548828 0.8525391
vt 0.2526855 0.8759766
vt 0.3227539 0.7973633
vt 0.3798828 0.7666016
vt 0.2543945 0.8813477
vt 0.2526855 0.8823242
vt 0.2641602 0.8774414
vt 0.2641602 0.8901367
vt 0.2546387 0.8867188
vt 0.2529297 0.8867188
vt 0.251709 0.8911133
vt 0.2531738 0.8920898
vt 0.2489014 0.8955078
vt 0.2736816 0.847168
vt 0.2819824 0.8706055
vt 0.3037109 0.8413086
vt 0.2961426 0.8193359
vt 0.3254395 0.815918
vt 0.3515625 0.7958984
vt 0.3088379 0.8632813
vt 0.3286133 0.8378906
vt 0.3527832 0.8144531
vt 0.3798828 0.7954102
vt 0.2929688 0.8935547
vt 0.4094238 0.7958984
vt 0.3327637 0.859375
vt 0.3520508 0.8359375
vt 0.3798828 0.8144531
vt 0.4082031 0.8144531
vt 0.4362793 0.8154297
vt 0.315918 0.8852539
vt 0.4658203 0.8188477
vt 0.494873 0.8222656
vt 0.3798828 0.8349609
vt 0.4091797 0.8354492
vt 0.3544922 0.8569336
vt 0.4333496 0.8374023
vt 0.4587402 0.840332
vt 0.4892578 0.8461914
vt 0.5146484 0.8261719
vt 0.3371582 0.8808594
vt 0.5200195 0.8046875
vt 0.5273438 0.8286133
vt 0.519043 0.8535156
vt 0.5205078 0.8540039
vt 0.5126953 0.8754883
vt 0.5083008 0.8505859
vt 0.5112305 0.875
vt 0.4992676 0.8769531
vt 0.5097656 0.8808594
vt 0.4995117 0.8901367
vt 0.5112305 0.8813477
vt 0.4807129 0.8701172
vt 0.5097656 0.8867188
vt 0.5112305 0.8862305
vt 0.5126953 0.8911133
vt 0.5112305 0.8925781
vt 0.515625 0.8959961
vt 0.453125 0.8632813
vt 0.4692383 0.894043
vt 0.4287109 0.8588867
vt 0.4458008 0.8857422
vt 0.4064941 0.8564453
vt 0.4240723 0.8808594
vt 0.3798828 0.855957
vt 0.4038086 0.8774414
vt 0.3569336 0.8774414
vt 0.3798828 0.8769531
vt 0.4372559 0.9072266
vt 0.4187012 0.9018555
vt 0.4562988 0.9160156
vt 0.4006348 0.8984375
vt 0.3422852 0.9013672
vt 0.3598633 0.8984375
vt 0.3798828 0.8974609
vt 0.3239746 0.9067383
vt 0.3051758 0.9150391
vt 0.4287109 0.925293
vt 0.4130859 0.9199219
vt 0.3972168 0.9169922
vt 0.4440918 0.9335938
vt 0.3630371 0.9169922
vt 0.3798828 0.9160156
vt 0.3474121 0.9199219
vt 0.3320313 0.9248047
vt 0.3171387 0.9326172
vt 0.3530273 0.9365234
vt 0.3408203 0.940918
vt 0.3657227 0.9335938
vt 0.3288574 0.9482422
vt 0.3945313 0.934082
vt 0.3798828 0.9331055
vt 0.4074707 0.9370117
vt 0.4196777 0.9418945
vt 0.4316406 0.9492188
vt 0.3513184 0.9589844
vt 0.3430176 0.965332
vt 0.3664551 0.9716797
vt 0.3603516 0.9545898
vt 0.3696289 0.9526367
vt 0.3183594 0.9575195
vt 0.3037109 0.9428711
vt 0.2885742 0.9257813
vt 0.2729492 0.9047852
vt 0.2585449 0.9003906
vt 0.2583008 0.9160156
vt 0.2502441 0.8969727
vt 0.2496338 0.909668
vt 0.2426758 0.9047852
vt 0.241333 0.9038086
vt 0.2320557 0.9150391
vt 0.2307129 0.9140625
vt 0.2382813 0.9204102
vt 0.2462158 0.9272461
vt 0.2675781 0.9467773
vt 0.2766113 0.9365234
vt 0.2939453 0.9526367
vt 0.2868652 0.9624023
vt 0.3063965 0.9746094
vt 0.3117676 0.9658203
vt 0.3291016 0.9848633
vt 0.3356934 0.9736328
vt 0.3505859 0.9907227
vt 0.3544922 0.980957
vt 0.3666992 0.9926758
vt 0.3713379 0.984375
vt 0.3798828 0.9931641
vt 0.3798828 0.9819336
vt 0.3798828 0.9682617
vt 0.3933105 0.9716797
vt 0.3884277 0.9848633
vt 0.3930664 0.9926758
vt 0.4050293 0.9814453
vt 0.4086914 0.9912109
vt 0.3798828 0.9516602
vt 0.3903809 0.9526367
vt 0.3996582 0.9550781
vt 0.4086914 0.9594727
vt 0.4169922 0.9663086
vt 0.4240723 0.9746094
vt 0.4301758 0.9863281
vt 0.4421387 0.9589844
vt 0.4487305 0.9677734
vt 0.4536133 0.9765625
vt 0.4575195 0.9443359
vt 0.4672852 0.9550781
vt 0.4741211 0.9648438
vt 0.494873 0.949707
vt 0.4733887 0.9272461
vt 0.4858398 0.9389648
vt 0.5053711 0.9174805
vt 0.5175781 0.9296875
vt 0.4899902 0.9057617
vt 0.5053711 0.9013672
vt 0.5146484 0.9111328
vt 0.5258789 0.9228516
vt 0.5141602 0.8974609
vt 0.5219727 0.90625
vt 0.5327148 0.9174805
vt 0.5234375 0.9047852
vt 0.5341797 0.9160156
vt 0.9550781 0.2753906
vt 0.9765625 0.2585449
vt 0.9550781 0.2585449
vt 0.9765625 0.2700195
vt 0.9765625 0.2814941
vt 0.9550781 0.2978516
vt 0.9765625 0.2927246
vt 0.9765625 0.3037109
vt 0.9550781 0.3195801
vt 0.9765625 0.3146973
vt 0.9765625 0.3254395
vt 0.9765625 0.3359375
vt 0.9550781 0.3410645
vt 0.9765625 0.3466797
vt 0.9765625 0.3569336
vt 0.9550781 0.3620605
vt 0.9765625 0.3674316
vt 0.9765625 0.3779297
vt 0.9550781 0.3833008
vt 0.9765625 0.3884277
vt 0.9765625 0.3989258
vt 0.9550781 0.404541
vt 0.9765625 0.4094238
vt 0.9765625 0.420166
vt 0.9550781 0.4262695
vt 0.9765625 0.4311523
vt 0.9550781 0.4482422
vt 0.9765625 0.4421387
vt 0.9765625 0.4533691
vt 0.9550781 0.4707031
vt 0.9765625 0.4648438
vt 0.9765625 0.4765625
vt 0.5249023 0.9511719
vt 0.5288086 0.9389648
vt 0.5249023 0.9389648
vt 0.5288086 0.953125
vt 0.5327148 0.9389648
vt 0.5327148 0.9570313
vt 0.5366211 0.9389648
vt 0.5366211 0.9619141
vt 0.5405273 0.9389648
vt 0.5405273 0.9663086
vt 0.5444336 0.9389648
vt 0.5444336 0.96875
vt 0.5483398 0.9389648
vt 0.5483398 0.9692383
vt 0.5522461 0.9667969
vt 0.5522461 0.9389648
vt 0.5561523 0.9633789
vt 0.5561523 0.9389648
vt 0.5595703 0.9589844
vt 0.5595703 0.9389648
vt 0.5634766 0.9541016
vt 0.5634766 0.9389648
vt 0.5678711 0.9516602
vt 0.5673828 0.9389648
vt 0.5712891 0.9511719
vt 0.5712891 0.9389648
vt 0.3549805 0.03845215
vt 0.3405762 0.01205444
vt 0.3549805 0.012146
vt 0.3400879 0.03778076
vt 0.3549805 0.06866455
vt 0.3242188 0.0120163
vt 0.3393555 0.06719971
vt 0.3549805 0.09771729
vt 0.3239746 0.0375061
vt 0.3103027 0.03585815
vt 0.3105469 0.01179504
vt 0.2910156 0.01168823
vt 0.2907715 0.03509521
vt 0.2744141 0.01166534
vt 0.3093262 0.06359863
vt 0.322998 0.06616211
vt 0.3381348 0.09539795
vt 0.3371582 0.1235352
vt 0.3549805 0.1264648
vt 0.3217773 0.09381104
vt 0.3366699 0.1535645
vt 0.3549805 0.1563721
vt 0.3076172 0.09136963
vt 0.3205566 0.1216431
vt 0.3059082 0.1200562
vt 0.3374023 0.1849365
vt 0.3549805 0.1866455
vt 0.3549805 0.2055664
vt 0.3393555 0.2055664
vt 0.3251953 0.2055664
vt 0.3203125 0.1516113
vt 0.3217773 0.1835938
vt 0.3059082 0.1832275
vt 0.3098145 0.2055664
vt 0.2956543 0.2055664
vt 0.3049316 0.1507568
vt 0.291748 0.182373
vt 0.2897949 0.1488037
vt 0.2785645 0.182373
vt 0.2819824 0.2055664
vt 0.2685547 0.2055664
vt 0.2893066 0.1176147
vt 0.276123 0.1486816
vt 0.2897949 0.08935547
vt 0.2751465 0.1174927
vt 0.2746582 0.08911133
vt 0.2905273 0.06219482
vt 0.2607422 0.1174316
vt 0.2626953 0.1486816
vt 0.2744141 0.06188965
vt 0.2744141 0.03491211
vt 0.2595215 0.08886719
vt 0.2580566 0.03469849
vt 0.2578125 0.01164246
vt 0.2176514 0.01177216
vt 0.2585449 0.06158447
vt 0.2178955 0.03567505
vt 0.2188721 0.06317139
vt 0.1934814 0.03594971
vt 0.1934814 0.0118103
vt 0.2203369 0.09069824
vt 0.1936035 0.0637207
vt 0.1816406 0.03610229
vt 0.1817627 0.01182556
vt 0.1693115 0.0118866
vt 0.222168 0.1190796
vt 0.1936035 0.09143066
vt 0.1813965 0.06408691
vt 0.1689453 0.03652954
vt 0.1414795 0.01190186
vt 0.223999 0.1497803
vt 0.1934814 0.119812
vt 0.1807861 0.09210205
vt 0.1680908 0.06481934
vt 0.1412354 0.03665161
vt 0.2653809 0.182373
vt 0.2259521 0.1827393
vt 0.2270508 0.2055664
vt 0.1931152 0.1503906
vt 0.192627 0.1829834
vt 0.1920166 0.2055664
vt 0.1800537 0.1207886
vt 0.166748 0.09289551
vt 0.1777344 0.1834717
vt 0.1766357 0.2055664
vt 0.1790771 0.1512451
vt 0.1607666 0.1835938
vt 0.1593018 0.2055664
vt 0.1650391 0.1213989
vt 0.1630859 0.1516113
vt 0.1403809 0.06500244
vt 0.1318359 0.1834717
vt 0.1289063 0.2055664
vt 0.1390381 0.09289551
vt 0.1350098 0.1513672
vt 0.1170654 0.1832275
vt 0.1136475 0.2055664
vt 0.1373291 0.1212158
vt 0.1021118 0.1831055
vt 0.09820557 0.2055664
vt 0.08563232 0.2055664
vt 0.1193237 0.151001
vt 0.119751 0.1206055
vt 0.1037598 0.1506348
vt 0.08990479 0.1828613
vt 0.1192017 0.09216309
vt 0.07550049 0.1827393
vt 0.07110596 0.2055664
vt 0.05084229 0.2055664
vt 0.1029663 0.1203003
vt 0.09118652 0.1503906
vt 0.1184692 0.06433105
vt 0.1008911 0.09197998
vt 0.08947754 0.1200562
vt 0.07629395 0.1502686
vt 0.05477905 0.1829834
vt 0.1179199 0.0362854
vt 0.1177368 0.01185608
vt 0.09881592 0.06433105
vt 0.09741211 0.03634644
vt 0.09686279 0.01185608
vt 0.08636475 0.09197998
vt 0.0736084 0.1205444
vt 0.08129883 0.03646851
vt 0.08056641 0.01187897
vt 0.08331299 0.06445313
vt 0.0614624 0.03765869
vt 0.06030273 0.01203918
vt 0.06463623 0.06634521
vt 0.04547119 0.03771973
vt 0.04452515 0.01204681
vt 0.05609131 0.1507568
vt 0.0690918 0.09338379
vt 0.04797363 0.06652832
vt 0.02134705 0.03790283
vt 0.02093506 0.0120697
vt 0.05358887 0.1210938
vt 0.0513916 0.09381104
vt 0.02232361 0.06707764
vt 0.01050568 0.03723145
vt 0.01050568 0.01197815
vt 0.01050568 0.06665039
vt 0.01050568 0.09539795
vt 0.02339172 0.09484863
vt 0.02394104 0.1224976
vt 0.01050568 0.1238403
vt 0.02355957 0.1518555
vt 0.01050568 0.1533203
vt 0.02224731 0.1834717
vt 0.01050568 0.1843262
vt 0.02006531 0.2055664
vt 0.01050568 0.2055664
vt 0.7119141 0.04608154
vt 0.6953125 0.01719666
vt 0.7119141 0.01622009
vt 0.6933594 0.04891968
vt 0.7119141 0.0760498
vt 0.6777344 0.04983521
vt 0.6806641 0.01741028
vt 0.6938477 0.07910156
vt 0.7119141 0.1048584
vt 0.6616211 0.05075073
vt 0.6645508 0.01768494
vt 0.6503906 0.01832581
vt 0.6777344 0.08050537
vt 0.6625977 0.08197021
vt 0.6469727 0.05285645
vt 0.6782227 0.1091309
vt 0.6948242 0.1074829
vt 0.6958008 0.1351318
vt 0.7119141 0.1335449
vt 0.6796875 0.1368408
vt 0.6640625 0.1113892
vt 0.6967773 0.1638184
vt 0.7119141 0.163208
vt 0.7119141 0.1872559
vt 0.6806641 0.1651611
vt 0.6972656 0.1873779
vt 0.7119141 0.2044678
vt 0.6972656 0.2044678
vt 0.6811523 0.1882324
vt 0.6811523 0.2044678
vt 0.6655273 0.1394043
vt 0.6464844 0.08453369
vt 0.6669922 0.1671143
vt 0.6674805 0.1889648
vt 0.6674805 0.2044678
vt 0.6479492 0.2044678
vt 0.6479492 0.1890869
vt 0.6313477 0.1893311
vt 0.6313477 0.2044678
vt 0.6147461 0.2044678
vt 0.6474609 0.1677246
vt 0.6147461 0.1894531
vt 0.5742188 0.2044678
vt 0.574707 0.1890869
vt 0.550293 0.2044678
vt 0.6152344 0.168335
vt 0.6313477 0.1680908
vt 0.6469727 0.1407471
vt 0.550293 0.1888428
vt 0.5385742 0.2044678
vt 0.5751953 0.1673584
vt 0.6464844 0.1136475
vt 0.6157227 0.1414795
vt 0.6313477 0.1411133
vt 0.5385742 0.1887207
vt 0.5263672 0.2044678
vt 0.6318359 0.1138306
vt 0.550293 0.1668701
vt 0.5761719 0.1398926
vt 0.6166992 0.1140137
vt 0.6323242 0.08453369
vt 0.6337891 0.05276489
vt 0.637207 0.01829529
vt 0.6181641 0.08459473
vt 0.6206055 0.05267334
vt 0.6240234 0.01824951
vt 0.578125 0.1121826
vt 0.5800781 0.08294678
vt 0.5820313 0.05160522
vt 0.5839844 0.01795959
vt 0.5507813 0.1391602
vt 0.5507813 0.1113892
vt 0.5507813 0.08221436
vt 0.550293 0.05108643
vt 0.5498047 0.01782227
vt 0.5385742 0.166626
vt 0.5380859 0.1386719
vt 0.5375977 0.1105347
vt 0.5371094 0.08123779
vt 0.5361328 0.05032349
vt 0.5351563 0.01760864
vt 0.5258789 0.1661377
vt 0.5244141 0.1379395
vt 0.5234375 0.1097412
vt 0.5214844 0.08062744
vt 0.5195313 0.04998779
vt 0.5180664 0.01753235
vt 0.4914551 0.05020142
vt 0.4882813 0.01759338
vt 0.4733887 0.01765442
vt 0.4936523 0.08081055
vt 0.4763184 0.05041504
vt 0.4580078 0.0177002
vt 0.4956055 0.1098022
vt 0.4968262 0.1378174
vt 0.4609375 0.05065918
vt 0.4455566 0.01774597
vt 0.4768066 0.08129883
vt 0.4484863 0.05081177
vt 0.4311523 0.01797485
vt 0.4763184 0.1104126
vt 0.4602051 0.08154297
vt 0.4978027 0.1658936
vt 0.4338379 0.05136108
vt 0.4104004 0.01779175
vt 0.4755859 0.1384277
vt 0.4470215 0.08172607
vt 0.458252 0.1105957
vt 0.498291 0.1884766
vt 0.4748535 0.1663818
vt 0.4560547 0.1384277
vt 0.4440918 0.1105957
vt 0.4316406 0.081604
vt 0.5258789 0.1884766
vt 0.498291 0.2044678
vt 0.4746094 0.1885986
vt 0.4746094 0.2044678
vt 0.4536133 0.2044678
vt 0.4543457 0.1663818
vt 0.440918 0.1384277
vt 0.4538574 0.1885986
vt 0.4375 0.1885986
vt 0.4372559 0.2044678
vt 0.4169922 0.2044678
vt 0.4384766 0.1662598
vt 0.4172363 0.1876221
vt 0.4272461 0.109436
vt 0.4189453 0.1643066
vt 0.4013672 0.1876221
vt 0.401123 0.2044678
vt 0.4226074 0.1363525
vt 0.402832 0.1641846
vt 0.3776855 0.1876221
vt 0.3776855 0.2044678
vt 0.3671875 0.2044678
vt 0.3671875 0.1877441
vt 0.3671875 0.1644287
vt 0.3781738 0.1640625
vt 0.3671875 0.1351318
vt 0.3791504 0.1352539
vt 0.3671875 0.1063843
vt 0.4057617 0.1359863
vt 0.380127 0.1073608
vt 0.3671875 0.07763672
vt 0.4091797 0.1088257
vt 0.3803711 0.07904053
vt 0.4121094 0.08087158
vt 0.4133301 0.05072021
vt 0.380127 0.04916382
vt 0.3671875 0.04794312
vt 0.3781738 0.01730347
vt 0.3671875 0.01696777
vt 0.1507568 0.6591797
vt 0.1445313 0.6450195
vt 0.1507568 0.6459961
vt 0.1445313 0.6586914
vt 0.1391602 0.644043
vt 0.1507568 0.6723633
vt 0.1391602 0.6586914
vt 0.1140747 0.6435547
vt 0.1445313 0.6723633
vt 0.1507568 0.6860352
vt 0.1140747 0.6577148
vt 0.08319092 0.6381836
vt 0.1445313 0.6860352
vt 0.1507568 0.699707
vt 0.1391602 0.6723633
vt 0.08319092 0.6538086
vt 0.065979 0.6367188
vt 0.1445313 0.7001953
vt 0.1507568 0.7138672
vt 0.1140747 0.671875
vt 0.1391602 0.6860352
vt 0.065979 0.652832
vt 0.04827881 0.6367188
vt 0.1445313 0.7138672
vt 0.1507568 0.7280273
vt 0.1391602 0.7001953
vt 0.08319092 0.6689453
vt 0.1140747 0.6860352
vt 0.04827881 0.6523438
vt 0.02540588 0.6381836
vt 0.1445313 0.7280273
vt 0.1507568 0.7421875
vt 0.1391602 0.7138672
vt 0.1140747 0.7001953
vt 0.08319092 0.684082
vt 0.065979 0.668457
vt 0.02540588 0.6533203
vt 0.01165009 0.6396484
vt 0.01165009 0.6542969
vt 0.04827881 0.6679688
vt 0.02540588 0.668457
vt 0.01165009 0.6689453
vt 0.065979 0.6831055
vt 0.08319092 0.6987305
vt 0.04827881 0.6831055
vt 0.02540588 0.6831055
vt 0.01165009 0.6835938
vt 0.065979 0.6982422
vt 0.1140747 0.7138672
vt 0.04827881 0.6977539
vt 0.02540588 0.6977539
vt 0.01165009 0.6982422
vt 0.08319092 0.7133789
vt 0.1391602 0.7280273
vt 0.065979 0.7128906
vt 0.04827881 0.7124023
vt 0.02540588 0.7124023
vt 0.01165009 0.7128906
vt 0.1140747 0.7280273
vt 0.1445313 0.7421875
vt 0.1507568 0.7563477
vt 0.08319092 0.7275391
vt 0.065979 0.7275391
vt 0.04827881 0.7270508
vt 0.02540588 0.7270508
vt 0.01165009 0.7270508
vt 0.1391602 0.7421875
vt 0.1445313 0.7568359
vt 0.1507568 0.7709961
vt 0.1140747 0.7426758
vt 0.08319092 0.7421875
vt 0.065979 0.7416992
vt 0.04827881 0.7416992
vt 0.02540588 0.7416992
vt 0.01165009 0.7416992
vt 0.1445313 0.7709961
vt 0.1507568 0.7856445
vt 0.1391602 0.7568359
vt 0.1140747 0.7568359
vt 0.08319092 0.7563477
vt 0.065979 0.7563477
vt 0.04827881 0.7563477
vt 0.02540588 0.7563477
vt 0.01165009 0.7563477
vt 0.1391602 0.7709961
vt 0.1140747 0.7709961
vt 0.08319092 0.7709961
vt 0.065979 0.7709961
vt 0.04827881 0.7709961
vt 0.02540588 0.7709961
vt 0.01165009 0.7709961
vt 0.1445313 0.7856445
vt 0.1507568 0.7998047
vt 0.1391602 0.7856445
vt 0.1445313 0.7998047
vt 0.1507568 0.8144531
vt 0.02540588 0.7851563
vt 0.01165009 0.7851563
vt 0.04827881 0.7851563
vt 0.1140747 0.7856445
vt 0.1445313 0.8144531
vt 0.1507568 0.8291016
vt 0.1391602 0.7998047
vt 0.02540588 0.7998047
vt 0.01165009 0.7998047
vt 0.08319092 0.7856445
vt 0.1445313 0.8291016
vt 0.1507568 0.84375
vt 0.1140747 0.7998047
vt 0.1391602 0.8144531
vt 0.065979 0.7856445
vt 0.1445313 0.84375
vt 0.1507568 0.8583984
vt 0.1391602 0.8291016
vt 0.08319092 0.7998047
vt 0.1140747 0.8144531
vt 0.065979 0.7998047
vt 0.1445313 0.8579102
vt 0.1507568 0.8725586
vt 0.1391602 0.84375
vt 0.08319092 0.8144531
vt 0.1140747 0.8291016
vt 0.04827881 0.7998047
vt 0.1445313 0.8725586
vt 0.1507568 0.8867188
vt 0.1391602 0.8579102
vt 0.1140747 0.84375
vt 0.08319092 0.8291016
vt 0.065979 0.8144531
vt 0.04827881 0.8144531
vt 0.1445313 0.8867188
vt 0.1507568 0.9013672
vt 0.1391602 0.8725586
vt 0.1140747 0.8579102
vt 0.08319092 0.84375
vt 0.065979 0.8291016
vt 0.02540588 0.8144531
vt 0.01165009 0.8144531
vt 0.04827881 0.8291016
vt 0.02540588 0.8291016
vt 0.01165009 0.8291016
vt 0.065979 0.84375
vt 0.08319092 0.8579102
vt 0.04827881 0.84375
vt 0.02540588 0.84375
vt 0.01165009 0.84375
vt 0.065979 0.8583984
vt 0.1140747 0.8725586
vt 0.04827881 0.8583984
vt 0.02540588 0.8583984
vt 0.01165009 0.8583984
vt 0.08319092 0.8725586
vt 0.1391602 0.8867188
vt 0.065979 0.8725586
vt 0.04827881 0.8730469
vt 0.02540588 0.8730469
vt 0.01165009 0.8730469
vt 0.1140747 0.8867188
vt 0.1445313 0.9008789
vt 0.1507568 0.9155273
vt 0.08319092 0.887207
vt 0.065979 0.887207
vt 0.04827881 0.8876953
vt 0.02540588 0.8876953
vt 0.01165009 0.887207
vt 0.1391602 0.9008789
vt 0.1445313 0.9150391
vt 0.1507568 0.9291992
vt 0.1140747 0.9008789
vt 0.08319092 0.9013672
vt 0.065979 0.9018555
vt 0.04827881 0.9018555
vt 0.02540588 0.9018555
vt 0.01165009 0.9018555
vt 0.1445313 0.9291992
vt 0.1507568 0.9433594
vt 0.1391602 0.9150391
vt 0.1140747 0.9150391
vt 0.08319092 0.9160156
vt 0.065979 0.9165039
vt 0.04827881 0.9165039
vt 0.02540588 0.9165039
vt 0.01165009 0.9165039
vt 0.1391602 0.9291992
vt 0.1140747 0.9291992
vt 0.08319092 0.9306641
vt 0.065979 0.9311523
vt 0.04827881 0.9316406
vt 0.02540588 0.9311523
vt 0.01165009 0.9311523
vt 0.1445313 0.9433594
vt 0.1507568 0.9570313
vt 0.1391602 0.9433594
vt 0.1445313 0.9570313
vt 0.1507568 0.9702148
vt 0.02540588 0.9458008
vt 0.01165009 0.9458008
vt 0.04827881 0.9462891
vt 0.1140747 0.9433594
vt 0.1445313 0.9707031
vt 0.1507568 0.9829102
vt 0.1445313 0.984375
vt 0.1391602 0.9570313
vt 0.1391602 0.9707031
vt 0.1391602 0.9853516
vt 0.08319092 0.9453125
vt 0.1140747 0.9575195
vt 0.1140747 0.9716797
vt 0.1140747 0.9858398
vt 0.065979 0.9458008
vt 0.08319092 0.9599609
vt 0.08319092 0.9750977
vt 0.08319092 0.9907227
vt 0.065979 0.9609375
vt 0.065979 0.9765625
vt 0.065979 0.9926758
vt 0.04827881 0.9614258
vt 0.04827881 0.9770508
vt 0.04827881 0.9926758
vt 0.02540588 0.9609375
vt 0.01165009 0.9604492
vt 0.02540588 0.9755859
vt 0.02540588 0.9907227
vt 0.01165009 0.9750977
vt 0.01165009 0.9897461
vt 0.1960449 0.6225586
vt 0.2045898 0.6088867
vt 0.2045898 0.6225586
vt 0.1955566 0.6088867
vt 0.1877441 0.6225586
vt 0.1872559 0.6088867
vt 0.1796875 0.6225586
vt 0.1793213 0.6088867
vt 0.171875 0.6225586
vt 0.1716309 0.6088867
vt 0.1643066 0.6225586
vt 0.1640625 0.6088867
vt 0.1568604 0.6225586
vt 0.1567383 0.6088867
vt 0.1496582 0.6225586
vt 0.1495361 0.6088867
vt 0.1424561 0.6225586
vt 0.1424561 0.6088867
vt 0.135498 0.6225586
vt 0.135376 0.6088867
vt 0.12854 0.6225586
vt 0.12854 0.6088867
vt 0.1216431 0.6225586
vt 0.1216431 0.6088867
vt 0.1146851 0.6225586
vt 0.1147461 0.6088867
vt 0.1077881 0.6225586
vt 0.1078491 0.6088867
vt 0.100769 0.6225586
vt 0.1008301 0.6088867
vt 0.09368896 0.6225586
vt 0.09381104 0.6088867
vt 0.08648682 0.6225586
vt 0.08660889 0.6088867
vt 0.07910156 0.6225586
vt 0.07928467 0.6088867
vt 0.07159424 0.6225586
vt 0.07177734 0.6088867
vt 0.06384277 0.6225586
vt 0.06408691 0.6088867
vt 0.05587769 0.6225586
vt 0.05615234 0.6088867
vt 0.04763794 0.6225586
vt 0.04794312 0.6088867
vt 0.03909302 0.6225586
vt 0.03936768 0.6088867
vt 0.03022766 0.6225586
vt 0.03041077 0.6088867
vt 0.02101135 0.6225586
vt 0.02101135 0.6088867
vt 0.1445313 0.6450195
vt 0.1507568 0.6591797
vt 0.1507568 0.6459961
vt 0.1445313 0.6586914
vt 0.1507568 0.6723633
vt 0.1391602 0.644043
vt 0.1445313 0.6723633
vt 0.1507568 0.6860352
vt 0.1391602 0.6586914
vt 0.1140747 0.6435547
vt 0.1445313 0.6860352
vt 0.1507568 0.699707
vt 0.1140747 0.6577148
vt 0.08319092 0.6381836
vt 0.1391602 0.6723633
vt 0.1445313 0.7001953
vt 0.1507568 0.7138672
vt 0.08319092 0.6538086
vt 0.065979 0.6367188
vt 0.1140747 0.671875
vt 0.1391602 0.6860352
vt 0.1445313 0.7138672
vt 0.1507568 0.7280273
vt 0.065979 0.652832
vt 0.04827881 0.6367188
vt 0.08319092 0.6689453
vt 0.1140747 0.6860352
vt 0.1391602 0.7001953
vt 0.1445313 0.7280273
vt 0.1507568 0.7421875
vt 0.04827881 0.6523438
vt 0.02540588 0.6381836
vt 0.065979 0.668457
vt 0.08319092 0.684082
vt 0.1140747 0.7001953
vt 0.1391602 0.7138672
vt 0.1445313 0.7421875
vt 0.1507568 0.7563477
vt 0.02540588 0.6533203
vt 0.01165009 0.6396484
vt 0.01165009 0.6542969
vt 0.1391602 0.7280273
vt 0.1140747 0.7138672
vt 0.1445313 0.7568359
vt 0.1507568 0.7709961
vt 0.04827881 0.6679688
vt 0.02540588 0.668457
vt 0.01165009 0.6689453
vt 0.1391602 0.7421875
vt 0.1445313 0.7709961
vt 0.1507568 0.7856445
vt 0.065979 0.6831055
vt 0.04827881 0.6831055
vt 0.02540588 0.6831055
vt 0.01165009 0.6835938
vt 0.08319092 0.6987305
vt 0.065979 0.6982422
vt 0.04827881 0.6977539
vt 0.02540588 0.6977539
vt 0.01165009 0.6982422
vt 0.08319092 0.7133789
vt 0.065979 0.7128906
vt 0.04827881 0.7124023
vt 0.02540588 0.7124023
vt 0.01165009 0.7128906
vt 0.1140747 0.7280273
vt 0.08319092 0.7275391
vt 0.065979 0.7275391
vt 0.04827881 0.7270508
vt 0.02540588 0.7270508
vt 0.01165009 0.7270508
vt 0.1140747 0.7426758
vt 0.08319092 0.7421875
vt 0.065979 0.7416992
vt 0.04827881 0.7416992
vt 0.02540588 0.7416992
vt 0.01165009 0.7416992
vt 0.1391602 0.7568359
vt 0.1140747 0.7568359
vt 0.08319092 0.7563477
vt 0.065979 0.7563477
vt 0.04827881 0.7563477
vt 0.02540588 0.7563477
vt 0.01165009 0.7563477
vt 0.1391602 0.7709961
vt 0.1140747 0.7709961
vt 0.08319092 0.7709961
vt 0.065979 0.7709961
vt 0.04827881 0.7709961
vt 0.02540588 0.7709961
vt 0.01165009 0.7709961
vt 0.1445313 0.7856445
vt 0.1507568 0.7998047
vt 0.1391602 0.7856445
vt 0.1445313 0.7998047
vt 0.1507568 0.8144531
vt 0.02540588 0.7851563
vt 0.01165009 0.7851563
vt 0.04827881 0.7851563
vt 0.1140747 0.7856445
vt 0.1391602 0.7998047
vt 0.1445313 0.8144531
vt 0.1507568 0.8291016
vt 0.02540588 0.7998047
vt 0.01165009 0.7998047
vt 0.08319092 0.7856445
vt 0.1140747 0.7998047
vt 0.1391602 0.8144531
vt 0.1445313 0.8291016
vt 0.1507568 0.84375
vt 0.065979 0.7856445
vt 0.08319092 0.7998047
vt 0.1140747 0.8144531
vt 0.1391602 0.8291016
vt 0.1445313 0.84375
vt 0.1507568 0.8583984
vt 0.065979 0.7998047
vt 0.08319092 0.8144531
vt 0.1140747 0.8291016
vt 0.1391602 0.84375
vt 0.1445313 0.8579102
vt 0.1507568 0.8725586
vt 0.04827881 0.7998047
vt 0.065979 0.8144531
vt 0.08319092 0.8291016
vt 0.1140747 0.84375
vt 0.1391602 0.8579102
vt 0.1445313 0.8725586
vt 0.1507568 0.8867188
vt 0.04827881 0.8144531
vt 0.065979 0.8291016
vt 0.08319092 0.84375
vt 0.1140747 0.8579102
vt 0.1391602 0.8725586
vt 0.1445313 0.8867188
vt 0.1507568 0.9013672
vt 0.02540588 0.8144531
vt 0.01165009 0.8144531
vt 0.04827881 0.8291016
vt 0.02540588 0.8291016
vt 0.01165009 0.8291016
vt 0.1445313 0.9008789
vt 0.1507568 0.9155273
vt 0.1391602 0.8867188
vt 0.065979 0.84375
vt 0.04827881 0.84375
vt 0.02540588 0.84375
vt 0.01165009 0.84375
vt 0.1445313 0.9150391
vt 0.1507568 0.9291992
vt 0.08319092 0.8579102
vt 0.065979 0.8583984
vt 0.04827881 0.8583984
vt 0.02540588 0.8583984
vt 0.01165009 0.8583984
vt 0.1140747 0.8725586
vt 0.08319092 0.8725586
vt 0.065979 0.8725586
vt 0.04827881 0.8730469
vt 0.02540588 0.8730469
vt 0.01165009 0.8730469
vt 0.1140747 0.8867188
vt 0.08319092 0.887207
vt 0.065979 0.887207
vt 0.04827881 0.8876953
vt 0.02540588 0.8876953
vt 0.01165009 0.887207
vt 0.1391602 0.9008789
vt 0.1140747 0.9008789
vt 0.08319092 0.9013672
vt 0.065979 0.9018555
vt 0.04827881 0.9018555
vt 0.02540588 0.9018555
vt 0.01165009 0.9018555
vt 0.1391602 0.9150391
vt 0.1140747 0.9150391
vt 0.08319092 0.9160156
vt 0.065979 0.9165039
vt 0.04827881 0.9165039
vt 0.02540588 0.9165039
vt 0.01165009 0.9165039
vt 0.1445313 0.9291992
vt 0.1507568 0.9433594
vt 0.1391602 0.9291992
vt 0.1445313 0.9433594
vt 0.1507568 0.9570313
vt 0.02540588 0.9311523
vt 0.01165009 0.9311523
vt 0.04827881 0.9316406
vt 0.1140747 0.9291992
vt 0.1391602 0.9433594
vt 0.1445313 0.9570313
vt 0.1507568 0.9702148
vt 0.02540588 0.9458008
vt 0.01165009 0.9458008
vt 0.08319092 0.9306641
vt 0.1140747 0.9433594
vt 0.1391602 0.9570313
vt 0.1445313 0.9707031
vt 0.1507568 0.9829102
vt 0.1445313 0.984375
vt 0.1391602 0.9707031
vt 0.1391602 0.9853516
vt 0.065979 0.9311523
vt 0.08319092 0.9453125
vt 0.1140747 0.9575195
vt 0.1140747 0.9716797
vt 0.1140747 0.9858398
vt 0.065979 0.9458008
vt 0.08319092 0.9599609
vt 0.08319092 0.9750977
vt 0.08319092 0.9907227
vt 0.04827881 0.9462891
vt 0.065979 0.9609375
vt 0.065979 0.9765625
vt 0.065979 0.9926758
vt 0.04827881 0.9614258
vt 0.04827881 0.9770508
vt 0.04827881 0.9926758
vt 0.02540588 0.9609375
vt 0.01165009 0.9604492
vt 0.02540588 0.9755859
vt 0.02540588 0.9907227
vt 0.01165009 0.9750977
vt 0.01165009 0.9897461
vt 0.2045898 0.6088867
vt 0.1960449 0.6225586
vt 0.2045898 0.6225586
vt 0.1955566 0.6088867
vt 0.1877441 0.6225586
vt 0.1872559 0.6088867
vt 0.1796875 0.6225586
vt 0.1793213 0.6088867
vt 0.171875 0.6225586
vt 0.1716309 0.6088867
vt 0.1643066 0.6225586
vt 0.1640625 0.6088867
vt 0.1568604 0.6225586
vt 0.1567383 0.6088867
vt 0.1496582 0.6225586
vt 0.1495361 0.6088867
vt 0.1424561 0.6225586
vt 0.1424561 0.6088867
vt 0.135498 0.6225586
vt 0.135376 0.6088867
vt 0.12854 0.6225586
vt 0.12854 0.6088867
vt 0.1216431 0.6225586
vt 0.1216431 0.6088867
vt 0.1146851 0.6225586
vt 0.1147461 0.6088867
vt 0.1077881 0.6225586
vt 0.1078491 0.6088867
vt 0.100769 0.6225586
vt 0.1008301 0.6088867
vt 0.09368896 0.6225586
vt 0.09381104 0.6088867
vt 0.08648682 0.6225586
vt 0.08660889 0.6088867
vt 0.07910156 0.6225586
vt 0.07928467 0.6088867
vt 0.07159424 0.6225586
vt 0.07177734 0.6088867
vt 0.06384277 0.6225586
vt 0.06408691 0.6088867
vt 0.05587769 0.6225586
vt 0.05615234 0.6088867
vt 0.04763794 0.6225586
vt 0.04794312 0.6088867
vt 0.03909302 0.6225586
vt 0.03936768 0.6088867
vt 0.03022766 0.6225586
vt 0.03041077 0.6088867
vt 0.02101135 0.6225586
vt 0.02101135 0.6088867
vt 0.3405762 0.01205444
vt 0.3549805 0.03845215
vt 0.3549805 0.012146
vt 0.3400879 0.03778076
vt 0.3549805 0.06866455
vt 0.3242188 0.0120163
vt 0.3393555 0.06719971
vt 0.3549805 0.09771729
vt 0.3239746 0.0375061
vt 0.3103027 0.03585815
vt 0.3105469 0.01179504
vt 0.2910156 0.01168823
vt 0.2907715 0.03509521
vt 0.2744141 0.01166534
vt 0.3093262 0.06359863
vt 0.322998 0.06616211
vt 0.3381348 0.09539795
vt 0.3371582 0.1235352
vt 0.3549805 0.1264648
vt 0.3217773 0.09381104
vt 0.3366699 0.1535645
vt 0.3549805 0.1563721
vt 0.3076172 0.09136963
vt 0.3205566 0.1216431
vt 0.3059082 0.1200562
vt 0.3374023 0.1849365
vt 0.3549805 0.1866455
vt 0.3549805 0.2055664
vt 0.3393555 0.2055664
vt 0.3251953 0.2055664
vt 0.3203125 0.1516113
vt 0.3217773 0.1835938
vt 0.3059082 0.1832275
vt 0.3098145 0.2055664
vt 0.2956543 0.2055664
vt 0.3049316 0.1507568
vt 0.291748 0.182373
vt 0.2897949 0.1488037
vt 0.2785645 0.182373
vt 0.2819824 0.2055664
vt 0.2685547 0.2055664
vt 0.2893066 0.1176147
vt 0.276123 0.1486816
vt 0.2897949 0.08935547
vt 0.2751465 0.1174927
vt 0.2746582 0.08911133
vt 0.2905273 0.06219482
vt 0.2607422 0.1174316
vt 0.2626953 0.1486816
vt 0.2744141 0.06188965
vt 0.2744141 0.03491211
vt 0.2595215 0.08886719
vt 0.2580566 0.03469849
vt 0.2578125 0.01164246
vt 0.2176514 0.01177216
vt 0.2585449 0.06158447
vt 0.2178955 0.03567505
vt 0.2188721 0.06317139
vt 0.1934814 0.03594971
vt 0.1934814 0.0118103
vt 0.2203369 0.09069824
vt 0.1936035 0.0637207
vt 0.1816406 0.03610229
vt 0.1817627 0.01182556
vt 0.1693115 0.0118866
vt 0.222168 0.1190796
vt 0.1936035 0.09143066
vt 0.1689453 0.03652954
vt 0.1414795 0.01190186
vt 0.1813965 0.06408691
vt 0.223999 0.1497803
vt 0.1934814 0.119812
vt 0.1807861 0.09210205
vt 0.1680908 0.06481934
vt 0.1412354 0.03665161
vt 0.2653809 0.182373
vt 0.2259521 0.1827393
vt 0.2270508 0.2055664
vt 0.1931152 0.1503906
vt 0.192627 0.1829834
vt 0.1920166 0.2055664
vt 0.1800537 0.1207886
vt 0.166748 0.09289551
vt 0.1777344 0.1834717
vt 0.1766357 0.2055664
vt 0.1790771 0.1512451
vt 0.1607666 0.1835938
vt 0.1593018 0.2055664
vt 0.1650391 0.1213989
vt 0.1630859 0.1516113
vt 0.1403809 0.06500244
vt 0.1318359 0.1834717
vt 0.1289063 0.2055664
vt 0.1390381 0.09289551
vt 0.1350098 0.1513672
vt 0.1170654 0.1832275
vt 0.1136475 0.2055664
vt 0.1373291 0.1212158
vt 0.1021118 0.1831055
vt 0.09820557 0.2055664
vt 0.08563232 0.2055664
vt 0.1193237 0.151001
vt 0.119751 0.1206055
vt 0.1192017 0.09216309
vt 0.1037598 0.1506348
vt 0.08990479 0.1828613
vt 0.1029663 0.1203003
vt 0.1184692 0.06433105
vt 0.07550049 0.1827393
vt 0.07110596 0.2055664
vt 0.05084229 0.2055664
vt 0.09118652 0.1503906
vt 0.1008911 0.09197998
vt 0.1179199 0.0362854
vt 0.1177368 0.01185608
vt 0.08947754 0.1200562
vt 0.07629395 0.1502686
vt 0.05477905 0.1829834
vt 0.09881592 0.06433105
vt 0.09741211 0.03634644
vt 0.09686279 0.01185608
vt 0.08636475 0.09197998
vt 0.0736084 0.1205444
vt 0.08129883 0.03646851
vt 0.08056641 0.01187897
vt 0.08331299 0.06445313
vt 0.0614624 0.03765869
vt 0.06030273 0.01203918
vt 0.06463623 0.06634521
vt 0.04547119 0.03771973
vt 0.04452515 0.01204681
vt 0.05609131 0.1507568
vt 0.0690918 0.09338379
vt 0.04797363 0.06652832
vt 0.02134705 0.03790283
vt 0.02093506 0.0120697
vt 0.05358887 0.1210938
vt 0.0513916 0.09381104
vt 0.02232361 0.06707764
vt 0.01050568 0.03723145
vt 0.01050568 0.01197815
vt 0.01050568 0.06665039
vt 0.01050568 0.09539795
vt 0.02339172 0.09484863
vt 0.02394104 0.1224976
vt 0.01050568 0.1238403
vt 0.02355957 0.1518555
vt 0.01050568 0.1533203
vt 0.02224731 0.1834717
vt 0.01050568 0.1843262
vt 0.02006531 0.2055664
vt 0.01050568 0.2055664
vt 0.6953125 0.01719666
vt 0.7119141 0.04608154
vt 0.7119141 0.01622009
vt 0.6933594 0.04891968
vt 0.7119141 0.0760498
vt 0.6777344 0.04983521
vt 0.6806641 0.01741028
vt 0.6938477 0.07910156
vt 0.7119141 0.1048584
vt 0.6616211 0.05075073
vt 0.6645508 0.01768494
vt 0.6503906 0.01832581
vt 0.6777344 0.08050537
vt 0.6625977 0.08197021
vt 0.6469727 0.05285645
vt 0.6782227 0.1091309
vt 0.6948242 0.1074829
vt 0.6958008 0.1351318
vt 0.7119141 0.1335449
vt 0.6796875 0.1368408
vt 0.6640625 0.1113892
vt 0.6967773 0.1638184
vt 0.7119141 0.163208
vt 0.7119141 0.1872559
vt 0.6806641 0.1651611
vt 0.6972656 0.1873779
vt 0.7119141 0.2044678
vt 0.6972656 0.2044678
vt 0.6811523 0.1882324
vt 0.6811523 0.2044678
vt 0.6655273 0.1394043
vt 0.6464844 0.08453369
vt 0.6669922 0.1671143
vt 0.6674805 0.1889648
vt 0.6674805 0.2044678
vt 0.6479492 0.2044678
vt 0.6479492 0.1890869
vt 0.6313477 0.1893311
vt 0.6313477 0.2044678
vt 0.6147461 0.2044678
vt 0.6474609 0.1677246
vt 0.6147461 0.1894531
vt 0.5742188 0.2044678
vt 0.574707 0.1890869
vt 0.550293 0.2044678
vt 0.6152344 0.168335
vt 0.6313477 0.1680908
vt 0.6469727 0.1407471
vt 0.550293 0.1888428
vt 0.5385742 0.2044678
vt 0.5751953 0.1673584
vt 0.6464844 0.1136475
vt 0.6157227 0.1414795
vt 0.6313477 0.1411133
vt 0.5385742 0.1887207
vt 0.5263672 0.2044678
vt 0.6318359 0.1138306
vt 0.550293 0.1668701
vt 0.5761719 0.1398926
vt 0.6166992 0.1140137
vt 0.6323242 0.08453369
vt 0.6337891 0.05276489
vt 0.637207 0.01829529
vt 0.6181641 0.08459473
vt 0.6206055 0.05267334
vt 0.6240234 0.01824951
vt 0.578125 0.1121826
vt 0.5800781 0.08294678
vt 0.5820313 0.05160522
vt 0.5839844 0.01795959
vt 0.5507813 0.1391602
vt 0.5507813 0.1113892
vt 0.5507813 0.08221436
vt 0.550293 0.05108643
vt 0.5498047 0.01782227
vt 0.5385742 0.166626
vt 0.5380859 0.1386719
vt 0.5375977 0.1105347
vt 0.5371094 0.08123779
vt 0.5361328 0.05032349
vt 0.5351563 0.01760864
vt 0.5258789 0.1661377
vt 0.5244141 0.1379395
vt 0.5234375 0.1097412
vt 0.5214844 0.08062744
vt 0.5195313 0.04998779
vt 0.5180664 0.01753235
vt 0.4914551 0.05020142
vt 0.4882813 0.01759338
vt 0.4733887 0.01765442
vt 0.4936523 0.08081055
vt 0.4763184 0.05041504
vt 0.4580078 0.0177002
vt 0.4956055 0.1098022
vt 0.4968262 0.1378174
vt 0.4609375 0.05065918
vt 0.4455566 0.01774597
vt 0.4768066 0.08129883
vt 0.4484863 0.05081177
vt 0.4311523 0.01797485
vt 0.4763184 0.1104126
vt 0.4602051 0.08154297
vt 0.4978027 0.1658936
vt 0.4338379 0.05136108
vt 0.4104004 0.01779175
vt 0.4470215 0.08172607
vt 0.458252 0.1105957
vt 0.4755859 0.1384277
vt 0.498291 0.1884766
vt 0.4748535 0.1663818
vt 0.4560547 0.1384277
vt 0.4440918 0.1105957
vt 0.4316406 0.081604
vt 0.5258789 0.1884766
vt 0.498291 0.2044678
vt 0.4746094 0.1885986
vt 0.4746094 0.2044678
vt 0.4536133 0.2044678
vt 0.4543457 0.1663818
vt 0.440918 0.1384277
vt 0.4538574 0.1885986
vt 0.4375 0.1885986
vt 0.4372559 0.2044678
vt 0.4169922 0.2044678
vt 0.4384766 0.1662598
vt 0.4172363 0.1876221
vt 0.4272461 0.109436
vt 0.4189453 0.1643066
vt 0.4013672 0.1876221
vt 0.401123 0.2044678
vt 0.4226074 0.1363525
vt 0.402832 0.1641846
vt 0.3776855 0.1876221
vt 0.3776855 0.2044678
vt 0.3671875 0.2044678
vt 0.3671875 0.1877441
vt 0.3671875 0.1644287
vt 0.3781738 0.1640625
vt 0.3671875 0.1351318
vt 0.3791504 0.1352539
vt 0.3671875 0.1063843
vt 0.4057617 0.1359863
vt 0.380127 0.1073608
vt 0.3671875 0.07763672
vt 0.4091797 0.1088257
vt 0.3803711 0.07904053
vt 0.4121094 0.08087158
vt 0.4133301 0.05072021
vt 0.380127 0.04916382
vt 0.3671875 0.04794312
vt 0.3781738 0.01730347
vt 0.3671875 0.01696777
vt 0.550293 0.8579102
vt 0.5585938 0.5791016
vt 0.5541992 0.5791016
vt 0.5585938 0.8579102
vt 0.5698242 0.5791016
vt 0.5644531 0.8579102
vt 0.5761719 0.5791016
vt 0.5761719 0.8579102
vt 0.5874023 0.5791016
vt 0.5820313 0.8579102
vt 0.5932617 0.5791016
vt 0.5932617 0.8579102
vt 0.6044922 0.5791016
vt 0.5996094 0.8579102
vt 0.6108398 0.5791016
vt 0.6108398 0.8579102
vt 0.6230469 0.5791016
vt 0.6171875 0.8579102
vt 0.5463867 0.8779297
vt 0.5576172 0.8618164
vt 0.5507813 0.8618164
vt 0.5537109 0.8779297
vt 0.5463867 0.9169922
vt 0.5625 0.8618164
vt 0.5537109 0.9169922
vt 0.5644531 0.8779297
vt 0.574707 0.8618164
vt 0.5639648 0.9169922
vt 0.5742188 0.8779297
vt 0.5805664 0.8618164
vt 0.5742188 0.9169922
vt 0.5839844 0.8779297
vt 0.59375 0.8618164
vt 0.5844727 0.9169922
vt 0.59375 0.8779297
vt 0.6000977 0.8618164
vt 0.5942383 0.9169922
vt 0.6040039 0.8779297
vt 0.6123047 0.8618164
vt 0.6044922 0.9169922
vt 0.6142578 0.8779297
vt 0.6176758 0.8632813
vt 0.6147461 0.9169922
vt 0.6254883 0.8779297
vt 0.6259766 0.9169922
vt 0.1970215 0.6982422
vt 0.1929932 0.7041016
vt 0.1900635 0.6977539
vt 0.2030029 0.6987305
vt 0.206543 0.7001953
vt 0.2084961 0.703125
vt 0.1784668 0.6977539
vt 0.2094727 0.7133789
vt 0.1743164 0.7036133
vt 0.1672363 0.6977539
vt 0.1628418 0.6992188
vt 0.1601563 0.7021484
vt 0.1585693 0.7128906
vt 0.1746826 0.7163086
vt 0.192749 0.7167969
vt 0.1745605 0.7480469
vt 0.1585693 0.7480469
vt 0.1921387 0.7480469
vt 0.2095947 0.7480469
vt 0.2095947 0.78125
vt 0.1744385 0.78125
vt 0.1585693 0.78125
vt 0.1914063 0.78125
vt 0.1915283 0.8183594
vt 0.2095947 0.8183594
vt 0.2095947 0.8588867
vt 0.1734619 0.8183594
vt 0.1585693 0.8183594
vt 0.19104 0.8588867
vt 0.2095947 0.8881836
vt 0.1740723 0.8583984
vt 0.1739502 0.8881836
vt 0.1585693 0.8583984
vt 0.1585693 0.8881836
vt 0.1585693 0.9174805
vt 0.1912842 0.8881836
vt 0.2095947 0.9179688
vt 0.1904297 0.9174805
vt 0.2095947 0.9350586
vt 0.173584 0.9174805
vt 0.1904297 0.9355469
vt 0.2095947 0.9550781
vt 0.1734619 0.9360352
vt 0.1585693 0.9360352
vt 0.1899414 0.9560547
vt 0.2075195 0.9750977
vt 0.1733398 0.956543
vt 0.1585693 0.9570313
vt 0.15979 0.9765625
vt 0.1893311 0.9755859
vt 0.2047119 0.9794922
vt 0.2000732 0.9814453
vt 0.1889648 0.9824219
vt 0.173584 0.9760742
vt 0.1621094 0.9804688
vt 0.171875 0.9829102
vt 0.1657715 0.9824219
vt 0.8432617 0.1357422
vt 0.8618164 0.1622314
vt 0.84375 0.1611328
vt 0.8486328 0.1827393
vt 0.8720703 0.1912842
vt 0.8613281 0.2087402
vt 0.8920898 0.2102051
vt 0.8769531 0.2248535
vt 0.8950195 0.2332764
vt 0.9130859 0.2165527
vt 0.9130859 0.2365723
vt 0.9301758 0.2336426
vt 0.9335938 0.2105713
vt 0.9482422 0.2255859
vt 0.9130859 0.1960449
vt 0.8969727 0.19104
vt 0.9541016 0.1920166
vt 0.9643555 0.2097168
vt 0.9780273 0.1837158
vt 0.9648438 0.1627197
vt 0.9829102 0.1618652
vt 0.9838867 0.1358643
vt 0.9287109 0.1912842
vt 0.8818359 0.1728516
vt 0.9130859 0.1749268
vt 0.9443359 0.1732178
vt 0.9672852 0.135376
vt 0.9814453 0.1090698
vt 0.9018555 0.1765137
vt 0.9130859 0.1612549
vt 0.9238281 0.1766357
vt 0.894043 0.1643066
vt 0.9321289 0.1644287
vt 0.9492188 0.1552734
vt 0.8774414 0.1550293
vt 0.9501953 0.1350098
vt 0.9345703 0.1507568
vt 0.8916016 0.1506348
vt 0.859375 0.1352539
vt 0.9130859 0.1488037
vt 0.8764648 0.1348877
vt 0.8613281 0.1131592
vt 0.8452148 0.109436
vt 0.9355469 0.1364746
vt 0.8911133 0.1364746
vt 0.8774414 0.1170654
vt 0.8823242 0.09552002
vt 0.8647461 0.09442139
vt 0.8500977 0.08770752
vt 0.8916016 0.1193237
vt 0.9130859 0.1352539
vt 0.8745117 0.07086182
vt 0.8618164 0.05999756
vt 0.9345703 0.1192627
vt 0.9130859 0.1199951
vt 0.894043 0.102417
vt 0.8857422 0.05386353
vt 0.8764648 0.03945923
vt 0.8989258 0.04501343
vt 0.8945313 0.02876282
vt 0.8984375 0.06604004
vt 0.8886719 0.07763672
vt 0.8974609 0.08868408
vt 0.9130859 0.1037598
vt 0.9130859 0.04150391
vt 0.9130859 0.02464294
vt 0.9038086 0.07788086
vt 0.9130859 0.05938721
vt 0.9262695 0.04455566
vt 0.9306641 0.02812195
vt 0.9487305 0.03842163
vt 0.9130859 0.09075928
vt 0.9130859 0.07727051
vt 0.9399414 0.05322266
vt 0.9643555 0.05886841
vt 0.9272461 0.06567383
vt 0.9516602 0.07012939
vt 0.9765625 0.08691406
vt 0.9223633 0.07763672
vt 0.9287109 0.08850098
vt 0.9370117 0.07720947
vt 0.9443359 0.09521484
vt 0.9619141 0.09393311
vt 0.9326172 0.1022339
vt 0.9658203 0.112915
vt 0.9487305 0.1169434
vt 0.5136719 0.9658203
vt 0.5073242 0.9697266
vt 0.5146484 0.9697266
vt 0.5112305 0.9628906
vt 0.5136719 0.9731445
vt 0.5073242 0.9619141
vt 0.5107422 0.9760742
vt 0.503418 0.9628906
vt 0.5073242 0.9770508
vt 0.5009766 0.9658203
vt 0.503418 0.9760742
vt 0.4997559 0.9692383
vt 0.5009766 0.9731445
vt 0.1970215 0.6982422
vt 0.1900635 0.6977539
vt 0.1929932 0.7041016
vt 0.2030029 0.6987305
vt 0.206543 0.7001953
vt 0.2084961 0.703125
vt 0.1784668 0.6977539
vt 0.2094727 0.7133789
vt 0.1743164 0.7036133
vt 0.1672363 0.6977539
vt 0.1628418 0.6992188
vt 0.1601563 0.7021484
vt 0.1585693 0.7128906
vt 0.1746826 0.7163086
vt 0.192749 0.7167969
vt 0.1745605 0.7480469
vt 0.1585693 0.7480469
vt 0.1921387 0.7480469
vt 0.2095947 0.7480469
vt 0.2095947 0.78125
vt 0.1744385 0.78125
vt 0.1585693 0.78125
vt 0.1914063 0.78125
vt 0.1915283 0.8183594
vt 0.2095947 0.8183594
vt 0.2095947 0.8588867
vt 0.1734619 0.8183594
vt 0.1585693 0.8183594
vt 0.19104 0.8588867
vt 0.2095947 0.8881836
vt 0.1740723 0.8583984
vt 0.1739502 0.8881836
vt 0.1585693 0.8583984
vt 0.1585693 0.8881836
vt 0.1585693 0.9174805
vt 0.1912842 0.8881836
vt 0.2095947 0.9179688
vt 0.1904297 0.9174805
vt 0.2095947 0.9350586
vt 0.173584 0.9174805
vt 0.1904297 0.9355469
vt 0.2095947 0.9550781
vt 0.1734619 0.9360352
vt 0.1585693 0.9360352
vt 0.1899414 0.9560547
vt 0.2075195 0.9750977
vt 0.1733398 0.956543
vt 0.1585693 0.9570313
vt 0.15979 0.9765625
vt 0.1893311 0.9755859
vt 0.2047119 0.9794922
vt 0.2000732 0.9814453
vt 0.1889648 0.9824219
vt 0.173584 0.9760742
vt 0.1621094 0.9804688
vt 0.171875 0.9829102
vt 0.1657715 0.9824219
vt 0.2167969 0.3051758
vt 0.2209473 0.314209
vt 0.2198486 0.3044434
vt 0.2158203 0.2954102
vt 0.2131348 0.2971191
vt 0.2091064 0.2880859
vt 0.2071533 0.2907715
vt 0.2005615 0.2832031
vt 0.1994629 0.286377
vt 0.1907959 0.28125
vt 0.1906738 0.2844238
vt 0.1809082 0.2824707
vt 0.1928711 0.2910156
vt 0.2032471 0.2956543
vt 0.2102051 0.3046875
vt 0.1807861 0.2932129
vt 0.2108154 0.3166504
vt 0.1817627 0.2856445
vt 0.171875 0.2866211
vt 0.1737061 0.2893066
vt 0.1727295 0.2993164
vt 0.1646729 0.293457
vt 0.1672363 0.2954102
vt 0.1600342 0.3022461
vt 0.1688232 0.3083496
vt 0.1629639 0.3032227
vt 0.1582031 0.3117676
vt 0.161377 0.3117676
vt 0.1594238 0.3215332
vt 0.1694336 0.3205566
vt 0.1624756 0.3205566
vt 0.1635742 0.3303223
vt 0.1661377 0.3286133
vt 0.1765137 0.3295898
vt 0.1702881 0.3376465
vt 0.1722412 0.3349609
vt 0.178833 0.3422852
vt 0.1868896 0.3342285
vt 0.1799316 0.3393555
vt 0.1884766 0.3442383
vt 0.1885986 0.3410645
vt 0.1981201 0.3430176
vt 0.1988525 0.3320313
vt 0.1972656 0.3400879
vt 0.2070313 0.3388672
vt 0.2053223 0.3361816
vt 0.2069092 0.3259277
vt 0.2142334 0.3322754
vt 0.211792 0.3303223
vt 0.2189941 0.3237305
vt 0.2160645 0.3225098
vt 0.2177734 0.3139648
vt 0.9868164 0.9609375
vt 0.9882813 0.9711914
vt 0.9907227 0.9609375
vt 0.9897461 0.9506836
vt 0.9858398 0.9516602
vt 0.9853516 0.940918
vt 0.9819336 0.9428711
vt 0.9780273 0.9331055
vt 0.9755859 0.9360352
vt 0.9692383 0.9282227
vt 0.9677734 0.9316406
vt 0.9589844 0.9262695
vt 0.9667969 0.9384766
vt 0.9765625 0.9462891
vt 0.9794922 0.9584961
vt 0.9550781 0.9365234
vt 0.9770508 0.9702148
vt 0.9584961 0.9296875
vt 0.9482422 0.9272461
vt 0.949707 0.9306641
vt 0.9448242 0.9399414
vt 0.9389648 0.9316406
vt 0.940918 0.9345703
vt 0.9311523 0.9384766
vt 0.9370117 0.9482422
vt 0.934082 0.940918
vt 0.9257813 0.9472656
vt 0.9296875 0.9487305
vt 0.9238281 0.9575195
vt 0.934082 0.9599609
vt 0.9277344 0.9580078
vt 0.9248047 0.9682617
vt 0.9282227 0.9672852
vt 0.9291992 0.9780273
vt 0.9321289 0.9755859
vt 0.9375 0.9716797
vt 0.9365234 0.9858398
vt 0.9384766 0.9824219
vt 0.9472656 0.9794922
vt 0.9453125 0.9907227
vt 0.9467773 0.9868164
vt 0.9555664 0.9926758
vt 0.9589844 0.9819336
vt 0.9555664 0.9887695
vt 0.9658203 0.9912109
vt 0.9648438 0.987793
vt 0.9697266 0.9785156
vt 0.9755859 0.9873047
vt 0.9731445 0.9838867
vt 0.9829102 0.9804688
vt 0.9799805 0.9780273
vt 0.9848633 0.9697266
vt 0.7983398 0.1610107
vt 0.7729492 0.1734619
vt 0.7773438 0.1550293
vt 0.7568359 0.1610107
vt 0.7915039 0.1765137
vt 0.8154297 0.1757813
vt 0.8051758 0.1912842
vt 0.8232422 0.1931152
vt 0.8242188 0.2095947
vt 0.7563477 0.1827393
vt 0.7397461 0.1756592
vt 0.7314453 0.197876
vt 0.7856445 0.1888428
vt 0.8081055 0.2121582
vt 0.8193359 0.2301025
vt 0.7475586 0.2010498
vt 0.7319336 0.2219238
vt 0.7705078 0.1890869
vt 0.7954102 0.197998
vt 0.7993164 0.2310791
vt 0.8051758 0.2490234
vt 0.75 0.2216797
vt 0.7436523 0.2423096
vt 0.762207 0.197876
vt 0.7602539 0.2070313
vt 0.7700195 0.2039795
vt 0.7788086 0.1968994
vt 0.7875977 0.2041016
vt 0.7822266 0.2404785
vt 0.7841797 0.2573242
vt 0.762207 0.2161865
vt 0.7783203 0.2071533
vt 0.7734375 0.215332
vt 0.7700195 0.2252197
vt 0.7841797 0.2154541
vt 0.7973633 0.2072754
vt 0.7895508 0.223999
vt 0.78125 0.227417
vt 0.7631836 0.2366943
vt 0.762207 0.2558594
vt 0.7729492 0.1734619
vt 0.7983398 0.1610107
vt 0.7773438 0.1550293
vt 0.7568359 0.1610107
vt 0.7915039 0.1765137
vt 0.8154297 0.1757813
vt 0.8051758 0.1912842
vt 0.8232422 0.1931152
vt 0.8242188 0.2095947
vt 0.7563477 0.1827393
vt 0.7397461 0.1756592
vt 0.7314453 0.197876
vt 0.7856445 0.1888428
vt 0.8081055 0.2121582
vt 0.8193359 0.2301025
vt 0.7475586 0.2010498
vt 0.7319336 0.2219238
vt 0.7705078 0.1890869
vt 0.7954102 0.197998
vt 0.7993164 0.2310791
vt 0.8051758 0.2490234
vt 0.75 0.2216797
vt 0.7436523 0.2423096
vt 0.762207 0.197876
vt 0.7602539 0.2070313
vt 0.7700195 0.2039795
vt 0.7788086 0.1968994
vt 0.7875977 0.2041016
vt 0.7822266 0.2404785
vt 0.7841797 0.2573242
vt 0.7631836 0.2366943
vt 0.762207 0.2558594
vt 0.762207 0.2161865
vt 0.7700195 0.2252197
vt 0.7783203 0.2071533
vt 0.7734375 0.215332
vt 0.78125 0.227417
vt 0.7841797 0.2154541
vt 0.7895508 0.223999
vt 0.7973633 0.2072754
vt 0.1381836 0.5771484
vt 0.1416016 0.5708008
vt 0.1414795 0.5776367
vt 0.1402588 0.581543
vt 0.1385498 0.5703125
vt 0.1416016 0.550293
vt 0.1383057 0.5498047
vt 0.1416016 0.5302734
vt 0.1367188 0.5810547
vt 0.1265869 0.5800781
vt 0.1375732 0.5849609
vt 0.1254883 0.5698242
vt 0.1343994 0.5834961
vt 0.1315918 0.5874023
vt 0.1290283 0.5854492
vt 0.1122437 0.590332
vt 0.1118164 0.5869141
vt 0.09289551 0.5893555
vt 0.1378174 0.5292969
vt 0.1416016 0.5087891
vt 0.1248779 0.5488281
vt 0.1109009 0.5703125
vt 0.1112671 0.5805664
vt 0.09515381 0.5864258
vt 0.1378174 0.5083008
vt 0.1416016 0.4865723
vt 0.1245728 0.5288086
vt 0.08850098 0.5844727
vt 0.08538818 0.5869141
vt 0.09661865 0.5805664
vt 0.08581543 0.5820313
vt 0.08178711 0.5834961
vt 0.08007813 0.5791016
vt 0.08428955 0.5776367
vt 0.07952881 0.5708008
vt 0.1104736 0.5488281
vt 0.09655762 0.5703125
vt 0.08349609 0.5703125
vt 0.07952881 0.5498047
vt 0.08331299 0.5493164
vt 0.07952881 0.5302734
vt 0.09613037 0.5483398
vt 0.08331299 0.5297852
vt 0.07952881 0.5092773
vt 0.1103516 0.5288086
vt 0.08343506 0.5083008
vt 0.07952881 0.4865723
vt 0.09606934 0.5292969
vt 0.08337402 0.486084
vt 0.07952881 0.4567871
vt 0.09613037 0.5078125
vt 0.1245728 0.5078125
vt 0.08349609 0.4567871
vt 0.07952881 0.4162598
vt 0.09613037 0.4858398
vt 0.1103516 0.5078125
vt 0.1378174 0.4865723
vt 0.1104126 0.486084
vt 0.1246948 0.4863281
vt 0.1378174 0.4572754
vt 0.1416016 0.4567871
vt 0.1247559 0.4572754
vt 0.1104126 0.4570313
vt 0.09619141 0.4567871
vt 0.1378174 0.4169922
vt 0.1416016 0.4162598
vt 0.1247559 0.4169922
vt 0.1378174 0.3796387
vt 0.1416016 0.3786621
vt 0.1104126 0.416748
vt 0.1247559 0.3798828
vt 0.08349609 0.4165039
vt 0.1376953 0.3469238
vt 0.1416016 0.3457031
vt 0.09625244 0.4165039
vt 0.08343506 0.3793945
vt 0.07952881 0.3789063
vt 0.1104126 0.3796387
vt 0.1247559 0.347168
vt 0.1376953 0.315918
vt 0.1416016 0.314209
vt 0.09619141 0.3793945
vt 0.08355713 0.3466797
vt 0.07952881 0.3459473
vt 0.1248779 0.3161621
vt 0.1244507 0.300293
vt 0.137207 0.3024902
vt 0.1412354 0.300293
vt 0.1105347 0.347168
vt 0.1362305 0.2995605
vt 0.1400146 0.2973633
vt 0.1375732 0.2949219
vt 0.1341553 0.2973633
vt 0.1347656 0.2932129
vt 0.1315918 0.2958984
vt 0.1307373 0.2919922
vt 0.1280518 0.2949219
vt 0.1091309 0.2905273
vt 0.1092529 0.3000488
vt 0.1106567 0.315918
vt 0.1092529 0.2941895
vt 0.09649658 0.3000488
vt 0.09631348 0.3154297
vt 0.09637451 0.3469238
vt 0.09259033 0.2946777
vt 0.08996582 0.2915039
vt 0.08349609 0.3154297
vt 0.07952881 0.3139648
vt 0.08905029 0.2956543
vt 0.08563232 0.2929688
vt 0.08398438 0.302002
vt 0.07977295 0.3005371
vt 0.08654785 0.2971191
vt 0.08276367 0.2949219
vt 0.08496094 0.2993164
vt 0.08081055 0.2976074
vt 0.1381836 0.5771484
vt 0.1416016 0.5708008
vt 0.1414795 0.5776367
vt 0.1402588 0.581543
vt 0.1385498 0.5703125
vt 0.1416016 0.550293
vt 0.1383057 0.5498047
vt 0.1416016 0.5302734
vt 0.1367188 0.5810547
vt 0.1265869 0.5800781
vt 0.1375732 0.5849609
vt 0.1254883 0.5698242
vt 0.1343994 0.5834961
vt 0.1315918 0.5874023
vt 0.1290283 0.5854492
vt 0.1122437 0.590332
vt 0.1118164 0.5869141
vt 0.09289551 0.5893555
vt 0.1378174 0.5292969
vt 0.1416016 0.5087891
vt 0.1248779 0.5488281
vt 0.1109009 0.5703125
vt 0.1112671 0.5805664
vt 0.09515381 0.5864258
vt 0.1378174 0.5083008
vt 0.1416016 0.4865723
vt 0.1245728 0.5288086
vt 0.08850098 0.5844727
vt 0.08538818 0.5869141
vt 0.09661865 0.5805664
vt 0.08581543 0.5820313
vt 0.08178711 0.5834961
vt 0.08007813 0.5791016
vt 0.08428955 0.5776367
vt 0.07952881 0.5708008
vt 0.1104736 0.5488281
vt 0.09655762 0.5703125
vt 0.08349609 0.5703125
vt 0.07952881 0.5498047
vt 0.08331299 0.5493164
vt 0.07952881 0.5302734
vt 0.09613037 0.5483398
vt 0.08331299 0.5297852
vt 0.07952881 0.5092773
vt 0.1103516 0.5288086
vt 0.08343506 0.5083008
vt 0.07952881 0.4865723
vt 0.09606934 0.5292969
vt 0.08337402 0.486084
vt 0.07952881 0.4567871
vt 0.09613037 0.5078125
vt 0.1245728 0.5078125
vt 0.08349609 0.4567871
vt 0.07952881 0.4162598
vt 0.09613037 0.4858398
vt 0.1103516 0.5078125
vt 0.1378174 0.4865723
vt 0.1104126 0.486084
vt 0.1246948 0.4863281
vt 0.1378174 0.4572754
vt 0.1416016 0.4567871
vt 0.1247559 0.4572754
vt 0.1104126 0.4570313
vt 0.09619141 0.4567871
vt 0.1378174 0.4169922
vt 0.1416016 0.4162598
vt 0.1247559 0.4169922
vt 0.1378174 0.3796387
vt 0.1416016 0.3786621
vt 0.1104126 0.416748
vt 0.1247559 0.3798828
vt 0.08349609 0.4165039
vt 0.1376953 0.3469238
vt 0.1416016 0.3457031
vt 0.09625244 0.4165039
vt 0.08343506 0.3793945
vt 0.07952881 0.3789063
vt 0.1104126 0.3796387
vt 0.1247559 0.347168
vt 0.1376953 0.315918
vt 0.1416016 0.314209
vt 0.09619141 0.3793945
vt 0.08355713 0.3466797
vt 0.07952881 0.3459473
vt 0.1248779 0.3161621
vt 0.1244507 0.300293
vt 0.137207 0.3024902
vt 0.1412354 0.300293
vt 0.1105347 0.347168
vt 0.1362305 0.2995605
vt 0.1400146 0.2973633
vt 0.1375732 0.2949219
vt 0.1341553 0.2973633
vt 0.1347656 0.2932129
vt 0.1315918 0.2958984
vt 0.1307373 0.2919922
vt 0.1280518 0.2949219
vt 0.1091309 0.2905273
vt 0.1092529 0.3000488
vt 0.1106567 0.315918
vt 0.1092529 0.2941895
vt 0.09649658 0.3000488
vt 0.09631348 0.3154297
vt 0.09637451 0.3469238
vt 0.09259033 0.2946777
vt 0.08996582 0.2915039
vt 0.08349609 0.3154297
vt 0.07952881 0.3139648
vt 0.08905029 0.2956543
vt 0.08563232 0.2929688
vt 0.08398438 0.302002
vt 0.07977295 0.3005371
vt 0.08654785 0.2971191
vt 0.08276367 0.2949219
vt 0.08496094 0.2993164
vt 0.08081055 0.2976074
vt 0.6098633 0.3017578
vt 0.5927734 0.2932129
vt 0.5878906 0.3239746
vt 0.6186523 0.3190918
vt 0.5737305 0.2961426
vt 0.6157227 0.3381348
vt 0.5600586 0.3098145
vt 0.6020508 0.3518066
vt 0.5571289 0.3288574
vt 0.5830078 0.3547363
vt 0.565918 0.3459473
vt 0.8920898 0.2102051
vt 0.8769531 0.2248535
vt 0.8950195 0.2332764
vt 0.8613281 0.2087402
vt 0.9130859 0.2165527
vt 0.9130859 0.2365723
vt 0.9301758 0.2336426
vt 0.9335938 0.2105713
vt 0.9482422 0.2255859
vt 0.8720703 0.1912842
vt 0.8486328 0.1827393
vt 0.9130859 0.1960449
vt 0.9541016 0.1920166
vt 0.9643555 0.2097168
vt 0.9780273 0.1837158
vt 0.9648438 0.1627197
vt 0.9829102 0.1618652
vt 0.9838867 0.1358643
vt 0.9287109 0.1912842
vt 0.8969727 0.19104
vt 0.8618164 0.1622314
vt 0.84375 0.1611328
vt 0.8432617 0.1357422
vt 0.9672852 0.135376
vt 0.9814453 0.1090698
vt 0.9443359 0.1732178
vt 0.9130859 0.1749268
vt 0.8818359 0.1728516
vt 0.9238281 0.1766357
vt 0.9130859 0.1612549
vt 0.9018555 0.1765137
vt 0.9321289 0.1644287
vt 0.9492188 0.1552734
vt 0.894043 0.1643066
vt 0.8774414 0.1550293
vt 0.9501953 0.1350098
vt 0.9345703 0.1507568
vt 0.8916016 0.1506348
vt 0.859375 0.1352539
vt 0.9130859 0.1488037
vt 0.8764648 0.1348877
vt 0.8613281 0.1131592
vt 0.8452148 0.109436
vt 0.9355469 0.1364746
vt 0.8911133 0.1364746
vt 0.8774414 0.1170654
vt 0.8823242 0.09552002
vt 0.8647461 0.09442139
vt 0.8500977 0.08770752
vt 0.8916016 0.1193237
vt 0.9130859 0.1352539
vt 0.8745117 0.07086182
vt 0.8618164 0.05999756
vt 0.9345703 0.1192627
vt 0.9130859 0.1199951
vt 0.894043 0.102417
vt 0.8857422 0.05386353
vt 0.8764648 0.03945923
vt 0.8989258 0.04501343
vt 0.8945313 0.02876282
vt 0.8984375 0.06604004
vt 0.8886719 0.07763672
vt 0.8974609 0.08868408
vt 0.9130859 0.1037598
vt 0.9130859 0.04150391
vt 0.9130859 0.02464294
vt 0.9038086 0.07788086
vt 0.9130859 0.05938721
vt 0.9262695 0.04455566
vt 0.9306641 0.02812195
vt 0.9487305 0.03842163
vt 0.9130859 0.09075928
vt 0.9130859 0.07727051
vt 0.9399414 0.05322266
vt 0.9643555 0.05886841
vt 0.9272461 0.06567383
vt 0.9516602 0.07012939
vt 0.9765625 0.08691406
vt 0.9223633 0.07763672
vt 0.9287109 0.08850098
vt 0.9370117 0.07720947
vt 0.9443359 0.09521484
vt 0.9619141 0.09393311
vt 0.9326172 0.1022339
vt 0.9658203 0.112915
vt 0.9487305 0.1169434
vt 0.1812744 0.2941895
vt 0.1895752 0.3127441
vt 0.1925049 0.2922363
vt 0.173584 0.2998047
vt 0.2026367 0.2963867
vt 0.1699219 0.3085938
vt 0.2088623 0.3051758
vt 0.1708984 0.3200684
vt 0.2097168 0.3164063
vt 0.177124 0.3288574
vt 0.2060547 0.3251953
vt 0.1872559 0.3327637
vt 0.1983643 0.3310547
vt 0.9550781 0.9375
vt 0.9570313 0.9594727
vt 0.9663086 0.9394531
vt 0.9453125 0.940918
vt 0.9755859 0.9472656
vt 0.9379883 0.9487305
vt 0.9785156 0.9584961
vt 0.9355469 0.9599609
vt 0.9760742 0.9697266
vt 0.9384766 0.9711914
vt 0.96875 0.9770508
vt 0.9477539 0.9785156
vt 0.9589844 0.9804688
vt 0.6020508 0.3776855
vt 0.5791016 0.3945313
vt 0.5820313 0.3759766
vt 0.5571289 0.3830566
vt 0.6064453 0.3991699
vt 0.6235352 0.3876953
vt 0.5546875 0.4072266
vt 0.534668 0.4020996
vt 0.625 0.4182129
vt 0.640625 0.4106445
vt 0.543457 0.4306641
vt 0.5258789 0.4284668
vt 0.5288086 0.4555664
vt 0.5488281 0.4550781
vt 0.5449219 0.4770508
vt 0.5673828 0.4716797
vt 0.5683594 0.4902344
vt 0.5942383 0.4909668
vt 0.5571289 0.4321289
vt 0.6279297 0.4433594
vt 0.6464844 0.4377441
vt 0.6381836 0.4633789
vt 0.6152344 0.4645996
vt 0.6196289 0.4829102
vt 0.6142578 0.4406738
vt 0.5922852 0.4750977
vt 0.605957 0.4555664
vt 0.590332 0.4631348
vt 0.5605469 0.4489746
vt 0.6118164 0.423584
vt 0.5991211 0.4458008
vt 0.5732422 0.4604492
vt 0.5800781 0.4519043
vt 0.5683594 0.4360352
vt 0.5996094 0.4106445
vt 0.5991211 0.4257813
vt 0.5854492 0.4367676
vt 0.5800781 0.4194336
vt 0.5649414 0.4162598
vt 0.5810547 0.4077148
vt 0.7949219 0.04910278
vt 0.8007813 0.05496216
vt 0.7880859 0.05569458
vt 0.7880859 0.04498291
vt 0.7797852 0.04281616
vt 0.7973633 0.06976318
vt 0.7758789 0.07409668
vt 0.8051758 0.06207275
vt 0.8071289 0.07000732
vt 0.8071289 0.07824707
vt 0.7714844 0.05236816
vt 0.7719727 0.04281616
vt 0.7636719 0.04498291
vt 0.7568359 0.04910278
vt 0.7944336 0.08642578
vt 0.8051758 0.08618164
vt 0.8007813 0.09326172
vt 0.7949219 0.09912109
vt 0.7573242 0.06182861
vt 0.7509766 0.05496216
vt 0.746582 0.06207275
vt 0.7446289 0.07000732
vt 0.7802734 0.0958252
vt 0.7880859 0.1032104
vt 0.7797852 0.1052856
vt 0.7719727 0.1052856
vt 0.7543945 0.07843018
vt 0.7446289 0.07824707
vt 0.746582 0.08618164
vt 0.7509766 0.09326172
vt 0.7636719 0.0925293
vt 0.7636719 0.1032104
vt 0.7568359 0.09906006
vt 0.1640625 0.4067383
vt 0.1646729 0.4306641
vt 0.1552734 0.4189453
vt 0.1501465 0.4326172
vt 0.173584 0.4160156
vt 0.1759033 0.3972168
vt 0.1881104 0.4064941
vt 0.1899414 0.3913574
vt 0.2050781 0.3894043
vt 0.161377 0.4470215
vt 0.1486816 0.4470215
vt 0.1907959 0.4260254
vt 0.2050781 0.402832
vt 0.2200928 0.3916016
vt 0.1798096 0.4421387
vt 0.1647949 0.4633789
vt 0.1502686 0.4614258
vt 0.1556396 0.4750977
vt 0.2099609 0.4221191
vt 0.2219238 0.4067383
vt 0.2341309 0.3974609
vt 0.2458496 0.4069824
vt 0.1738281 0.4777832
vt 0.1644287 0.4870605
vt 0.1838379 0.4609375
vt 0.1882324 0.4870605
vt 0.1762695 0.4963379
vt 0.1901855 0.5019531
vt 0.1955566 0.4431152
vt 0.2363281 0.4162598
vt 0.2543945 0.4191895
vt 0.2050781 0.4907227
vt 0.2052002 0.5043945
vt 0.2088623 0.4377441
vt 0.2261963 0.4331055
vt 0.2451172 0.4306641
vt 0.2595215 0.4328613
vt 0.2609863 0.4470215
vt 0.2000732 0.4714355
vt 0.2219238 0.4868164
vt 0.2202148 0.5019531
vt 0.2338867 0.4960938
vt 0.2484131 0.4470215
vt 0.2595215 0.4611816
vt 0.2299805 0.4519043
vt 0.2449951 0.4633789
vt 0.2541504 0.4748535
vt 0.2454834 0.4865723
vt 0.236084 0.4775391
vt 0.2192383 0.4677734
vt 0.2144775 0.4506836
vt 0.2011719 0.4560547
vt 0.7949219 0.04910278
vt 0.7880859 0.05569458
vt 0.8007813 0.05496216
vt 0.7880859 0.04498291
vt 0.7797852 0.04281616
vt 0.7973633 0.06976318
vt 0.7758789 0.07409668
vt 0.8051758 0.06207275
vt 0.8071289 0.07000732
vt 0.8071289 0.07824707
vt 0.7714844 0.05236816
vt 0.7719727 0.04281616
vt 0.7636719 0.04498291
vt 0.7568359 0.04910278
vt 0.7944336 0.08642578
vt 0.8051758 0.08618164
vt 0.8007813 0.09326172
vt 0.7949219 0.09912109
vt 0.7573242 0.06182861
vt 0.7509766 0.05496216
vt 0.746582 0.06207275
vt 0.7446289 0.07000732
vt 0.7802734 0.0958252
vt 0.7880859 0.1032104
vt 0.7797852 0.1052856
vt 0.7719727 0.1052856
vt 0.7543945 0.07843018
vt 0.7446289 0.07824707
vt 0.746582 0.08618164
vt 0.7509766 0.09326172
vt 0.7636719 0.0925293
vt 0.7636719 0.1032104
vt 0.7568359 0.09906006
vt 0.1646729 0.4306641
vt 0.1640625 0.4067383
vt 0.1552734 0.4189453
vt 0.1501465 0.4326172
vt 0.173584 0.4160156
vt 0.1759033 0.3972168
vt 0.1881104 0.4064941
vt 0.1899414 0.3913574
vt 0.2050781 0.3894043
vt 0.161377 0.4470215
vt 0.1486816 0.4470215
vt 0.1907959 0.4260254
vt 0.2050781 0.402832
vt 0.2200928 0.3916016
vt 0.1798096 0.4421387
vt 0.1647949 0.4633789
vt 0.1502686 0.4614258
vt 0.1556396 0.4750977
vt 0.2099609 0.4221191
vt 0.2219238 0.4067383
vt 0.2341309 0.3974609
vt 0.2458496 0.4069824
vt 0.1738281 0.4777832
vt 0.1644287 0.4870605
vt 0.1838379 0.4609375
vt 0.1882324 0.4870605
vt 0.1762695 0.4963379
vt 0.1901855 0.5019531
vt 0.1955566 0.4431152
vt 0.2088623 0.4377441
vt 0.2261963 0.4331055
vt 0.2050781 0.4907227
vt 0.2052002 0.5043945
vt 0.2000732 0.4714355
vt 0.2011719 0.4560547
vt 0.2219238 0.4868164
vt 0.2202148 0.5019531
vt 0.2338867 0.4960938
vt 0.2144775 0.4506836
vt 0.2192383 0.4677734
vt 0.236084 0.4775391
vt 0.2454834 0.4865723
vt 0.2449951 0.4633789
vt 0.2541504 0.4748535
vt 0.2595215 0.4611816
vt 0.2299805 0.4519043
vt 0.2484131 0.4470215
vt 0.2609863 0.4470215
vt 0.2451172 0.4306641
vt 0.2595215 0.4328613
vt 0.2543945 0.4191895
vt 0.2363281 0.4162598
vt 0.5791016 0.3945313
vt 0.6020508 0.3776855
vt 0.5820313 0.3759766
vt 0.5571289 0.3830566
vt 0.6064453 0.3991699
vt 0.6235352 0.3876953
vt 0.5546875 0.4072266
vt 0.534668 0.4020996
vt 0.625 0.4182129
vt 0.640625 0.4106445
vt 0.543457 0.4306641
vt 0.5258789 0.4284668
vt 0.5288086 0.4555664
vt 0.5488281 0.4550781
vt 0.5449219 0.4770508
vt 0.5673828 0.4716797
vt 0.5683594 0.4902344
vt 0.5942383 0.4909668
vt 0.5571289 0.4321289
vt 0.6279297 0.4433594
vt 0.6464844 0.4377441
vt 0.6381836 0.4633789
vt 0.6152344 0.4645996
vt 0.6196289 0.4829102
vt 0.6142578 0.4406738
vt 0.5922852 0.4750977
vt 0.605957 0.4555664
vt 0.590332 0.4631348
vt 0.5605469 0.4489746
vt 0.6118164 0.423584
vt 0.5991211 0.4458008
vt 0.5732422 0.4604492
vt 0.5800781 0.4519043
vt 0.5683594 0.4360352
vt 0.5996094 0.4106445
vt 0.5991211 0.4257813
vt 0.5854492 0.4367676
vt 0.5800781 0.4194336
vt 0.5649414 0.4162598
vt 0.5810547 0.4077148
vt 0.06835938 0.3181152
vt 0.0713501 0.3051758
vt 0.07183838 0.3181152
vt 0.07183838 0.3479004
vt 0.06768799 0.3061523
vt 0.04336548 0.3186035
vt 0.07012939 0.3022461
vt 0.06835938 0.3479004
vt 0.0668335 0.3039551
vt 0.06799316 0.3000488
vt 0.04333496 0.3051758
vt 0.06542969 0.3024902
vt 0.06512451 0.298584
vt 0.06341553 0.3012695
vt 0.05999756 0.3005371
vt 0.06097412 0.2976074
vt 0.04467773 0.2973633
vt 0.04467773 0.300293
vt 0.02612305 0.2976074
vt 0.02641296 0.3005371
vt 0.02325439 0.3012695
vt 0.02223206 0.2983398
vt 0.02107239 0.3022461
vt 0.01922607 0.2995605
vt 0.01965332 0.3039551
vt 0.01669312 0.3017578
vt 0.01519775 0.3046875
vt 0.0188446 0.3059082
vt 0.01424408 0.3181152
vt 0.01812744 0.3186035
vt 0.01424408 0.3476563
vt 0.01812744 0.3479004
vt 0.01424408 0.378418
vt 0.04342651 0.3481445
vt 0.01812744 0.3789063
vt 0.01424408 0.4138184
vt 0.043396 0.3789063
vt 0.06835938 0.3789063
vt 0.07183838 0.3789063
vt 0.07183838 0.4140625
vt 0.06835938 0.4138184
vt 0.07183838 0.4519043
vt 0.04336548 0.4140625
vt 0.01812744 0.4140625
vt 0.06835938 0.4519043
vt 0.01812744 0.4519043
vt 0.01424408 0.4519043
vt 0.04336548 0.4516602
vt 0.06835938 0.479248
vt 0.07183838 0.4797363
vt 0.01812744 0.4797363
vt 0.01424408 0.4799805
vt 0.04333496 0.479248
vt 0.06835938 0.5004883
vt 0.07183838 0.5004883
vt 0.01812744 0.5009766
vt 0.01424408 0.5009766
vt 0.04336548 0.5
vt 0.06835938 0.5200195
vt 0.07183838 0.5205078
vt 0.01812744 0.5209961
vt 0.01424408 0.5214844
vt 0.04342651 0.5200195
vt 0.06835938 0.5380859
vt 0.07183838 0.5385742
vt 0.01812744 0.5405273
vt 0.01424408 0.5405273
vt 0.04345703 0.5385742
vt 0.0680542 0.5581055
vt 0.07159424 0.5585938
vt 0.043396 0.559082
vt 0.01846313 0.5595703
vt 0.01451111 0.5600586
vt 0.06707764 0.5644531
vt 0.01953125 0.565918
vt 0.06591797 0.5668945
vt 0.07037354 0.5654297
vt 0.01583862 0.5668945
vt 0.06848145 0.5693359
vt 0.01776123 0.5703125
vt 0.06365967 0.5688477
vt 0.06494141 0.5717773
vt 0.05844116 0.5727539
vt 0.02070618 0.5678711
vt 0.02101135 0.5727539
vt 0.05825806 0.5698242
vt 0.04312134 0.5732422
vt 0.0229187 0.5693359
vt 0.02696228 0.5737305
vt 0.0274353 0.5703125
vt 0.04299927 0.5703125
vt 0.06835938 0.3181152
vt 0.0713501 0.3051758
vt 0.07183838 0.3181152
vt 0.07183838 0.3479004
vt 0.06768799 0.3061523
vt 0.04336548 0.3186035
vt 0.07012939 0.3022461
vt 0.06835938 0.3479004
vt 0.0668335 0.3039551
vt 0.06799316 0.3000488
vt 0.04333496 0.3051758
vt 0.06542969 0.3024902
vt 0.06512451 0.298584
vt 0.06341553 0.3012695
vt 0.05999756 0.3005371
vt 0.06097412 0.2976074
vt 0.04467773 0.2973633
vt 0.04467773 0.300293
vt 0.02612305 0.2976074
vt 0.02641296 0.3005371
vt 0.02325439 0.3012695
vt 0.02223206 0.2983398
vt 0.02107239 0.3022461
vt 0.01922607 0.2995605
vt 0.01965332 0.3039551
vt 0.01669312 0.3017578
vt 0.01519775 0.3046875
vt 0.0188446 0.3059082
vt 0.01424408 0.3181152
vt 0.01812744 0.3186035
vt 0.01424408 0.3476563
vt 0.01812744 0.3479004
vt 0.01424408 0.378418
vt 0.04342651 0.3481445
vt 0.01812744 0.3789063
vt 0.01424408 0.4138184
vt 0.043396 0.3789063
vt 0.06835938 0.3789063
vt 0.07183838 0.3789063
vt 0.07183838 0.4140625
vt 0.06835938 0.4138184
vt 0.07183838 0.4519043
vt 0.04336548 0.4140625
vt 0.01812744 0.4140625
vt 0.06835938 0.4519043
vt 0.01812744 0.4519043
vt 0.01424408 0.4519043
vt 0.04336548 0.4516602
vt 0.06835938 0.479248
vt 0.07183838 0.4797363
vt 0.01812744 0.4797363
vt 0.01424408 0.4799805
vt 0.04333496 0.479248
vt 0.06835938 0.5004883
vt 0.07183838 0.5004883
vt 0.01812744 0.5009766
vt 0.01424408 0.5009766
vt 0.04336548 0.5
vt 0.06835938 0.5200195
vt 0.07183838 0.5205078
vt 0.01812744 0.5209961
vt 0.01424408 0.5214844
vt 0.04342651 0.5200195
vt 0.06835938 0.5380859
vt 0.07183838 0.5385742
vt 0.01812744 0.5405273
vt 0.01424408 0.5405273
vt 0.04345703 0.5385742
vt 0.0680542 0.5581055
vt 0.07159424 0.5585938
vt 0.043396 0.559082
vt 0.01846313 0.5595703
vt 0.01451111 0.5600586
vt 0.06707764 0.5644531
vt 0.01953125 0.565918
vt 0.06591797 0.5668945
vt 0.07037354 0.5654297
vt 0.01583862 0.5668945
vt 0.06848145 0.5693359
vt 0.01776123 0.5703125
vt 0.06365967 0.5688477
vt 0.06494141 0.5717773
vt 0.05844116 0.5727539
vt 0.02070618 0.5678711
vt 0.02101135 0.5727539
vt 0.05825806 0.5698242
vt 0.04312134 0.5732422
vt 0.0229187 0.5693359
vt 0.02696228 0.5737305
vt 0.0274353 0.5703125
vt 0.04299927 0.5703125
vt 0.8081055 0.05633545
vt 0.8144531 0.06463623
vt 0.8115234 0.06536865
vt 0.8105469 0.05493164
vt 0.8022461 0.04858398
vt 0.815918 0.07501221
vt 0.8129883 0.07501221
vt 0.8041992 0.04663086
vt 0.7944336 0.04263306
vt 0.8144531 0.08538818
vt 0.8115234 0.0847168
vt 0.7958984 0.04025269
vt 0.7856445 0.03890991
vt 0.8105469 0.09509277
vt 0.8081055 0.09368896
vt 0.7861328 0.03622437
vt 0.7758789 0.03762817
vt 0.8041992 0.1033936
vt 0.8022461 0.1014404
vt 0.7758789 0.03485107
vt 0.7661133 0.03890991
vt 0.7958984 0.1098022
vt 0.7944336 0.1073608
vt 0.765625 0.03622437
vt 0.7573242 0.04263306
vt 0.7861328 0.1137695
vt 0.7856445 0.111145
vt 0.7558594 0.04025269
vt 0.7495117 0.04858398
vt 0.7758789 0.1151733
vt 0.7758789 0.1123657
vt 0.7475586 0.04663086
vt 0.7436523 0.05633545
vt 0.765625 0.1137695
vt 0.7661133 0.111145
vt 0.7412109 0.05493164
vt 0.7402344 0.06536865
vt 0.7558594 0.1098022
vt 0.7573242 0.1073608
vt 0.7373047 0.06463623
vt 0.7387695 0.07501221
vt 0.7475586 0.1033936
vt 0.7495117 0.1014404
vt 0.7358398 0.07501221
vt 0.7402344 0.0847168
vt 0.7412109 0.09509277
vt 0.7436523 0.09368896
vt 0.7373047 0.08538818
vt 0.7529297 0.1148071
vt 0.7436523 0.1074829
vt 0.7363281 0.09796143
vt 0.7319336 0.08691406
vt 0.7299805 0.07501221
vt 0.7319336 0.06311035
vt 0.7641602 0.1193848
vt 0.7363281 0.05206299
vt 0.7758789 0.1209717
vt 0.7436523 0.0425415
vt 0.7875977 0.1193848
vt 0.7529297 0.0352478
vt 0.7988281 0.1148071
vt 0.7641602 0.03065491
vt 0.8081055 0.1074829
vt 0.7758789 0.02908325
vt 0.8154297 0.09796143
vt 0.7875977 0.03065491
vt 0.8198242 0.08691406
vt 0.7988281 0.0352478
vt 0.8217773 0.07501221
vt 0.8081055 0.0425415
vt 0.8198242 0.06311035
vt 0.8154297 0.05206299
vt 0.8203125 0.1008301
vt 0.8256836 0.08837891
vt 0.8271484 0.07501221
vt 0.8256836 0.06164551
vt 0.8203125 0.04919434
vt 0.8120117 0.03851318
vt 0.8120117 0.1115112
vt 0.8017578 0.03031921
vt 0.8017578 0.1196899
vt 0.7890625 0.02516174
vt 0.7890625 0.1248779
vt 0.7758789 0.02339172
vt 0.7758789 0.1265869
vt 0.7626953 0.02516174
vt 0.7626953 0.1248779
vt 0.75 0.03031921
vt 0.75 0.1196899
vt 0.7397461 0.03851318
vt 0.7397461 0.1115112
vt 0.7314453 0.04919434
vt 0.7314453 0.1008301
vt 0.7260742 0.06164551
vt 0.7260742 0.08837891
vt 0.7246094 0.07501221
vt 0.7373047 0.1137085
vt 0.7485352 0.1223755
vt 0.7285156 0.102356
vt 0.7231445 0.08917236
vt 0.7617188 0.1278076
vt 0.7211914 0.07501221
vt 0.7231445 0.06085205
vt 0.7758789 0.1297607
vt 0.7285156 0.04766846
vt 0.7900391 0.1278076
vt 0.7373047 0.03631592
vt 0.8032227 0.1223755
vt 0.7485352 0.02763367
vt 0.8144531 0.1137085
vt 0.7617188 0.02217102
vt 0.8232422 0.102356
vt 0.7758789 0.02030945
vt 0.8286133 0.08917236
vt 0.7900391 0.02217102
vt 0.8305664 0.07501221
vt 0.8032227 0.02763367
vt 0.8286133 0.06085205
vt 0.8144531 0.03631592
vt 0.8232422 0.04766846
vt 0.8144531 0.06463623
vt 0.8081055 0.05633545
vt 0.8115234 0.06536865
vt 0.8105469 0.05493164
vt 0.8022461 0.04858398
vt 0.815918 0.07501221
vt 0.8129883 0.07501221
vt 0.8041992 0.04663086
vt 0.7944336 0.04263306
vt 0.8144531 0.08538818
vt 0.8115234 0.0847168
vt 0.7958984 0.04025269
vt 0.7856445 0.03890991
vt 0.8105469 0.09509277
vt 0.8081055 0.09368896
vt 0.7861328 0.03622437
vt 0.7758789 0.03762817
vt 0.8041992 0.1033936
vt 0.8022461 0.1014404
vt 0.7758789 0.03485107
vt 0.7661133 0.03890991
vt 0.7958984 0.1098022
vt 0.7944336 0.1073608
vt 0.765625 0.03622437
vt 0.7573242 0.04263306
vt 0.7861328 0.1137695
vt 0.7856445 0.111145
vt 0.7558594 0.04025269
vt 0.7495117 0.04858398
vt 0.7758789 0.1151733
vt 0.7758789 0.1123657
vt 0.7475586 0.04663086
vt 0.7436523 0.05633545
vt 0.765625 0.1137695
vt 0.7661133 0.111145
vt 0.7412109 0.05493164
vt 0.7402344 0.06536865
vt 0.7558594 0.1098022
vt 0.7573242 0.1073608
vt 0.7373047 0.06463623
vt 0.7387695 0.07501221
vt 0.7475586 0.1033936
vt 0.7495117 0.1014404
vt 0.7358398 0.07501221
vt 0.7402344 0.0847168
vt 0.7412109 0.09509277
vt 0.7436523 0.09368896
vt 0.7373047 0.08538818
vt 0.7529297 0.1148071
vt 0.7436523 0.1074829
vt 0.7363281 0.09796143
vt 0.7319336 0.08691406
vt 0.7299805 0.07501221
vt 0.7319336 0.06311035
vt 0.7641602 0.1193848
vt 0.7363281 0.05206299
vt 0.7758789 0.1209717
vt 0.7436523 0.0425415
vt 0.7875977 0.1193848
vt 0.7529297 0.0352478
vt 0.7988281 0.1148071
vt 0.7641602 0.03065491
vt 0.8081055 0.1074829
vt 0.7758789 0.02908325
vt 0.8154297 0.09796143
vt 0.7875977 0.03065491
vt 0.8198242 0.08691406
vt 0.7988281 0.0352478
vt 0.8217773 0.07501221
vt 0.8081055 0.0425415
vt 0.8198242 0.06311035
vt 0.8154297 0.05206299
vt 0.8203125 0.1008301
vt 0.8256836 0.08837891
vt 0.8271484 0.07501221
vt 0.8256836 0.06164551
vt 0.8203125 0.04919434
vt 0.8120117 0.03851318
vt 0.8120117 0.1115112
vt 0.8017578 0.03031921
vt 0.8017578 0.1196899
vt 0.7890625 0.02516174
vt 0.7890625 0.1248779
vt 0.7758789 0.02339172
vt 0.7758789 0.1265869
vt 0.7626953 0.02516174
vt 0.7626953 0.1248779
vt 0.75 0.03031921
vt 0.75 0.1196899
vt 0.7397461 0.03851318
vt 0.7397461 0.1115112
vt 0.7314453 0.04919434
vt 0.7314453 0.1008301
vt 0.7260742 0.06164551
vt 0.7260742 0.08837891
vt 0.7246094 0.07501221
vt 0.7373047 0.1137085
vt 0.7285156 0.102356
vt 0.7485352 0.1223755
vt 0.7231445 0.08917236
vt 0.7211914 0.07501221
vt 0.7617188 0.1278076
vt 0.7231445 0.06085205
vt 0.7285156 0.04766846
vt 0.7758789 0.1297607
vt 0.7373047 0.03631592
vt 0.7900391 0.1278076
vt 0.7485352 0.02763367
vt 0.8032227 0.1223755
vt 0.7617188 0.02217102
vt 0.8144531 0.1137085
vt 0.7758789 0.02030945
vt 0.8232422 0.102356
vt 0.7900391 0.02217102
vt 0.8286133 0.08917236
vt 0.8032227 0.02763367
vt 0.8305664 0.07501221
vt 0.8144531 0.03631592
vt 0.8286133 0.06085205
vt 0.8232422 0.04766846
vt 0.5991211 0.9458008
vt 0.5878906 0.9418945
vt 0.59375 0.9526367
vt 0.5966797 0.940918
vt 0.6040039 0.9399414
vt 0.5913086 0.9287109
vt 0.6044922 0.9472656
vt 0.6054688 0.9555664
vt 0.5981445 0.9350586
vt 0.6030273 0.9243164
vt 0.6098633 0.9448242
vt 0.6162109 0.9506836
vt 0.6035156 0.9326172
vt 0.6147461 0.9277344
vt 0.6113281 0.9394531
vt 0.6196289 0.9389648
vt 0.6088867 0.9345703
vn -0.3951865 -0.9096584 -0.1278639
vn -0.3951865 -0.9096584 -0.1278639
vn -0.410883 -0.9116786 -0.004151228
vn -0.237074 -0.934211 -0.2665444
vn -0.387048 -0.9152609 0.1117649
vn -0.4658071 -0.8461615 -0.2589099
vn -0.2746388 -0.6166212 -0.7378021
vn -0.5369481 -0.6899604 -0.485429
vn -0.5494196 -0.3676358 -0.7503213
vn -0.5179286 -0.1208646 -0.8468422
vn -0.2025568 -0.9782869 0.04388093
vn -0.3954552 -0.9112851 0.1147807
vn -0.004105294 -0.9251463 -0.3795884
vn -0.00379078 -0.9988686 -0.04740186
vn -0.003197979 -0.6823031 -0.7310624
vn -0.003119993 -0.9999932 0.001983405
vn -0.0004325462 -0.3257338 -0.9454615
vn -0.2129717 -0.9751712 0.06069748
vn -0.004020859 -0.9999915 0.0008421494
vn -0.2533644 -0.1995054 -0.946575
vn 0.00110756 -0.04563852 -0.9989574
vn -0.2086565 -0.9771806 0.03975696
vn -0.3909998 -0.9172624 0.07582007
vn -0.004641545 -0.9999893 0.0003030004
vn -0.2493713 0.01020251 -0.9683542
vn -0.003047825 0.03037727 -0.9995339
vn -0.483666 0.05135617 -0.8737447
vn -0.2681434 0.04514795 -0.9623204
vn -0.5051215 0.06536834 -0.8605692
vn -0.2110532 -0.9772988 0.01854069
vn -0.3958211 -0.9177526 0.03249614
vn -0.003085671 -0.9999859 0.004334019
vn -0.436158 -0.8997516 0.01460329
vn -0.2301343 -0.9730991 0.01079335
vn -0.4527853 -0.8916075 0.00463789
vn -0.004113447 -0.9999441 0.009749539
vn -0.2373982 -0.9713875 0.006971139
vn -0.4776261 -0.8785542 -0.003992018
vn -0.2531324 -0.9674214 0.004446748
vn -0.00416437 -0.9999303 0.01105241
vn -0.4644195 -0.8850691 -0.03109891
vn -0.2423779 -0.9700844 -0.01375197
vn -0.003508441 -0.999975 0.006146071
vn -0.4238738 -0.905666 0.0100095
vn -0.2250123 -0.973857 0.03117415
vn -0.01247037 -0.9963755 0.08414411
vn -0.2241318 -0.9216903 0.3166259
vn -0.4410346 -0.8325264 0.3352436
vn -0.01549795 -0.894994 0.4458087
vn -0.4161483 -0.5516571 0.7228381
vn -0.1987024 -0.642748 0.7398596
vn -0.01440051 -0.5242875 0.8514195
vn -0.3180887 -0.2033997 0.925985
vn -0.1619268 -0.2337742 0.9587123
vn -0.0103278 -0.1572673 0.9875021
vn -0.01109101 -0.02567872 0.9996088
vn -0.139879 -0.02908331 0.9897414
vn -0.2538694 -0.0123338 0.9671599
vn -0.01426595 -0.002409913 0.9998953
vn -0.1449632 0.0006330619 0.9894369
vn -0.2623057 -0.000377301 0.9649847
vn -0.2606342 0.02029828 0.9652242
vn -0.1416818 0.0361657 0.9892513
vn -0.01001488 0.01729693 0.9998003
vn -0.3064239 0.2280023 0.9241858
vn -0.1535054 0.2702876 0.9504635
vn -0.008027473 0.2115964 0.9773242
vn -0.01037968 0.6289176 0.7774027
vn -0.1843526 0.6836448 0.7061471
vn -0.3831695 0.6174138 0.6870089
vn -0.009978913 0.9331039 0.3594685
vn -0.1937911 0.9403162 0.2797329
vn -0.3729565 0.883269 0.2841469
vn -0.008576297 0.9982194 0.05902751
vn -0.3679991 0.9298168 0.00416106
vn -0.1975088 0.9801344 0.01807805
vn -0.003574169 0.99998 0.005236326
vn -0.3755502 0.9263201 -0.02988285
vn -0.1960551 0.9805043 -0.01317519
vn -0.002916757 0.9999487 0.009693841
vn -0.3892951 0.9210714 -0.008764924
vn -0.2034097 0.9790936 0.0001048778
vn -0.00185615 0.9999949 0.002607253
vn -0.3841822 0.9232526 -0.002931799
vn -0.1969295 0.9804175 -0.0004222755
vn -0.3777407 0.9259092 0.002021448
vn -0.00131637 0.9999975 0.001807881
vn -0.1939802 0.9810029 0.002207656
vn -0.3214892 0.9462898 0.03435664
vn -0.1695543 0.9851149 0.0282828
vn -0.0007791772 0.9998482 0.01740088
vn -0.002355822 0.9998899 0.0146549
vn -0.1005614 0.9946024 0.0255662
vn -0.1775186 0.9837081 0.0283802
vn -0.1955177 0.9794279 0.04993758
vn -0.1083788 0.9938993 0.0204479
vn -0.003085356 0.9998832 -0.01497207
vn -0.2659792 0.9621796 0.05886846
vn -0.003079021 0.997726 -0.0673294
vn -0.1493335 0.9887713 0.005559013
vn -0.33493 0.9419546 0.02331189
vn -0.2111766 0.9636779 -0.1634911
vn -0.4246879 0.8943184 -0.1408363
vn -0.004394295 0.9145218 -0.4045128
vn -0.5221443 0.7561589 -0.3944477
vn -0.3005851 0.7078292 -0.639239
vn -0.005047531 0.5979392 -0.8015256
vn -0.5661747 0.4263432 -0.7054628
vn -0.3031721 0.2323913 -0.924165
vn -0.5487792 0.1367015 -0.8247145
vn -0.004385687 0.21846 -0.9758361
vn -0.528356 0.05025282 -0.8475345
vn -0.278809 0.05983698 -0.9584806
vn -0.003047825 0.03037727 -0.9995339
vn -0.5051215 0.06536834 -0.8605692
vn -0.2681434 0.04514795 -0.9623204
vn 0.4841166 0.05145988 -0.873489
vn 0.2684134 0.04518263 -0.9622436
vn 0.5055894 0.06542961 -0.8602897
vn 0.2496253 0.01025924 -0.9682882
vn 0.003047826 0.03037727 -0.9995339
vn -0.00110756 -0.04563852 -0.9989574
vn 0.5184071 -0.1207517 -0.8465655
vn 0.253634 -0.1994422 -0.946516
vn 0.2748604 -0.6166531 -0.7376929
vn 0.5499271 -0.367461 -0.750035
vn 0.0004325425 -0.3257339 -0.9454614
vn 0.5374668 -0.6902273 -0.4844746
vn 0.003197978 -0.6823031 -0.7310624
vn 0.4660088 -0.8460895 -0.2587824
vn 0.004105294 -0.9251463 -0.3795884
vn 0.2370748 -0.9342254 -0.2664926
vn 0.4152224 -0.908883 0.03901431
vn 0.003790779 -0.9988686 -0.04740185
vn 0.3853765 -0.9159386 0.111989
vn 0.201371 -0.9785382 0.04373334
vn 0.003119992 -0.9999932 0.001983405
vn 0.3908537 -0.9134634 0.1132169
vn 0.209792 -0.9759148 0.05981445
vn 0.004020858 -0.9999915 0.0008421494
vn 0.2086093 -0.9772121 0.03922481
vn 0.3916173 -0.9170884 0.07473046
vn 0.004641545 -0.9999893 0.0003030004
vn 0.2112608 -0.9772535 0.01855966
vn 0.3962011 -0.9175872 0.03253307
vn 0.003085672 -0.9999859 0.004334019
vn 0.4365693 -0.8995519 0.01461528
vn 0.2303594 -0.9730456 0.01079933
vn 0.4532086 -0.8913925 0.004635464
vn 0.004113447 -0.9999441 0.009749538
vn 0.2376304 -0.9713307 0.006970071
vn 0.4780728 -0.8783111 -0.004007795
vn 0.2533815 -0.9673563 0.004438914
vn 0.00416437 -0.9999303 0.01105241
vn 0.4648354 -0.8848494 -0.03114007
vn 0.2426091 -0.9700264 -0.01377299
vn 0.003508441 -0.999975 0.006146071
vn 0.4242736 -0.9054794 0.009946954
vn 0.2252323 -0.9738073 0.03114109
vn 0.01247037 -0.9963755 0.08414409
vn 0.2243596 -0.9216479 0.316588
vn 0.4414517 -0.8323443 0.3351468
vn 0.01549795 -0.894994 0.4458087
vn 0.4165424 -0.5515489 0.7226938
vn 0.19891 -0.6427115 0.7398356
vn 0.01440051 -0.5242875 0.8514195
vn 0.3184049 -0.2033643 0.9258841
vn 0.1620856 -0.2337424 0.9586933
vn 0.0103278 -0.1572673 0.9875021
vn 0.01109101 -0.02567872 0.9996088
vn 0.140011 -0.02906741 0.9897232
vn 0.2541235 -0.01230633 0.9670935
vn 0.01426595 -0.002409916 0.9998953
vn 0.145109 0.0006317726 0.9894155
vn 0.2625807 -0.000379613 0.9649099
vn 0.2609018 0.02026761 0.9651526
vn 0.1418215 0.03614839 0.989232
vn 0.01001488 0.01729693 0.9998003
vn 0.3067368 0.2279719 0.9240895
vn 0.1536661 0.2702624 0.9504446
vn 0.008027473 0.2115964 0.9773242
vn 0.01037968 0.6289176 0.7774027
vn 0.1845533 0.6836151 0.7061235
vn 0.3835498 0.617317 0.6868837
vn 0.009978913 0.9331039 0.3594685
vn 0.1939912 0.9402857 0.2796963
vn 0.373332 0.8831331 0.2840761
vn 0.008576297 0.9982194 0.0590275
vn 0.368374 0.9296686 0.004100438
vn 0.1977103 0.9800944 0.0180448
vn 0.003574169 0.99998 0.005236326
vn 0.3759117 0.9261724 -0.02992017
vn 0.1962485 0.9804654 -0.01319312
vn 0.002916757 0.9999487 0.009693841
vn 0.389666 0.9209144 -0.008782717
vn 0.2036099 0.9790522 9.595596E-05
vn 0.00185615 0.9999949 0.002607253
vn 0.3845475 0.9231005 -0.002936066
vn 0.1971243 0.9803784 -0.0004245423
vn 0.3781008 0.9257622 0.002028195
vn 0.00131637 0.9999975 0.001807881
vn 0.1941735 0.9809647 0.002210652
vn 0.3218095 0.94618 0.03438128
vn 0.1697225 0.9850856 0.02829308
vn 0.0007791772 0.9998482 0.01740088
vn 0.002355822 0.9998899 0.0146549
vn 0.1006671 0.994591 0.0255929
vn 0.1777029 0.9836732 0.0284364
vn 0.1958827 0.9793513 0.0500118
vn 0.1085731 0.9938774 0.02048463
vn 0.003085355 0.9998832 -0.01497207
vn 0.2662714 0.9620925 0.05896921
vn 0.003079021 0.997726 -0.06732941
vn 0.1494764 0.9887494 0.005614421
vn 0.3352393 0.9418411 0.02345097
vn 0.2113594 0.9636568 -0.1633793
vn 0.4250692 0.8941641 -0.140665
vn 0.004394294 0.9145218 -0.4045128
vn 0.5225911 0.7559955 -0.3941692
vn 0.3008847 0.7078183 -0.63911
vn 0.005047532 0.5979393 -0.8015256
vn 0.5666934 0.4262196 -0.7051209
vn 0.3034818 0.2323582 -0.9240718
vn 0.5492889 0.1366331 -0.8243865
vn 0.004385688 0.21846 -0.9758361
vn 0.5288472 0.05024899 -0.8472282
vn 0.2790935 0.05983867 -0.9583977
vn 0.003047826 0.03037727 -0.9995339
vn 0.5055894 0.06542961 -0.8602897
vn 0.2684134 0.04518263 -0.9622436
vn 0.1238421 -0.04023833 -0.9914858
vn 0.4112112 1.412848E-05 -0.9115401
vn 0.1302162 -2.525014E-07 -0.9914857
vn 0.3911325 -0.1271377 -0.9115105
vn 0.1053468 -0.07653912 -0.9914857
vn 0.7535036 7.874778E-06 -0.6574438
vn 0.3328459 -0.2419411 -0.9114155
vn 0.07653826 -0.1053466 -0.9914858
vn 0.7175726 -0.234714 -0.6557429
vn 0.2419452 -0.3331822 -0.9112914
vn 0.04023842 -0.1238419 -0.9914858
vn 0.7995282 -0.2631084 -0.5399338
vn 0.8397341 0 -0.5429978
vn 0.6125157 -0.4477175 -0.6514396
vn 0.1280867 -0.3835043 -0.9146137
vn 0 -0.1302147 -0.9914858
vn 0.7574442 -0.2504914 -0.6029364
vn 0.799081 -0.0004286458 -0.6012233
vn 0.6823007 -0.5016006 -0.5318483
vn 0.45306 -0.6118646 -0.6483505
vn 0.6440924 -0.4773055 -0.5977663
vn 0.8580661 -0.2803623 -0.4302551
vn 0.9085642 0.0017056 -0.4177418
vn 0.5045871 -0.6899068 -0.5190573
vn 0.4707893 -0.6597152 -0.5857758
vn 0.7284963 -0.5402774 -0.421181
vn 0.932034 -0.3095816 -0.1883397
vn 0.9796438 0.0006884651 -0.2007419
vn 0.9187006 -0.01155797 -0.3947854
vn 0.7887761 -0.5974977 -0.1443218
vn 0.2670774 -0.8215788 -0.5036645
vn 0.2506652 -0.7788541 -0.5749376
vn 0.2351804 -0.7259381 -0.6463001
vn -0.003332542 -0.4095899 -0.9122636
vn -0.1257201 -0.3868512 -0.9135319
vn -0.04023842 -0.1238419 -0.9914858
vn -0.00193823 -0.7647598 -0.6443126
vn 0 -0.8606321 -0.5092271
vn 0 -0.8198759 -0.5725411
vn 0 -0.9025115 -0.4306657
vn 0.2735377 -0.8606395 -0.4295078
vn -0.2330676 -0.7251872 -0.6479067
vn -0.2419452 -0.3331822 -0.9112914
vn -0.07653826 -0.1053466 -0.9914858
vn -0.2670774 -0.8215788 -0.5036645
vn -0.45306 -0.6118646 -0.6483505
vn -0.3328459 -0.2419411 -0.9114155
vn -0.1053468 -0.07653912 -0.9914857
vn -0.2506652 -0.7788541 -0.5749376
vn -0.6125157 -0.4477175 -0.6514396
vn -0.5045871 -0.6899068 -0.5190573
vn -0.3911325 -0.1271377 -0.9115105
vn -0.1238421 -0.04023833 -0.9914858
vn -0.7175726 -0.234714 -0.6557429
vn -0.4112112 1.412848E-05 -0.9115401
vn -0.1302162 -2.525014E-07 -0.9914857
vn -0.7535036 7.874778E-06 -0.6574438
vn -0.6823007 -0.5016006 -0.5318483
vn -0.7995282 -0.2631084 -0.5399338
vn -0.8397341 0 -0.5429978
vn -0.4727405 -0.6593367 -0.5846294
vn -0.6437135 -0.4793674 -0.5965229
vn -0.7574442 -0.2504914 -0.6029364
vn -0.8000747 0.001637249 -0.5998982
vn -0.2735377 -0.8606395 -0.4295078
vn -0.5372157 -0.7330079 -0.4172514
vn -0.7250121 -0.5450948 -0.4209858
vn -0.8591268 -0.277301 -0.4301224
vn -0.9079124 -0.0002358057 -0.4191601
vn -0.9794475 -0.001147255 -0.2016957
vn -0.9308117 -0.317334 -0.1813524
vn -0.7953591 -0.5914074 -0.1328201
vn -0.8947074 -0.2792923 -0.3485604
vn -0.9207433 -0.009570817 -0.3900514
vn -0.7673562 -0.3428645 -0.5418564
vn -0.7975178 -0.005268897 -0.6032723
vn -0.7278183 -0.5830315 -0.3610469
vn -0.8011087 -0.543367 -0.2509521
vn -0.6628752 -0.7149122 -0.2224791
vn -0.7691685 -0.6339236 -0.08075061
vn -0.7035719 -0.6932863 -0.1560147
vn -0.6238606 -0.7794236 -0.05741756
vn -0.5697648 -0.801223 -0.1827834
vn -0.6395394 -0.7578438 -0.1290822
vn -0.6163958 -0.7738032 -0.1458934
vn -0.4451253 -0.8837921 -0.1441351
vn -0.6282846 -0.7761624 -0.05320019
vn -0.5849738 -0.7993549 -0.1372493
vn -0.5547326 -0.8179185 -0.1525814
vn -0.5466086 -0.8260794 -0.1371564
vn -0.50592 -0.8514197 -0.1383093
vn -0.5472799 -0.8331485 -0.07967541
vn -0.2092064 -0.9684143 -0.1356705
vn -0.4450157 -0.8941807 -0.04901095
vn -0.5928856 -0.8015826 -0.07714899
vn -0.5796842 -0.8081371 -0.1043108
vn -0.6507048 -0.7588488 -0.02705277
vn -0.6725427 -0.7324274 -0.1060019
vn -0.7676943 -0.6373251 0.06679961
vn -0.5669328 -0.8163307 -0.110415
vn -0.5648925 -0.809625 -0.1593858
vn -0.5489205 -0.8240544 -0.1400743
vn -0.4447617 -0.8943403 -0.04839838
vn -0.4434054 -0.8937575 -0.06774306
vn -0.4397084 -0.8926091 -0.09952648
vn -0.4337158 -0.8917565 -0.1290776
vn -0.4256977 -0.8911783 -0.1567882
vn -0.2220501 -0.9738204 -0.04865666
vn -0.2209194 -0.970735 -0.09417147
vn -0.2187482 -0.968348 -0.1202134
vn -0.2219982 -0.9728358 -0.06563114
vn 0 -0.9978772 -0.06512334
vn -0.2222902 -0.97379 -0.04816667
vn 0 -0.9988361 -0.04823361
vn 0 -0.9988116 -0.04873745
vn -0.2157244 -0.9657468 -0.1442083
vn 0 -0.9913955 -0.1309006
vn 0.2092064 -0.9684143 -0.1356705
vn 0.2220501 -0.9738204 -0.04865666
vn 0.2222902 -0.97379 -0.04816667
vn 0.4451253 -0.8837921 -0.1441351
vn 0.4450157 -0.8941807 -0.04901095
vn 0.4447617 -0.8943403 -0.04839838
vn 0.6238606 -0.7794236 -0.05741758
vn 0.2219982 -0.9728358 -0.06563114
vn 0.4434054 -0.8937575 -0.06774306
vn 0.2209194 -0.970735 -0.09417147
vn 0.5345258 -0.7351341 -0.4169654
vn 0.6370274 -0.76072 -0.1245036
vn 0.6282846 -0.7761624 -0.05320019
vn 0.7610018 -0.6452091 -0.06768674
vn 0.8121567 -0.5343512 -0.2342439
vn 0.7010753 -0.6954559 -0.1575897
vn 0.8927636 -0.2800251 -0.3529291
vn 0.7620302 -0.3450037 -0.5479802
vn 0.7923673 -0.005318232 -0.6100211
vn 0.7227131 -0.5863888 -0.3658332
vn 0.6573715 -0.7189575 -0.2257496
vn 0.5654296 -0.8038892 -0.1845309
vn 0.6144691 -0.7751809 -0.1467051
vn 0.5928856 -0.8015826 -0.07714899
vn 0.5829564 -0.8007556 -0.1376669
vn 0.5503541 -0.8207231 -0.1533756
vn 0.5448067 -0.8272883 -0.1370392
vn 0.5019138 -0.8538336 -0.1380239
vn 0.5431643 -0.8360164 -0.07777623
vn 0.4397084 -0.8926091 -0.09952648
vn 0.5669328 -0.8163307 -0.110415
vn 0.577838 -0.8095575 -0.1035371
vn 0.6470259 -0.7621247 -0.02287292
vn 0.6709241 -0.7341482 -0.1043418
vn 0.7646445 -0.6402628 0.07336506
vn 0.5648925 -0.809625 -0.1593858
vn 0.5489205 -0.8240544 -0.1400743
vn 0.4337158 -0.8917565 -0.1290776
vn 0.2187482 -0.968348 -0.1202134
vn 0.4256977 -0.8911783 -0.1567882
vn 0.2157244 -0.9657468 -0.1442083
vn 0 -0.993089 -0.1173639
vn 0 -0.9901507 -0.1400058
vn 0 -0.9957081 -0.09254856
vn 0 -0.9889192 -0.1484551
vn 0.2121324 -0.9652808 -0.1524229
vn 0.4163829 -0.8941999 -0.1644138
vn -0.2121324 -0.9652808 -0.1524229
vn 0 -0.9911206 -0.132966
vn -0.4163829 -0.8941999 -0.1644138
vn 0.5769103 -0.796597 -0.1805756
vn 0.2106192 -0.9682181 -0.1348818
vn 0 -0.995978 -0.08959788
vn -0.2106192 -0.9682181 -0.1348818
vn -0.5769103 -0.796597 -0.1805756
vn 0.4109487 -0.9003009 -0.1434548
vn -0.4109487 -0.9003009 -0.1434548
vn 0.2110709 -0.9734313 -0.08877221
vn -0.2110709 -0.9734313 -0.08877221
vn -0.6973205 -0.6935428 -0.180949
vn -0.5829958 -0.7977985 -0.1537327
vn -0.4028378 -0.9095569 -0.1021177
vn -0.8083185 -0.5845305 -0.07032198
vn -0.7513241 -0.638869 -0.1654037
vn -0.9105558 -0.4130462 -0.01676268
vn -0.874772 -0.4572356 0.1603428
vn -0.2105666 -0.9766945 -0.04158936
vn -0.5889334 -0.7994165 -0.1187041
vn -0.8599588 -0.4797103 -0.1742094
vn -0.7620434 -0.6356009 -0.1236985
vn -0.6004908 -0.7969409 -0.06554436
vn -0.97537 -0.2205676 -0.001848385
vn -0.9637048 -0.2131077 0.160805
vn -0.4029714 -0.9136595 -0.05329549
vn -0.9996989 -0.0007746757 0.02452658
vn -0.970989 -0.006057597 0.2390473
vn -0.9751797 -0.1217779 -0.1849182
vn -0.9826993 0.003649825 -0.1851726
vn -0.9577903 -0.2058436 -0.2006643
vn -0.9912564 -0.1004438 0.0855682
vn -0.9904047 -0.01447779 0.1374368
vn -0.9332064 -0.276554 -0.2294421
vn -0.9941725 -0.08806568 0.06217223
vn -0.9110075 -0.07782243 0.4049803
vn -0.8609373 -0.007785927 0.5086514
vn -0.9033749 0.01065111 0.4287194
vn -0.9567028 0.1720229 0.2347936
vn -0.9975753 -0.05947237 -0.03614366
vn -0.90678 -0.3850239 -0.1717754
vn -0.9940567 -0.02412175 -0.1061571
vn -0.9588494 0.2836942 -0.01120241
vn -0.9929675 -0.02039861 -0.1166164
vn -0.9276792 0.3594616 -0.1009882
vn -0.8728539 -0.4735361 -0.1178538
vn -0.9948298 -0.01513885 -0.1004208
vn -0.9250745 0.3692035 -0.0890283
vn -0.998933 -0.01336169 -0.04420665
vn -0.9225773 0.3841324 -0.03596564
vn -0.9218752 0.3873526 -0.0102022
vn -0.8796813 -0.4666831 -0.09147613
vn -0.7706949 -0.6322983 -0.0789203
vn -0.7706715 -0.6360908 -0.03812972
vn -0.6000912 -0.7995687 -0.02409459
vn -0.8803186 -0.472206 -0.04539397
vn -0.4014344 -0.9156747 -0.01975461
vn -0.2028692 -0.9791204 -0.01293653
vn -0.4008675 -0.9161221 -0.005049962
vn -0.5980333 -0.8014292 -0.00821104
vn -0.7723511 -0.6351261 -0.009401548
vn -0.8845615 -0.4663211 -0.009782605
vn 0 -0.9992089 -0.03977131
vn -0.9999201 -0.005521141 -0.01137409
vn -0.9997626 -0.01478501 0.0160053
vn -0.9245781 0.3808154 0.01162395
vn -0.9976662 0.02997682 0.06134658
vn -0.8970955 0.4381686 0.05681483
vn -0.7934401 0.5967814 0.1196028
vn -0.8819568 -0.4711705 0.01227068
vn -0.7730231 -0.6343736 0.002365951
vn -0.8923547 -0.4491612 0.04424059
vn -0.9801188 0.1359086 0.1445547
vn -0.9609317 0.101924 0.257336
vn -0.8033072 0.5577398 0.2088636
vn -0.8432481 0.4490634 0.2954226
vn -0.5982168 -0.8013188 0.00496519
vn -0.7744849 -0.6314604 0.03783036
vn -0.8852337 -0.4434697 0.1403421
vn -0.4000227 -0.916491 0.005103813
vn -0.5940854 -0.8033975 0.04018843
vn -0.7584069 -0.6331736 0.1546289
vn -0.8533056 -0.4527348 0.2586517
vn -0.9387207 0.02291058 0.3439164
vn -0.821249 -0.4582689 0.3399112
vn -0.9210276 0.07716923 0.3817763
vn -0.7826389 -0.4397402 0.4405732
vn -0.7907053 0.5505725 0.2676844
vn -0.9309407 0.03807034 0.3631804
vn -0.84785 0.5094703 0.1469366
vn -0.7297211 -0.6297227 0.2663765
vn -0.5937991 -0.7901695 0.1517718
vn -0.9563683 0.07368515 0.282719
vn -0.854847 0.5127601 -0.07945969
vn -0.9285021 0.2638049 -0.261325
vn -0.7941061 -0.3014128 0.5277743
vn -0.9806521 -0.01976446 0.1947585
vn -0.9474699 0.04348901 -0.3168746
vn -0.7135925 -0.6172866 0.3312746
vn -0.3994368 -0.9161896 0.03235683
vn -0.1937515 -0.9810303 0.00631793
vn -0.1964128 -0.9805172 -0.00282024
vn 0 -0.9999738 0.007245087
vn -0.1894175 -0.9812664 0.03517381
vn -0.4006765 -0.9060099 0.1363982
vn -0.5841852 -0.7716019 0.2517104
vn -0.5586013 -0.7687912 0.3113275
vn 0 -0.9999858 -0.005341697
vn -0.3876916 -0.8881578 0.2467205
vn -0.187254 -0.9737066 0.129736
vn 0 -0.9993569 0.03585697
vn -0.6891096 -0.5896652 0.4212159
vn 0 -0.9999996 -0.0008805431
vn 0.1964128 -0.9805172 -0.00282024
vn 0.2028692 -0.9791204 -0.01293653
vn 0.2105666 -0.9766945 -0.04158936
vn 0.4028378 -0.9095569 -0.1021177
vn 0.4029714 -0.9136595 -0.05329549
vn 0.5829958 -0.7977985 -0.1537327
vn 0.6973205 -0.6935428 -0.180949
vn 0.8071944 -0.5864156 -0.06748371
vn 0.7513241 -0.638869 -0.1654037
vn 0.5889334 -0.7994165 -0.1187041
vn 0.6004908 -0.7969409 -0.06554436
vn 0.4014344 -0.9156747 -0.01975461
vn 0.9098361 -0.414774 -0.01267778
vn 0.8718789 -0.4596061 0.1690839
vn 0.7620434 -0.6356009 -0.1236985
vn 0.8599588 -0.4797103 -0.1742093
vn 0.4008675 -0.9161221 -0.005049962
vn 0.6000912 -0.7995687 -0.02409459
vn 0.7706949 -0.6322982 -0.0789203
vn 0.9763144 -0.2160053 0.01232457
vn 0.9616899 -0.2144678 0.170751
vn 0.8728539 -0.4735361 -0.1178538
vn 0.1937515 -0.9810303 0.00631793
vn 0.999119 -0.006663186 0.04143609
vn 0.9684635 -0.006084156 0.2490814
vn 0.9764842 -0.1180923 -0.1803684
vn 0.9832742 -0.01197656 -0.1817372
vn 0.9911624 -0.01449974 0.1318591
vn 0.1894175 -0.9812664 0.03517381
vn 0.9613671 -0.1890732 -0.2000612
vn 0.9332064 -0.276554 -0.2294421
vn 0.9948947 -0.08523908 0.0540253
vn 0.9916682 -0.1050501 0.07455602
vn 0.9130093 -0.07858477 0.4002981
vn 0.863002 -0.006657124 0.5051566
vn 0.9055778 0.009242798 0.4240795
vn 0.9582892 0.1685531 0.2308065
vn 0.90678 -0.3850239 -0.1717754
vn 0.9974194 -0.06097988 -0.03789632
vn 0.9939123 -0.02634341 -0.106978
vn 0.9602651 0.2787833 -0.0130682
vn 0.9928868 -0.02306297 -0.1168068
vn 0.9296038 0.3542756 -0.1016154
vn 0.8796813 -0.4666831 -0.09147613
vn 0.9947837 -0.01777668 -0.1004464
vn 0.9988942 -0.01593998 -0.04423245
vn 0.9270007 0.3642853 -0.08925292
vn 0.9245633 0.3793149 -0.03609659
vn 0.9238921 0.3825162 -0.01022835
vn 0.7706715 -0.6360908 -0.03812972
vn 0.8803186 -0.472206 -0.04539397
vn 0.5980333 -0.8014292 -0.00821104
vn 0.7723511 -0.6351261 -0.009401548
vn 0.8845615 -0.4663211 -0.009782605
vn 0.9999022 -0.00813438 -0.01137591
vn 0.9997198 -0.01742962 0.0160183
vn 0.9265941 0.3758817 0.01167909
vn 0.4000227 -0.916491 0.005103813
vn 0.5982168 -0.8013188 0.00496519
vn 0.7730231 -0.6343736 0.002365951
vn 0.9977372 0.02743833 0.06138138
vn 0.8993184 0.4335647 0.05699203
vn 0.7956077 0.5941596 0.118249
vn 0.8819568 -0.4711705 0.01227068
vn 0.3994368 -0.9161896 0.03235683
vn 0.5940854 -0.8033975 0.04018843
vn 0.9805911 0.1331712 0.1438971
vn 0.8065573 0.5519575 0.2116795
vn 0.8923547 -0.4491612 0.04424059
vn 0.7744849 -0.6314604 0.03783036
vn 0.9616831 0.09978895 0.2553584
vn 0.8449458 0.442341 0.3006679
vn 0.8852573 -0.4433973 0.1404224
vn 0.7584069 -0.6331735 0.1546289
vn 0.5937991 -0.7901695 0.1517718
vn 0.9356402 0.02457402 0.3520991
vn 0.7957903 0.5440972 0.2658498
vn 0.8525981 -0.4555599 0.256011
vn 0.4006765 -0.9060099 0.1363982
vn 0.729403 -0.6296332 0.267457
vn 0.5846574 -0.7709705 0.2525476
vn 0.187254 -0.9737066 0.129736
vn 0.713713 -0.6177612 0.3301285
vn 0.3876916 -0.8881578 0.2467205
vn 0 -0.9916012 0.1293328
vn 0.8190013 -0.4589733 0.3443547
vn 0.7838204 -0.4390908 0.4391183
vn 0.5592214 -0.7685335 0.31085
vn 0.1843646 -0.9555303 0.2301553
vn -0.1834142 -0.9554858 0.2310978
vn 0.923679 0.07121257 0.3764916
vn 0.9307769 0.03587353 0.3638235
vn 0.8498563 0.5053975 0.1493911
vn 0.9560723 0.07174096 0.2842165
vn 0.8571116 0.5095633 -0.07553165
vn 0.9303751 0.261705 -0.2567344
vn 0.7941061 -0.3014129 0.5277743
vn 0.9802039 -0.02083968 0.1968912
vn 0.9491475 0.04257058 -0.3119405
vn -0.0009371113 -0.972034 0.234838
vn 0.9886578 -0.04698325 0.142648
vn 0.8047282 -0.1862832 0.5636587
vn 0.8002551 -0.1397801 0.5831409
vn 0.9896513 0.01000095 0.1431444
vn 0.9720758 0.02187225 -0.2336456
vn 0.9697086 0.1153653 -0.2153044
vn 0.9826371 0.1196711 0.1417858
vn 0.8409232 -0.03304062 0.5401447
vn 0.8602488 0.0985737 0.5002551
vn 0.82217 0.07026567 0.5648887
vn 0.7954978 0.03091576 0.6051673
vn 0.7553135 -0.358314 0.5487372
vn 0.7343975 -0.3180068 0.5996098
vn 0.6739455 -0.5404924 0.5036523
vn 0.7820111 -0.1369487 0.6080327
vn 0.7046273 -0.1173549 0.6998059
vn 0.714089 0.02287001 0.6996812
vn 0.6891096 -0.5896652 0.4212159
vn 0.5409768 -0.7419145 0.3961149
vn 0.5732566 -0.09577443 0.8137593
vn 0.5828776 0.02146029 0.8122765
vn 0.4114154 0.004279068 0.9114379
vn 0.39212 -0.1437522 0.9086128
vn 0.2489281 -0.05699772 0.9668433
vn 0.5355831 -0.225085 0.8139333
vn 0.3763764 -0.8717968 0.3135461
vn 0.2011331 -0.9350037 0.2920848
vn 0.3704818 -0.8464691 0.3824046
vn -0.0009733589 -0.9552046 0.2959444
vn 0.3520151 -0.2387426 0.9050345
vn 0.6581997 -0.2806409 0.6985799
vn 0.5316638 -0.7041507 0.4706436
vn 0.1954285 -0.9114295 0.3620826
vn 0.3732059 -0.8116986 0.4492916
vn 0.655249 -0.4751998 0.5872255
vn 0.623819 -0.4615356 0.6307414
vn 0.557348 -0.5748674 0.5990748
vn 0.3554761 -0.6177159 0.7014728
vn 0.5438585 -0.3530093 0.7613162
vn 0.5893511 -0.423721 0.6878414
vn 0.4716129 -0.3350118 0.815689
vn 0.4990656 -0.6166464 0.6088355
vn 0.437446 -0.6953363 0.5702179
vn 0.3714012 -0.5435043 0.752771
vn 0.4132061 -0.6898997 0.5943897
vn 0.4762051 -0.597154 0.6454733
vn 0.5131392 -0.5556561 0.6541669
vn 0.3615546 -0.4569899 0.8126737
vn 0.3603636 -0.6889681 0.6288569
vn 0.3039635 -0.836832 0.4553221
vn 0.135888 -0.8463908 0.5149339
vn 0.5149507 -0.7479848 0.4187415
vn 0.0209015 -0.7938598 0.6077415
vn 0.07319681 -0.6807991 0.7288037
vn 0.2084685 -0.512534 0.8329765
vn 0.7078131 -0.5713705 0.4153747
vn 0.4209462 -0.3199572 0.8487825
vn 0.4970386 -0.5780783 0.6471306
vn 0.5720454 -0.5441203 0.6137565
vn 0.8358069 -0.346153 0.4261512
vn 0.4449219 -0.4579338 0.769637
vn 0.5531398 -0.3755915 0.7436178
vn 0.5996741 0.0166815 0.8000705
vn 0.6571032 -0.3874615 0.646598
vn 0.7826769 0.07629831 0.617734
vn 0.8526615 -0.1346596 0.5048121
vn 0.6506557 -0.4742243 0.5930922
vn 0.3506114 -0.7573974 0.5508366
vn 0.3075856 -0.6717626 0.6738889
vn 0.1901014 -0.8758354 0.4435919
vn 0.2538791 -0.5506756 0.7951741
vn 0.1691586 -0.8161132 0.5525799
vn 0 -0.9331043 0.3596057
vn 0.2902847 -0.3312058 0.8977959
vn 0.1859495 -0.1872864 0.9645447
vn 0.1439582 -0.7260458 0.6724087
vn 0 -0.896831 0.4423732
vn 0.1976947 -0.4054053 0.8925039
vn 0.08636056 -0.09378688 0.9918396
vn 0.1251561 -0.003051431 0.9921324
vn 0 0 1
vn 0.07779536 -0.2631927 0.9616016
vn 0.126941 -0.6060256 0.7852508
vn 0 -0.8415847 0.5401252
vn -0.001656994 -0.1296366 0.9915602
vn -0.0454037 -0.2695802 0.961907
vn 0.09113584 -0.4481049 0.8893235
vn -0.08610002 -0.09765394 0.9914891
vn -0.1251561 -0.00305143 0.9921324
vn -0.2489281 -0.05699772 0.9668433
vn 0 -0.7424666 0.669883
vn 0 -0.6193125 0.7851446
vn 0.002487381 -0.4592984 0.8882786
vn -0.0952584 -0.4467131 0.8895915
vn -0.1754288 -0.1950577 0.9649752
vn -0.126941 -0.6060256 0.7852508
vn -0.1942496 -0.4029146 0.8943863
vn -0.1552138 -0.7256231 0.6703579
vn -0.2619192 -0.554647 0.7897879
vn -0.2915548 -0.3316118 0.8972343
vn -0.3521193 -0.2395611 0.9047775
vn -0.1751187 -0.813356 0.5547842
vn -0.3796139 -0.4654346 0.7995399
vn -0.3119584 -0.6701974 0.673437
vn -0.1908926 -0.8751761 0.4445525
vn -0.3553014 -0.7515001 0.5558855
vn -0.4564791 -0.5713128 0.6820767
vn -0.1954285 -0.9114295 0.3620826
vn -0.3740144 -0.8083872 0.4545585
vn -0.2002854 -0.935412 0.2913591
vn -0.3704818 -0.8464691 0.3824046
vn -0.3763764 -0.8717968 0.3135462
vn -0.5409768 -0.7419145 0.3961149
vn -0.5053102 -0.6480798 0.5697843
vn -0.529487 -0.701394 0.4771688
vn -0.6699927 -0.541453 0.5078763
vn -0.6450065 -0.4935266 0.5834365
vn -0.5726328 -0.4375048 0.6933118
vn -0.7553135 -0.358314 0.5487372
vn -0.8014216 -0.1404051 0.581386
vn -0.7335402 -0.3197744 0.5997191
vn -0.4722755 -0.3525839 0.8078617
vn -0.6564245 -0.2832342 0.6992033
vn -0.5362633 -0.2260786 0.8132097
vn -0.3924889 -0.1435146 0.9084911
vn -0.4121161 0.003672055 0.9111239
vn -0.5681626 -0.1089858 0.8156674
vn -0.5812665 0.01310296 0.8136077
vn -0.6999831 -0.1179313 0.704355
vn -0.7115329 0.02849042 0.7020749
vn -0.7889531 -0.1110429 0.6043364
vn -0.7972319 0.04533233 0.6019687
vn -0.8221608 0.07027953 0.5649003
vn -0.8409232 -0.03304062 0.5401447
vn -0.8602488 0.0985737 0.5002551
vn -0.983013 0.119686 0.1391431
vn -0.8047282 -0.1862832 0.5636587
vn -0.9890229 -0.04656082 0.1402354
vn -0.9900303 0.01012999 0.1404897
vn -0.9685199 0.1152551 -0.2206482
vn -0.9707744 0.02210069 -0.238974
vn 0.8673575 0.05439561 0.4947039
vn 0.9911624 -0.01449974 0.1318591
vn 0.863002 -0.006657124 0.5051566
vn 0.9879016 0.08744314 0.1280795
vn 0.9832742 -0.01197656 -0.1817372
vn 0.8944957 0.02484339 0.4463856
vn 0.9755369 0.1124511 -0.1888979
vn 0.999119 -0.006663186 0.04143609
vn 0.9896033 0.1298412 0.06185933
vn 0.9531443 -0.1281637 0.2740256
vn 0.9911311 0.1274218 -0.03771912
vn 0.9658943 -0.2565744 0.03489487
vn 0.9796124 0.2008373 -0.004887103
vn 0.9436583 0.2539494 -0.2121762
vn 0.9627867 0.2087155 0.1716965
vn 0.9684635 -0.006084156 0.2490814
vn 0.8718869 0.4595185 0.1692804
vn 0.913424 0.4054504 -0.03558883
vn 0.764648 0.6402568 0.0733805
vn 0.8868861 0.4142144 -0.2045958
vn 0.8099436 0.5817739 -0.0743677
vn 0.6820143 0.7231134 -0.1093778
vn 0.6470286 0.7621224 -0.02287695
vn 0.6027385 0.7895169 -0.1156259
vn 0.5431647 0.8360162 -0.07777587
vn 0.5764555 0.8052641 -0.1387404
vn 0.5019166 0.8538321 -0.1380241
vn 0.5503544 0.8207228 -0.153376
vn 0.5681124 0.8063718 -0.1643555
vn 0.608157 0.7822452 -0.1350466
vn 0.5654315 0.803889 -0.1845257
vn 0.8605011 0.4783735 -0.1752052
vn 0.7538155 0.6334598 -0.1746163
vn 0.7336301 0.6531029 -0.1877326
vn 0.5820392 0.7936634 -0.1769994
vn 0.9847966 0.1240568 -0.1215955
vn 0.9887924 0.0802954 -0.1258661
vn 0.9471421 -0.3074285 -0.09170438
vn 0.96508 -0.25007 -0.07800942
vn 0.5834873 0.7969936 -0.1560253
vn 0.9909716 0.1014606 -0.08764265
vn 0.9566498 -0.2898908 -0.0280093
vn 0.9969451 0.06969467 -0.03525829
vn 0.972424 -0.2332159 -0.001329951
vn 0.9968172 0.07960666 -0.004277186
vn 0.9963059 -0.08086315 0.02890812
vn 0.9903092 0.1363883 0.02619281
vn 0.9220454 -0.3790061 0.07865598
vn 0.9960566 -0.01152782 0.08796819
vn 0.9197044 -0.3522524 0.1733843
vn 0.8870397 0.4612924 0.01923354
vn 0.8797244 0.4753291 -0.01212753
vn 0.8716047 0.4885933 -0.0397716
vn 0.8676342 0.4905738 -0.0809219
vn 0.982495 -0.001721097 0.1862811
vn 0.8997284 -0.350008 0.260736
vn 0.7570446 0.6532681 -0.01114161
vn 0.8874915 0.4547848 0.07436143
vn 0.8590109 0.49557 -0.1284936
vn 0.7600531 0.6490355 -0.03274525
vn 0.7461694 0.6535918 -0.1266843
vn 0.7584134 0.6473962 -0.07541307
vn 0.5860842 0.8042771 -0.09820278
vn 0.5896258 0.8056406 -0.05731118
vn 0.5908265 0.8063452 -0.02704943
vn 0.3929121 0.9148522 -0.09308913
vn 0.5923153 0.805661 -0.00853586
vn 0.3936897 0.9081971 -0.1420788
vn 0.4002036 0.9017411 -0.1634016
vn 0.4014257 0.9156289 -0.0219341
vn 0.4008367 0.9161295 -0.006045923
vn 0.4007595 0.9147794 -0.05070109
vn 0.200892 0.9794654 -0.01702586
vn 0.2073235 0.9774076 -0.04112313
vn 0.2179525 0.9723574 -0.08377169
vn 0 0.9965852 -0.08257009
vn 0.2169713 0.9671912 -0.1321541
vn 0 0.9994159 -0.03417387
vn 0.217504 0.9640638 -0.1525551
vn 0 0.9909436 -0.1342785
vn 0.4085875 0.8993081 -0.155888
vn 0.5597013 0.8165835 -0.1411595
vn 0.5729709 0.8122367 -0.109435
vn 0.4158817 0.9003106 -0.128387
vn 0.2217412 0.9643592 -0.144368
vn 0 0.9889151 -0.1484817
vn 0.5918208 0.80252 -0.07556336
vn 0.4211954 0.9015447 -0.09905287
vn 0.2252394 0.9668444 -0.1203286
vn 0 0.9901477 -0.1400271
vn 0.6320644 0.7618669 -0.1416101
vn 0.7083223 0.6880834 -0.1575463
vn 0.657553 0.7189651 -0.2251963
vn 0.6171001 0.7848052 -0.05716877
vn 0.8011734 0.541767 -0.2541843
vn 0.7251341 0.5799513 -0.371264
vn 0.782573 0.6169207 -0.08359665
vn 0.8964823 0.2706321 -0.3508243
vn 0.7618927 0.335326 -0.5541444
vn 0.9187006 -0.01155797 -0.3947854
vn 0.7923673 -0.005318232 -0.6100211
vn 0.9796438 0.0006884651 -0.2007419
vn 0.9324353 0.3153898 -0.1763335
vn 0.8599756 0.2783711 -0.4277283
vn 0.9085642 0.0017056 -0.4177418
vn 0.799081 -0.0004286458 -0.6012233
vn 0.7564182 0.2505341 -0.6042053
vn 0.8397341 0 -0.5429978
vn 0.799528 0.2631087 -0.5399341
vn 0.7535036 7.874778E-06 -0.6574438
vn 0.6444291 0.4777633 -0.5970373
vn 0.7297072 0.5326599 -0.4287198
vn 0.7175486 0.2347195 -0.6557674
vn 0.4112112 1.412848E-05 -0.9115401
vn 0.6823011 0.5016003 -0.5318481
vn 0.3911617 0.1271709 -0.9114933
vn 0.1302162 -2.525014E-07 -0.9914857
vn 0.1238419 0.04023881 -0.9914858
vn 0.6124861 0.4477011 -0.6514786
vn 0.3328904 0.2419842 -0.9113877
vn 0.1053473 0.07653876 -0.9914857
vn 0.4695528 0.6577322 -0.5889894
vn 0.4977847 0.6928491 -0.5216997
vn 0.4468584 0.6185338 -0.646323
vn 0.2419882 0.3332264 -0.9112639
vn 0.07653888 0.105347 -0.9914857
vn 0.1272783 0.3918819 -0.911169
vn 0.04023832 0.1238421 -0.9914858
vn 0.2357958 0.7293081 -0.6422695
vn 0.2627454 0.8169636 -0.5133569
vn 0 0.4121104 -0.9111339
vn 0 0.1302163 -0.9914857
vn -0.04023832 0.1238421 -0.9914858
vn 0 0.7677377 -0.6407643
vn -0.1272783 0.3918819 -0.911169
vn -0.07653888 0.105347 -0.9914857
vn 0 0.8600962 -0.5101319
vn 0.2467014 0.7726202 -0.5849755
vn 0.2698315 0.8619459 -0.429232
vn -0.001233319 0.8153777 -0.5789281
vn -0.2357958 0.7293081 -0.6422695
vn -0.2419882 0.3332264 -0.9112639
vn -0.1053473 0.07653876 -0.9914857
vn -0.2627454 0.8169636 -0.5133569
vn -0.4468584 0.6185338 -0.646323
vn -0.3328904 0.2419842 -0.9113877
vn -0.1238419 0.04023881 -0.9914858
vn -0.3911617 0.1271709 -0.9114933
vn -0.1302162 -2.525014E-07 -0.9914857
vn -0.4112112 1.412848E-05 -0.9115401
vn -0.6124861 0.4477011 -0.6514786
vn -0.7175486 0.2347195 -0.6557674
vn -0.7535036 7.874778E-06 -0.6574438
vn -0.4977847 0.6928491 -0.5216997
vn -0.246388 0.7736401 -0.5837585
vn -0.799528 0.2631087 -0.5399341
vn -0.8397341 0 -0.5429978
vn -0.6823011 0.5016003 -0.5318481
vn -0.7579706 0.2489097 -0.60293
vn -0.8000747 0.001637249 -0.5998982
vn -0.9079124 -0.0002358057 -0.4191601
vn -0.4692034 0.6583679 -0.5885575
vn -0.6444291 0.4777633 -0.5970373
vn -0.8587815 0.2787594 -0.4298691
vn -0.7300787 0.5323792 -0.4284361
vn -0.9339893 0.3070565 -0.1827027
vn -0.9794475 -0.001147255 -0.2016957
vn -0.5187726 0.7318342 -0.4419205
vn -0.8007046 0.5809442 -0.1462051
vn -0.8981516 0.2692714 -0.3475866
vn -0.9207433 -0.009570817 -0.3900514
vn -0.7672325 0.3332537 -0.5479929
vn -0.7975178 -0.005268897 -0.6032723
vn -0.7302446 0.5765964 -0.3664415
vn -0.816214 0.5287578 -0.2328302
vn -0.6630537 0.7149181 -0.2219277
vn -0.6273676 0.7644804 -0.1482549
vn -0.774563 0.6285619 -0.07044389
vn -0.7107943 0.6858907 -0.1559664
vn -0.5697668 0.8012228 -0.1827783
vn -0.6171001 0.7848052 -0.05716877
vn -0.6339557 0.7604462 -0.14079
vn -0.6101277 0.7807831 -0.1346182
vn -0.554733 0.8179182 -0.1525818
vn -0.5782102 0.8039867 -0.138846
vn -0.5059226 0.8514182 -0.1383095
vn -0.5472803 0.8331483 -0.07967504
vn -0.5918208 0.80252 -0.07556336
vn -0.6221778 0.7809659 -0.05465232
vn -0.426787 0.9029538 -0.05027161
vn -0.604535 0.7880297 -0.1163902
vn -0.6507075 0.7588463 -0.02705681
vn -0.683601 0.7213609 -0.1110321
vn -0.7676979 0.6373191 0.06681499
vn -0.5729709 0.8122367 -0.109435
vn -0.5681125 0.8063717 -0.1643555
vn -0.4305989 0.890956 -0.144159
vn -0.4254957 0.9036661 -0.04838304
vn -0.5597013 0.8165835 -0.1411595
vn -0.2722811 0.8598968 -0.4317875
vn -0.2292333 0.9721566 -0.04861698
vn 0.004480151 0.9051659 -0.4250348
vn -0.2173245 0.9667892 -0.1344933
vn 0 0.9988154 -0.04865913
vn 0.005133146 0.9909395 -0.1342108
vn -0.2293598 0.9721496 -0.04815722
vn 0.2104609 0.9670588 -0.1431911
vn -0.4244078 0.9029544 -0.06746417
vn -0.4211954 0.9015447 -0.09905287
vn -0.4158817 0.9003106 -0.128387
vn -0.4085875 0.8993081 -0.155888
vn 0.4305989 0.890956 -0.144159
vn 0.2292333 0.9721566 -0.04861698
vn 0.5192524 0.7317238 -0.4415395
vn 0.6273676 0.7644804 -0.1482549
vn 0.426787 0.9029538 -0.05027162
vn 0.8095572 0.5717471 -0.1331255
vn 0.6221778 0.7809659 -0.05465232
vn 0.4254957 0.9036661 -0.04838304
vn 0.2293598 0.9721496 -0.04815722
vn 0.4244078 0.9029544 -0.06746417
vn 0 0.9988356 -0.04824241
vn 0.227765 0.9691451 -0.09423833
vn 0.229047 0.9711952 -0.06570677
vn -0.229047 0.9711952 -0.06570677
vn 0 0.9978688 -0.06525224
vn -0.227765 0.9691451 -0.09423833
vn 0 0.9930862 -0.1173873
vn 0 0.995708 -0.09255014
vn -0.2252394 0.9668444 -0.1203286
vn -0.2217412 0.9643592 -0.144368
vn -0.217504 0.9640638 -0.1525551
vn -0.4002036 0.9017411 -0.1634016
vn -0.2169713 0.9671912 -0.1321541
vn -0.5820392 0.7936634 -0.1769994
vn -0.3936897 0.9081971 -0.1420788
vn -0.2179526 0.9723574 -0.08377169
vn -0.2073235 0.9774076 -0.04112313
vn -0.3929121 0.9148522 -0.09308913
vn -0.5834873 0.7969936 -0.1560253
vn -0.7336301 0.6531029 -0.1877326
vn -0.8110418 0.5798717 -0.07720216
vn -0.7523614 0.6336627 -0.1800664
vn -0.9140409 0.4036779 -0.03966885
vn -0.8747808 0.4571501 0.160538
vn -0.5792687 0.8089768 -0.1000218
vn -0.8868861 0.4142144 -0.2045957
vn -0.9796576 0.2003007 -0.01227171
vn -0.9647958 0.2073942 0.1617304
vn -0.9430152 0.2560591 -0.2124993
vn -0.9996989 -0.0007746757 0.02452658
vn -0.970989 -0.006057597 0.2390473
vn -0.9741527 0.1195703 -0.1916491
vn -0.9826993 0.003649825 -0.1851726
vn -0.9893659 0.1299424 0.06534673
vn -0.9871907 0.08776332 0.1332367
vn -0.9904047 -0.01447779 0.1374368
vn -0.8648818 0.0541241 0.4990492
vn -0.8609373 -0.007785927 0.5086514
vn -0.8922372 0.0234768 0.4509563
vn -0.951499 -0.1314706 0.2781461
vn -0.9913836 0.1259957 -0.03582704
vn -0.9645244 -0.261375 0.03709139
vn -0.8640448 0.469913 -0.1805782
vn -0.9851654 0.1219998 -0.1206873
vn -0.9890338 0.07758122 -0.125671
vn -0.9454328 -0.3128416 -0.09103274
vn -0.9636872 -0.2554379 -0.07783626
vn -0.7546327 0.6442059 -0.1246121
vn -0.9912497 0.0987189 -0.08762767
vn -0.9550694 -0.2950656 -0.02790928
vn -0.8678626 0.4810618 -0.1240731
vn -0.5875456 0.8073682 -0.05428317
vn -0.8676342 0.4905738 -0.0809219
vn -0.7605995 0.6457059 -0.06747046
vn -0.9971299 0.0670094 -0.03523888
vn -0.971094 -0.238694 -0.001295857
vn -0.8716048 0.4885932 -0.03977161
vn -0.7600531 0.6490355 -0.03274525
vn -0.9970373 0.07680228 -0.004263318
vn -0.9958009 -0.08687051 0.02888179
vn -0.8797244 0.4753291 -0.01212753
vn -0.9907141 0.1334146 0.02619402
vn -0.9200748 -0.3838016 0.07847761
vn -0.7570446 0.6532681 -0.01114161
vn -0.8870397 0.4612924 0.01923354
vn -0.9960254 -0.01408966 0.08794733
vn -0.9172667 -0.3573944 0.1757586
vn -0.5908265 0.8063451 -0.02704943
vn -0.9816456 -0.003732901 0.1906777
vn -0.9223714 -0.2763549 0.269924
vn -0.8874915 0.4547848 0.07436143
vn -0.5923153 0.805661 -0.00853586
vn -0.7556733 0.6548632 0.01058939
vn -0.592941 0.8052183 0.006671321
vn -0.760308 0.6475264 0.05139269
vn -0.4014257 0.9156289 -0.0219341
vn -0.4008367 0.9161295 -0.006045923
vn -0.4000228 0.916491 0.005103813
vn -0.5948505 0.8027794 0.04120695
vn -0.7643959 0.6221325 0.1692631
vn -0.4007595 0.9147794 -0.05070109
vn -0.200892 0.9794654 -0.01702586
vn 0 0.9999412 -0.01084638
vn -0.1963666 0.980521 -0.004321823
vn 0.1963666 0.980521 -0.004321823
vn -0.1937515 0.9810303 0.00631793
vn 0 0.9999738 0.007245087
vn 0 0.9999969 -0.002488227
vn 0.1937515 0.9810303 0.00631793
vn -0.3994368 0.9161896 0.03235685
vn 0.4000228 0.916491 0.005103813
vn -0.1894175 0.9812664 0.03517381
vn -0.5978057 0.7869233 0.1529054
vn 0.592941 0.8052183 0.006671321
vn -0.4006765 0.9060098 0.1363982
vn 0.7556733 0.6548632 0.01058939
vn 0.760308 0.6475264 0.05139269
vn 0.5948505 0.8027794 0.04120695
vn 0.7643958 0.6221326 0.1692632
vn 0.3994368 0.9161896 0.03235685
vn 0.8846461 0.4306146 0.1788085
vn 0.9576398 0.0169766 0.2874678
vn 0.8519149 0.4466526 0.2733906
vn 0.9335488 0.006840649 0.3583852
vn 0.8727202 -0.3644164 0.3249003
vn 0.8689309 -0.4230636 0.2568585
vn 0.5978056 0.7869233 0.1529054
vn 0.1894175 0.9812664 0.03517381
vn 0.7432639 0.61216 0.2698499
vn 0.8354089 0.4351107 0.3358134
vn 0.9367797 -0.02822378 0.3487796
vn 0.4006765 0.9060098 0.1363982
vn 0 0.9993569 0.03585697
vn 0.954321 0.01578744 0.2983659
vn 0.9298617 -0.3582331 0.0838226
vn 0.7937727 0.416881 0.4428715
vn 0.7916442 0.374867 0.4824669
vn 0.9760216 0.04998538 0.2118569
vn 0.9336911 -0.3392426 -0.1146092
vn 0.9568894 -0.142883 -0.2528776
vn 0.9809051 0.1233723 0.1503477
vn 0.9482808 0.07373012 -0.3087511
vn 0.726007 0.6038159 0.3291203
vn 0.6989346 0.5775625 0.4217959
vn 0.5639048 0.7645036 0.312323
vn 0.5902621 0.7666917 0.252536
vn 0.3876916 0.8881578 0.2467205
vn 0.187254 0.9737066 0.129736
vn 0.5468163 0.7385996 0.3942875
vn 0.3763763 0.8717968 0.3135462
vn 0.1843646 0.9555303 0.2301554
vn 0 0.9916012 0.1293328
vn 0.6841787 0.5308491 0.5000987
vn -0.187254 0.9737066 0.129736
vn 0.3704818 0.8464691 0.3824046
vn 0.2011331 0.9350037 0.2920848
vn 0 0.9722406 0.233983
vn -0.1843646 0.9555303 0.2301553
vn -0.3876916 0.8881578 0.2467205
vn 0.529487 0.701394 0.4771688
vn -0.5904469 0.7664406 0.2528661
vn -0.7433052 0.6116698 0.2708459
vn 0 0.9549417 0.2967936
vn -0.2011331 0.9350037 0.2920848
vn 0.1954286 0.9114295 0.3620826
vn -0.3763763 0.8717968 0.3135462
vn -0.5641501 0.7643998 0.3121337
vn -0.7265434 0.6036885 0.3281691
vn -0.8556085 0.4394025 0.2736049
vn 0.3740144 0.8083872 0.4545584
vn -0.8850322 0.4289947 0.1807799
vn -0.9563762 0.04909893 0.2879826
vn -0.934451 0.01378758 0.3558248
vn -0.8811107 -0.3428188 0.3257595
vn -0.8683268 -0.4261844 0.2537231
vn -0.8369175 0.4332024 0.3345219
vn -0.9373288 -0.03096507 0.3470677
vn -0.7937727 0.416881 0.4428715
vn -0.954451 0.0156213 0.2979584
vn -0.7916442 0.374867 0.4824669
vn -0.929786 -0.358633 0.08294816
vn -0.6989346 0.5775625 0.4217959
vn -0.9764132 0.0479526 0.2105178
vn -0.9315193 -0.3440168 -0.1180015
vn -0.955247 -0.1455429 -0.2575273
vn -0.9813799 0.1222624 0.1481392
vn -0.9467814 0.07235542 -0.3136396
vn -0.5468163 0.7385996 0.3942875
vn -0.6841787 0.5308491 0.5000987
vn -0.3704818 0.8464691 0.3824046
vn -0.529487 0.701394 0.4771687
vn -0.1954286 0.9114295 0.3620826
vn -0.3740144 0.8083872 0.4545584
vn 0 0.9331043 0.3596057
vn -0.1908926 0.8751761 0.4445525
vn 0.1908926 0.8751761 0.4445525
vn 0 0.896831 0.4423732
vn -0.5053103 0.6480798 0.5697843
vn -0.3553014 0.7515001 0.5558855
vn -0.6450065 0.4935266 0.5834365
vn -0.1751187 0.813356 0.5547842
vn 0.3553014 0.7515001 0.5558855
vn 0.1751187 0.813356 0.5547842
vn 0 0.8415847 0.5401252
vn 0.5053102 0.6480798 0.5697843
vn 0.6450065 0.4935266 0.5834365
vn -0.4564791 0.5713128 0.6820767
vn -0.3119584 0.6701974 0.673437
vn -0.1552138 0.7256231 0.670358
vn -0.5726328 0.4375047 0.6933118
vn 0.1552138 0.7256231 0.6703579
vn 0 0.7424666 0.669883
vn 0.3119584 0.6701974 0.673437
vn 0.4564791 0.5713128 0.6820767
vn 0.5726328 0.4375048 0.6933118
vn 0.2619192 0.554647 0.7897879
vn 0.3796139 0.4654346 0.7995399
vn 0.126941 0.6060256 0.7852508
vn 0.4722754 0.3525839 0.8078617
vn -0.126941 0.6060256 0.7852508
vn 0 0.6193125 0.7851446
vn -0.2619192 0.554647 0.7897879
vn -0.3796139 0.4654346 0.7995399
vn -0.4722755 0.3525839 0.8078617
vn 0.2888466 0.3242624 0.9007893
vn 0.3499422 0.2459021 0.9039207
vn 0.1343704 0.2304901 0.9637525
vn 0.1936822 0.4025198 0.8946871
vn 0.09626275 0.4444589 0.8906121
vn 0.5362638 0.2260777 0.8132097
vn 0.6564273 0.2832495 0.6991946
vn 0.7411481 0.3199338 0.5902049
vn 0.7741251 0.351984 0.5261534
vn 0.8232194 0.2775683 0.4952432
vn 0.8133672 0.2070285 0.5436661
vn 0.9775476 0.1782881 0.1123116
vn 0.8487025 0.1987552 0.4901024
vn 0.9743724 0.1946622 0.1127167
vn 0.9510897 0.1735969 -0.2555242
vn 0.9826371 0.1196711 0.1417858
vn 0.9697086 0.1153653 -0.2153044
vn 0.8602488 0.0985737 0.5002551
vn 0.82217 0.07026567 0.5648887
vn 0.7954978 0.03091576 0.6051673
vn 0.785749 0.1606993 0.5973057
vn 0.6992553 0.1407868 0.7008716
vn 0.714089 0.02287001 0.6996812
vn 0.5828776 0.02146029 0.8122765
vn 0.5670816 0.1193185 0.8149734
vn 0.4114154 0.004279068 0.9114379
vn 0.3943604 0.1364154 0.9087743
vn 0.2489281 -0.05699772 0.9668433
vn 0.2391994 0.1096358 0.964761
vn 0.1251561 -0.003051431 0.9921324
vn 0.08256572 0.09944958 0.9916112
vn 0 0 1
vn 0 0.1321973 0.9912235
vn 0 0.2730605 0.9619969
vn -0.1343704 0.2304901 0.9637525
vn -0.08256572 0.09944958 0.9916112
vn -0.1251561 -0.00305143 0.9921324
vn -0.2391994 0.1096358 0.964761
vn -0.2489281 -0.05699772 0.9668433
vn 0 0.4658053 0.8848872
vn -0.09626275 0.4444589 0.8906121
vn -0.1936823 0.4025198 0.8946871
vn -0.2888466 0.3242624 0.9007893
vn -0.3499422 0.2459021 0.9039207
vn -0.3942997 0.1364511 0.9087952
vn -0.4121161 0.003672055 0.9111239
vn -0.5362633 0.2260787 0.8132098
vn -0.5675819 0.1179775 0.8148203
vn -0.5812665 0.01310296 0.8136077
vn -0.6564267 0.2832458 0.6991965
vn -0.6992421 0.1405994 0.7009225
vn -0.7115329 0.02849042 0.7020749
vn -0.7972319 0.04533233 0.6019687
vn -0.7411484 0.319932 0.5902056
vn -0.7862363 0.1586412 0.5972148
vn -0.8134181 0.2070475 0.5435827
vn -0.8221608 0.07027953 0.5649003
vn -0.7741251 0.3519839 0.5261534
vn -0.8232193 0.2775682 0.4952432
vn -0.8487025 0.1987552 0.4901024
vn -0.8602488 0.0985737 0.5002551
vn -0.9779024 0.1778378 0.1099124
vn -0.974691 0.1945597 0.1101083
vn -0.983013 0.119686 0.1391431
vn -0.9497844 0.1730252 -0.2607141
vn -0.9685199 0.1152551 -0.2206482
vn 0.8130715 -0.4142799 -0.4090073
vn 0.9235046 -0.01975996 -0.3830778
vn 0.9012964 0.1427516 -0.4090071
vn 0.8844119 -0.2665854 -0.3830767
vn 0.7355167 -0.5588072 -0.3830792
vn 0.4142801 -0.8130717 -0.4090065
vn 0.5588072 -0.7355167 -0.3830793
vn 0.2665848 -0.8844118 -0.3830775
vn -0.1427509 -0.901297 -0.409006
vn 0.01976098 -0.9235047 -0.3830777
vn -0.3041714 -0.8722001 -0.3830755
vn -0.5268348 -0.7587463 -0.3830784
vn -0.6452579 -0.6452558 -0.4090077
vn -0.7587465 -0.5268332 -0.3830804
vn -0.8721986 -0.3041721 -0.3830784
vn -0.9012968 -0.1427517 -0.4090061
vn -0.9235041 0.01976095 -0.3830791
vn -0.8844117 0.2665843 -0.3830779
vn -0.8130718 0.4142801 -0.4090064
vn -0.7355154 0.5588087 -0.3830796
vn -0.5588071 0.7355172 -0.3830785
vn -0.4142801 0.8130721 -0.4090057
vn -0.2665837 0.8844123 -0.3830771
vn -0.01976061 0.9235052 -0.3830765
vn 0.1427515 0.9012973 -0.4090052
vn 0.3041709 0.8721994 -0.3830774
vn 0.6452563 0.6452576 -0.4090073
vn 0.5268331 0.7587473 -0.3830789
vn 0.7587456 0.5268359 -0.3830785
vn 0.9012964 0.1427516 -0.4090071
vn 0.8721996 0.3041712 -0.3830768
vn 0.9235046 -0.01975996 -0.3830778
vn -0.4443262 0.8953909 0.02914515
vn -0.02017246 0.9994292 0.02710001
vn -0.5061439 0.8611656 0.04703357
vn 0.1034757 0.9945828 0.009887367
vn 0.4838301 0.8750502 0.01398236
vn 0.6310803 0.7756729 0.008315009
vn 0.8695173 0.4937489 0.01231717
vn 0.934415 0.3560284 0.0105996
vn 0.9999365 -0.002491153 0.01099716
vn 0.9890566 -0.1472819 0.008650377
vn 0.8635588 -0.5041627 0.00928892
vn 0.8206038 -0.5714546 0.007015163
vn 0.4944458 -0.8691912 0.005464361
vn 0.5198674 -0.8542159 0.007274133
vn 0.09783528 -0.995177 0.007131725
vn 0.00100942 -0.9999826 0.005823108
vn -0.3590936 -0.9332762 0.006883025
vn -0.4922227 -0.8704367 0.007536536
vn -0.7646331 -0.6444246 0.007284699
vn -0.8536252 -0.5205659 0.01830912
vn -0.9801046 -0.1979435 0.01461194
vn -0.9993345 -0.005656072 0.03603531
vn -0.8905058 0.4533772 0.03806009
vn -0.865011 0.5000941 0.04076527
vn -0.4443262 0.8953909 0.02914515
vn -0.5061439 0.8611656 0.04703357
vn -0.4629222 0.3344232 -0.8208923
vn -0.7997859 0.09574023 -0.5926014
vn -0.5359256 0.05126668 -0.8427073
vn -0.7209056 0.4065089 -0.5612893
vn -0.2462725 0.6271721 -0.7389215
vn -0.8232756 0.0995268 -0.5588485
vn -0.4710405 0.7459025 -0.4709036
vn 0.08753864 0.8020561 -0.5907986
vn -0.7436023 0.4210973 -0.5193578
vn -0.72688 0.4137654 -0.5481277
vn -0.80514 0.0963042 -0.5852137
vn -0.9212407 0.09805948 -0.3764306
vn -0.8296441 0.4291641 -0.3570837
vn -0.9739308 0.09961839 -0.2038017
vn -0.4871733 0.7480655 -0.450622
vn -0.4969484 0.7682436 -0.4035396
vn -0.05830055 0.9474412 -0.3145732
vn 0.4054092 0.9041088 -0.1350207
vn 0.4740379 0.767021 -0.4323967
vn -0.09235007 0.9688337 -0.2298535
vn 0.7698997 0.637984 0.01519782
vn 0.7886253 0.5467052 -0.2813957
vn -0.07860459 0.9516568 -0.2969355
vn 0.3812131 0.9222969 -0.06359962
vn 0.3966858 0.905045 -0.1534079
vn 0.9596272 0.2646472 0.09527614
vn 0.9534533 0.2128522 -0.2135899
vn 0.9745672 -0.1141009 -0.1928721
vn 0.9839247 -0.1369963 0.1145606
vn 0.9853145 -0.1349022 0.1046741
vn 0.7549493 0.6540107 0.04818431
vn 0.9564415 0.2777091 0.08998493
vn 0.9637054 0.2655141 -0.02782397
vn 0.9909666 -0.1321053 -0.02309782
vn 0.9889439 -0.1432299 0.0384076
vn 0.7680708 0.637551 -0.05996628
vn 0.9588398 0.2821845 0.0315906
vn 0.7455208 0.6664498 -0.006575159
vn 0.9555599 0.2906179 0.04946166
vn 0.9878813 -0.145732 0.05341067
vn 0.9886996 -0.1449984 0.03805887
vn 0.355078 0.9302112 -0.09287933
vn 0.7321822 0.6797146 0.04355821
vn -0.1258263 0.9721293 -0.1978192
vn 0.3263156 0.9452411 0.006125157
vn -0.1677405 0.9839492 -0.06088603
vn -0.5597246 0.7733246 -0.2977874
vn 0.3246351 0.9453074 0.03171777
vn 0.7329482 0.6791485 0.03929618
vn -0.6071988 0.7830337 -0.1347881
vn -0.8817629 0.4335192 -0.1858906
vn -0.1763533 0.9843159 0.004651303
vn -0.8991187 0.434193 -0.05533331
vn -0.9930039 0.0996988 -0.06327162
vn -0.9933397 0.09995762 0.05731236
vn -0.6211323 0.7831283 -0.03007739
vn -0.89852 0.4351866 0.05722155
vn -0.6169152 0.7848392 0.05867869
vn -0.8778617 0.4243286 0.2220454
vn -0.9696022 0.09763709 0.2243629
vn -0.1708778 0.9834948 0.05948763
vn -0.6046949 0.7666764 0.2157578
vn -0.8914992 0.4298022 0.1431753
vn -0.9836091 0.1008802 0.1494535
vn -0.9922119 0.1010128 -0.07288273
vn 0.3269425 0.9430032 0.06207613
vn -0.1696005 0.9651146 0.1994731
vn -0.6157451 0.7780698 0.124359
vn -0.89666 0.4349651 -0.08249857
vn -0.994078 0.09958109 -0.04350319
vn 0.7318267 0.6785421 0.06332567
vn 0.320135 0.9301958 0.1795813
vn -0.1703355 0.9815609 0.08674058
vn -0.612424 0.7826062 -0.1116442
vn -0.8994241 0.434174 -0.05029098
vn 0.9567415 0.2886361 0.03653683
vn 0.9551252 0.2887414 0.06606315
vn 0.9872937 -0.144183 0.06680152
vn 0.7237403 0.6723774 0.1552694
vn 0.9473196 0.2868003 0.1425871
vn 0.9798956 -0.1437762 0.1383226
vn 0.332138 0.9421809 0.04448954
vn -0.1663825 0.9748633 -0.148184
vn 0.9580972 0.2860826 -0.01437019
vn 0.98947 -0.1435885 -0.0182088
vn 0.7370448 0.6758168 0.006054759
vn 0.9322535 0.2802368 -0.2288469
vn 0.9632437 -0.1406697 -0.2288526
vn 0.3260597 0.9264695 -0.1879877
vn 0.7186854 0.6619415 -0.2128959
vn -0.6170897 0.7837138 -0.07066133
vn 0.9427513 0.2856233 -0.1721607
vn 0.9745004 -0.1432637 -0.1726971
vn -0.1721598 0.9800788 -0.09902791
vn 0.7229867 0.6729642 -0.1562355
vn 0.9538444 0.2878612 -0.08553889
vn 0.9857942 -0.1444551 -0.08568913
vn 0.3231232 0.9371281 -0.1318414
vn 0.9571475 0.2875842 -0.03411693
vn 0.9889664 -0.144126 -0.03425118
vn 0.9902011 -0.1382955 0.01939725
vn 0.7305405 0.6784017 -0.07798563
vn 0.3238789 0.9442067 -0.05980005
vn 0.7358795 0.6762443 -0.03427877
vn 0.9602618 0.2781983 0.02242559
vn -0.1762484 0.9839731 -0.0270828
vn 0.9614006 0.2748135 -0.01365393
vn 0.9900242 -0.1394042 -0.02045495
vn 0.9892264 -0.1351104 -0.05635957
vn 0.3304421 0.9437528 -0.01178107
vn 0.7508204 0.660411 0.01122375
vn -0.6214422 0.7834169 0.008220661
vn -0.1668219 0.9853008 0.03677923
vn 0.350045 0.9361786 0.03221868
vn 0.7560153 0.6544318 -0.01264896
vn 0.9616745 0.2704051 -0.0454219
vn -0.9005259 0.4334627 0.03410648
vn -0.9941302 0.0991004 0.04340678
vn -0.6111295 0.7859893 0.09349582
vn -0.8903806 0.4352196 0.1334394
vn -0.9840429 0.09956758 0.1474644
vn -0.1511284 0.983084 0.1034698
vn 0.3641626 0.9306454 0.03584263
vn -0.8594295 0.434499 0.269428
vn -0.9508276 0.09919141 0.2934077
vn -0.5902781 0.781861 0.2006616
vn -0.8473428 0.4326832 0.3078888
vn -0.9384013 0.09777422 0.3314258
vn -0.5724766 0.7848904 0.2371028
vn -0.8197749 0.4244448 0.3844682
vn -0.9110557 0.0978025 0.400515
vn 0.7656913 0.6431181 0.0107697
vn -0.1314024 0.9826003 0.1312637
vn -0.5426266 0.7715542 0.3320549
vn -0.6500871 0.3881969 0.6532152
vn -0.7393525 0.09266638 0.6669114
vn 0.3901897 0.9137915 0.1128588
vn -0.09937876 0.967827 0.2311594
vn -0.3953983 0.6932371 0.6025633
vn -0.4171434 0.3057169 0.8558788
vn -0.4869663 0.06682938 0.8708603
vn -0.2090112 0.54313 0.8132184
vn 0.105128 0.6784607 0.7270758
vn -0.003217502 0.8656294 0.5006751
vn 0.4246228 0.8282068 0.3657446
vn 0.4266861 0.6519089 0.6268603
vn 0.7651924 0.599399 0.2349501
vn 0.7170905 0.484965 0.5005898
vn 0.9536237 0.2581716 0.1547555
vn 0.8787916 0.2037382 0.4315277
vn 0.982318 -0.1281505 0.1364872
vn 0.9004071 -0.1159434 0.4193138
vn 0.8660312 -0.430369 -0.2545043
vn 0.9839247 -0.1369963 0.1145606
vn 0.9745672 -0.1141009 -0.1928721
vn 0.8455955 -0.5298246 0.06522274
vn 0.5980428 -0.7128135 -0.3663902
vn 0.8414103 -0.5342796 0.0810798
vn 0.9853145 -0.1349022 0.1046741
vn 0.5368903 -0.8420802 -0.0514763
vn 0.2114401 -0.8036417 -0.5562851
vn 0.8545662 -0.5157907 -0.06063452
vn 0.9909666 -0.1321053 -0.02309782
vn 0.9889439 -0.1432299 0.0384076
vn 0.5217622 -0.8530633 0.006873645
vn 0.5430068 -0.8296002 -0.1300274
vn 0.83491 -0.5503778 0.003099487
vn 0.05818439 -0.987079 -0.1492971
vn 0.08822918 -0.9695989 -0.2282403
vn -0.3592253 -0.841621 -0.4032757
vn -0.1471009 -0.7069411 -0.6918061
vn -0.3931849 -0.858107 -0.3302394
vn 0.08627101 -0.9600449 -0.2662165
vn -0.6518888 -0.5482755 -0.5238654
vn -0.396796 -0.4559119 -0.7966789
vn -0.511002 -0.1698134 -0.842639
vn -0.6784203 -0.5600634 -0.4754733
vn -0.7863021 -0.2131596 -0.5799068
vn -0.5359256 0.05126668 -0.8427073
vn -0.7997859 0.09574023 -0.5926014
vn -0.8092475 -0.2131505 -0.5474353
vn -0.8232756 0.0995268 -0.5588485
vn -0.3624603 -0.834288 -0.4154348
vn 0.5041526 -0.8611667 -0.06497765
vn -0.6490062 -0.5487942 -0.5268927
vn -0.7853324 -0.2134691 -0.5811058
vn -0.80514 0.0963042 -0.5852137
vn -0.9212407 0.09805948 -0.3764306
vn -0.9001028 -0.223641 -0.3738979
vn -0.9539027 -0.2250274 -0.1985756
vn -0.9739308 0.09961839 -0.2038017
vn -0.9930039 0.0996988 -0.06327162
vn -0.7445982 -0.5726913 -0.3429258
vn -0.9723785 -0.2256069 -0.05984556
vn -0.9933397 0.09995762 0.05731236
vn -0.972522 -0.2253077 0.05862834
vn -0.9696022 0.09763709 0.2243629
vn -0.8150056 -0.5778365 -0.04325307
vn -0.7993263 -0.5774298 -0.16629
vn -0.4282215 -0.8613316 -0.2733754
vn -0.9493011 -0.2195814 0.2249699
vn -0.9836091 0.1008802 0.1494535
vn -0.8132905 -0.5786752 0.06077537
vn 0.03820433 -0.9848193 -0.1693266
vn -0.4885778 -0.8724428 -0.01164048
vn -0.4773367 -0.8725197 -0.1042071
vn -0.9638038 -0.22141 0.1485259
vn -0.9922119 0.1010128 -0.07288273
vn -0.004287675 -0.9996172 -0.027331
vn -0.7950675 -0.5646485 0.221449
vn -0.48384 -0.8729106 0.06265791
vn -0.009681929 -0.9996475 0.02472342
vn 0.4788814 -0.87727 0.03270832
vn 0.8256853 -0.5615653 0.05374246
vn 0.9878813 -0.145732 0.05341067
vn 0.4781147 -0.8771154 0.04555209
vn 0.827803 -0.5591842 0.04533401
vn 0.9886996 -0.1449984 0.03805887
vn -0.003116158 -0.9978122 0.06603976
vn 0.4799615 -0.8747268 0.06700683
vn 0.8268449 -0.5582793 0.06820415
vn 0.9872937 -0.144183 0.06680152
vn -0.4751239 -0.8544112 0.2103301
vn -0.005172423 -0.9808953 0.1944676
vn 0.4725109 -0.8648112 0.1698087
vn 0.8181196 -0.5547962 0.1512661
vn 0.9798956 -0.1437762 0.1383226
vn -0.8080493 -0.5726262 0.1384039
vn -0.483398 -0.8681737 0.1122533
vn -0.0007873408 -0.9972675 0.07387104
vn 0.4852042 -0.8739052 0.02943677
vn 0.8315228 -0.5554867 -0.002077799
vn 0.98947 -0.1435885 -0.0182088
vn -0.8103806 -0.5785087 -0.0927949
vn -0.4791908 -0.8692378 -0.1216628
vn 0.001320207 -0.9865205 -0.1636321
vn 0.4747866 -0.8579038 -0.196415
vn 0.8095691 -0.5438838 -0.2208805
vn 0.9632437 -0.1406697 -0.2288526
vn 0.8163283 -0.5538692 -0.1638193
vn 0.9745004 -0.1432637 -0.1726971
vn 0.9857942 -0.1444551 -0.08568913
vn 0.474122 -0.8692208 -0.1402267
vn 0.8256793 -0.5581568 -0.0819431
vn 0.9889664 -0.144126 -0.03425118
vn -0.004316885 -0.9938214 -0.1109074
vn -0.4842943 -0.8713675 -0.07859883
vn 0.829707 -0.5570462 -0.03585989
vn 0.9902011 -0.1382955 0.01939725
vn 0.4773822 -0.8761055 -0.06741979
vn 0.8415366 -0.5401762 0.005079364
vn 0.9900242 -0.1394042 -0.02045495
vn -0.007925067 -0.9991886 -0.03948957
vn 0.4840128 -0.8747419 -0.02363084
vn -0.8137671 -0.5783857 -0.05703631
vn 0.8408433 -0.5405529 -0.02801941
vn 0.9892264 -0.1351104 -0.05635957
vn -0.4885359 -0.872539 -0.002899338
vn 0.5006765 -0.8656296 0.002882827
vn 0.000191849 -0.9998393 0.01792813
vn -0.9732434 -0.2252202 -0.04553157
vn -0.8159143 -0.5775859 0.02604796
vn -0.4785684 -0.8748614 0.07476447
vn 0.01247698 -0.9982139 0.05842439
vn 0.5082775 -0.8611577 -0.007844569
vn -0.9713467 -0.2251402 -0.076142
vn -0.994078 0.09958109 -0.04350319
vn -0.9735502 -0.2247379 0.04114335
vn -0.9941302 0.0991004 0.04340678
vn -0.9840429 0.09956758 0.1474644
vn -0.8057238 -0.5797617 0.1211832
vn -0.466238 -0.8708231 0.1558497
vn -0.9634514 -0.2256931 0.1443052
vn -0.9313497 -0.2243578 0.2867949
vn -0.9508276 0.09919141 0.2934077
vn -0.9384013 0.09777422 0.3314258
vn -0.7808554 -0.5756672 0.2426355
vn -0.9198062 -0.2239176 0.3222071
vn 0.03191029 -0.9965668 0.07639574
vn -0.7678366 -0.5780986 0.2760961
vn -0.8909931 -0.2189822 0.3977163
vn -0.9110557 0.0978025 0.400515
vn -0.4496733 -0.8731959 0.1879437
vn -0.7369448 -0.5663266 0.3690345
vn -0.7212147 -0.1993062 0.6634202
vn -0.7393525 0.09266638 0.6669114
vn -0.4869663 0.06682938 0.8708603
vn -0.4632664 -0.1476919 0.8738256
vn -0.3518464 -0.4090545 0.8419492
vn -0.5783147 -0.5142121 0.6333546
vn -0.1156406 -0.6129723 0.7815959
vn -0.2863431 -0.7765877 0.5611768
vn 0.2014769 -0.6892954 0.6959015
vn -0.4130429 -0.860441 0.2983903
vn 0.1354242 -0.8854278 0.4446097
vn 0.5412712 -0.6222255 0.5655625
vn 0.06500588 -0.9800091 0.1880329
vn 0.5561577 -0.7739906 0.3027
vn 0.5350796 -0.8420457 0.06818309
vn 0.849412 -0.527523 -0.01478704
vn 0.846415 -0.4963946 0.192806
vn 0.7870739 -0.392365 0.4759879
vn 0.982318 -0.1281505 0.1364872
vn 0.9004071 -0.1159434 0.4193138
vn -0.05647742 -0.1222017 -0.990897
vn 0.2807455 -1.031273E-06 -0.9597822
vn -0.04263409 5.777654E-07 -0.9990908
vn 0.259322 -0.1890457 -0.9471081
vn 0.7131115 -6.684457E-07 -0.7010506
vn -0.09706867 -0.2360761 -0.9668743
vn 0.684642 -0.2512443 -0.6842087
vn 0.7937475 6.316507E-07 -0.6082473
vn 0.196529 -0.3652122 -0.9099431
vn -0.1616442 -0.3338562 -0.928661
vn 0.7646332 -0.2569738 -0.5910165
vn 0.7558795 -1.437952E-07 -0.6547109
vn 0.09663595 -0.5164887 -0.8508236
vn -0.2457965 -0.4088952 -0.8788565
vn 0.6011873 -0.485371 -0.6348139
vn 0.7270262 -0.2546644 -0.6376355
vn 0.8029451 -3.283277E-07 -0.5960529
vn -0.0335539 -0.6325655 -0.7737797
vn -0.3437935 -0.4560584 -0.8208634
vn 0.679273 -0.4964349 -0.5405003
vn 0.4684274 -0.6864177 -0.5562431
vn 0.7737799 -0.2574144 -0.578794
vn 0.8468961 4.53243E-07 -0.5317584
vn -0.185158 -0.7055369 -0.6840572
vn -0.4489575 -0.4721567 -0.7586206
vn 0.2954056 -0.8406862 -0.4538527
vn 0.6424333 -0.4919729 -0.5875731
vn 0.5434846 -0.7020656 -0.4601395
vn 0.8175824 -0.2587301 -0.5144102
vn 0.9408149 1.98755E-06 -0.3389208
vn -0.3478487 -0.7304251 -0.5877759
vn -0.554123 -0.4560637 -0.6963861
vn 0.09392181 -0.9376648 -0.3346095
vn 0.3665211 -0.8598521 -0.3554106
vn 0.5078655 -0.6957551 -0.5079346
vn 0.6882733 -0.4972883 -0.5281896
vn 0.9120117 -0.25423 -0.3218722
vn 0.997366 0.006159378 0.07227194
vn 0.973479 -0.212443 0.08489219
vn 0.7316391 -0.4998273 -0.4635482
vn 0.8275626 -0.4911339 -0.2718965
vn 0.899386 -0.414656 0.1384387
vn 0.5522517 -0.7032712 -0.4476916
vn 0.3324944 -0.8521214 -0.4041492
vn 0.5949236 -0.7068613 -0.3826395
vn 0.6932244 -0.6945677 -0.1923947
vn 0.7940426 -0.5765433 0.1925982
vn 0.3749848 -0.8613279 -0.3427837
vn 0.1604435 -0.9590398 -0.2334536
vn 0.4167508 -0.8657259 -0.2771956
vn 0.5181519 -0.8506679 -0.08878493
vn 0.6439322 -0.7120372 0.2799184
vn 0.1282692 -0.9504188 -0.2832864
vn -0.1222981 -0.9707404 -0.2066547
vn 0.1685541 -0.9606863 -0.2206156
vn 0.2092648 -0.965592 -0.1544035
vn 0.3142744 -0.948797 0.03187138
vn 0.4697328 -0.7906517 0.3927098
vn -0.06070563 -0.992871 -0.1025769
vn -0.5105414 -0.7055368 -0.4914929
vn -0.652124 -0.4088938 -0.6383887
vn -0.09089243 -0.9839462 -0.1535851
vn -0.05297437 -0.9945759 -0.08951269
vn -0.01339403 -0.9996542 -0.0226319
vn 0.09548698 -0.9822671 0.1613493
vn 0.2956809 -0.8215145 0.4875312
vn -0.3385161 -0.9376644 -0.07869206
vn -0.662147 -0.6325631 -0.4017776
vn -0.7362756 -0.3338585 -0.5885888
vn -0.2818542 -0.9590398 0.02830108
vn -0.3100533 -0.9504192 -0.02388376
vn -0.2745026 -0.9606865 0.04158944
vn -0.2360526 -0.965592 0.1091379
vn -0.1232983 -0.9487978 0.2908269
vn 0.1068899 -0.7945297 0.5977433
vn -0.7923335 -0.516487 -0.3247289
vn -0.8008423 -0.236073 -0.5503828
vn -0.5400041 -0.8406854 0.04054466
vn -0.4879314 -0.8598518 0.1502588
vn -0.5142784 -0.8521227 0.09697794
vn -0.4809344 -0.861328 0.1637564
vn -0.4435392 -0.8657261 0.2319294
vn -0.3271755 -0.8506675 0.4114863
vn -0.06288018 -0.7034919 0.7079161
vn -0.7130211 -0.686417 0.1429427
vn -0.6648947 -0.7020665 0.2549856
vn -0.6896514 -0.6957543 0.2007654
vn -0.6582015 -0.7032712 0.268664
vn -0.6217114 -0.7068626 0.3373728
vn -0.5022488 -0.694567 0.515095
vn -0.2057843 -0.5852545 0.7843022
vn -0.8922282 -0.3652116 -0.2656111
vn -0.8414389 -0.1221984 -0.5263537
vn -0.8457817 -0.4853716 0.2215124
vn -0.9550259 -0.1890463 -0.2284453
vn -0.8552803 -1.54513E-06 -0.5181656
vn -0.636586 -0.4911346 0.5945966
vn -0.3230542 -0.4115988 0.8521869
vn -0.758427 -0.4998286 0.418282
vn -0.800684 -0.4964344 0.3353475
vn -0.9764429 -1.18797E-06 -0.2157761
vn -0.8414376 0.1222007 -0.5263551
vn -0.9292399 -0.2512469 0.2709028
vn -0.7210352 -0.2542288 0.6445742
vn -0.3864569 -0.2042377 0.8994098
vn -0.8242193 -0.4919724 0.280403
vn -0.9550248 0.1890496 -0.2284463
vn -0.8008468 0.2360749 -0.5503753
vn -0.8860436 -0.2569735 0.3858644
vn -0.9577063 -3.836579E-07 0.2877473
vn -0.794223 -0.4972891 0.3491612
vn -0.8922277 0.3652133 -0.2656104
vn -0.7362755 0.3338614 -0.5885873
vn -0.929239 0.2512491 0.2709035
vn -0.908812 -0.2546642 0.3304646
vn -0.9151582 7.794335E-07 0.4030949
vn -0.8797307 -0.2574154 0.399764
vn -0.7923335 0.5164865 -0.3247297
vn -0.6521232 0.4088945 -0.6383892
vn -0.8457833 0.4853701 0.2215097
vn -0.9376652 5.799737E-07 0.3475399
vn -0.8860435 0.2569741 0.3858643
vn -0.8443711 -0.2587294 0.4691444
vn -0.6621482 0.6325623 -0.4017771
vn -0.5541225 0.4560626 -0.6963873
vn -0.7130222 0.6864166 0.1429391
vn -0.8006842 0.4964342 0.3353474
vn -0.908812 0.2546647 0.3304642
vn -0.9088954 4.317569E-07 0.4170243
vn -0.8736842 2.738644E-06 0.4864936
vn -0.5105442 0.7055316 -0.4914975
vn -0.4489616 0.4721409 -0.758628
vn -0.5400057 0.8406844 0.04054342
vn -0.6648948 0.7020657 0.2549875
vn -0.8242189 0.4919735 0.2804019
vn -0.87973 0.2574161 0.3997651
vn -0.7498389 1.8515E-06 0.6616205
vn -0.4166036 -0.006157593 0.9090673
vn -0.8443704 0.2587299 0.4691453
vn -0.721035 0.2542289 0.6445744
vn -0.394046 0.2124436 0.894201
vn -0.7942237 0.4972881 0.3491608
vn -0.6896515 0.6957548 0.2007641
vn -0.758428 0.4998265 0.4182827
vn -0.6365854 0.4911344 0.5945975
vn -0.3114498 0.4146565 0.8550199
vn -0.6582017 0.7032716 0.2686628
vn -0.4879323 0.8598512 0.1502597
vn -0.6217105 0.7068629 0.3373734
vn -0.5022487 0.6945674 0.5150944
vn -0.2132813 0.5765428 0.7887392
vn -0.5142785 0.8521225 0.09697772
vn -0.3385196 0.9376628 -0.07869524
vn -0.4809345 0.8613281 0.1637551
vn -0.4435396 0.8657259 0.2319295
vn -0.3271749 0.8506678 0.4114861
vn -0.06449685 0.712037 0.6991733
vn -0.2818534 0.95904 0.02830131
vn -0.3478529 0.7304191 -0.5877808
vn -0.3437979 0.4560577 -0.820862
vn -0.3100528 0.9504193 -0.02388367
vn -0.274503 0.9606865 0.04158727
vn -0.2360533 0.965592 0.1091373
vn -0.1232981 0.9487973 0.2908287
vn 0.1182028 0.790651 0.6007488
vn -0.1222974 0.9707407 -0.2066538
vn -0.1851603 0.7055324 -0.6840611
vn -0.2457924 0.4088975 -0.8788566
vn -0.06070532 0.9928712 -0.1025755
vn -0.09089223 0.9839463 -0.1535843
vn -0.05297619 0.9945756 -0.0895142
vn -0.0133945 0.9996542 -0.02263324
vn 0.09548755 0.982267 0.1613501
vn 0.2850804 0.8215138 0.4938058
vn -0.03355215 0.6325661 -0.7737793
vn -0.161644 0.3338597 -0.9286597
vn 0.09392112 0.9376629 -0.3346148
vn 0.160443 0.95904 -0.2334529
vn 0.1282678 0.9504192 -0.2832853
vn 0.1685513 0.9606867 -0.2206159
vn 0.2092651 0.9655918 -0.1544039
vn 0.3142742 0.948797 0.03187153
vn 0.4725427 0.7945292 0.3813486
vn 0.2954049 0.8406858 -0.4538538
vn 0.3665207 0.8598517 -0.3554117
vn 0.3324932 0.8521225 -0.4041479
vn 0.3749844 0.8613281 -0.3427836
vn 0.4167506 0.8657262 -0.2771952
vn 0.5181513 0.8506683 -0.08878484
vn 0.6508157 0.7034934 0.2855447
vn 0.09662913 0.5164865 -0.8508258
vn -0.09706846 0.2360746 -0.9668746
vn 0.4684227 0.6864178 -0.5562469
vn 0.1965302 0.3652124 -0.9099428
vn -0.05647796 0.1222007 -0.9908971
vn 0.6932243 0.6945677 -0.192395
vn 0.7865468 0.5852535 0.1970342
vn 0.5949234 0.7068619 -0.3826387
vn 0.5434853 0.7020649 -0.4601398
vn 0.2593205 0.1890476 -0.9471081
vn -0.04263409 5.777654E-07 -0.9990908
vn 0.2807455 -1.031273E-06 -0.9597822
vn 0.601187 0.4853709 -0.6348144
vn 0.6846422 0.2512457 -0.6842081
vn 0.7131115 -6.684457E-07 -0.7010506
vn 0.5078654 0.6957549 -0.5079349
vn 0.6792727 0.496436 -0.5404995
vn 0.7646331 0.2569737 -0.5910167
vn 0.7937475 6.316507E-07 -0.6082473
vn 0.5522511 0.7032716 -0.4476914
vn 0.6424329 0.4919732 -0.5875732
vn 0.7270258 0.2546645 -0.6376358
vn 0.7558795 -1.437952E-07 -0.6547109
vn 0.6882735 0.4972876 -0.5281898
vn 0.7737802 0.2574151 -0.5787934
vn 0.8029451 -3.283277E-07 -0.5960529
vn 0.7316393 0.4998272 -0.4635479
vn 0.8175827 0.2587298 -0.5144098
vn 0.8468961 4.53243E-07 -0.5317584
vn 0.8275628 0.4911333 -0.2718967
vn 0.9024879 0.4115956 0.1269043
vn 0.9120114 0.2542295 -0.3218735
vn 0.9408149 1.98755E-06 -0.3389208
vn 0.9743928 0.2042385 0.09404939
vn 0.997366 0.006159378 0.07227194
vn -0.8585691 -0.2584112 0.4428125
vn -0.887846 1.257102E-06 0.4601407
vn -0.887846 1.213625E-06 0.4601408
vn -0.8585691 -0.2584117 0.4428122
vn -0.7727314 -0.4992098 0.3920149
vn -0.7727315 -0.4992099 0.3920146
vn -0.6361866 -0.7059875 0.3112043
vn -0.6361859 -0.7059892 0.311202
vn -0.4582313 -0.8646587 0.205887
vn -0.4582327 -0.864657 0.2058905
vn -0.2509996 -0.9644005 0.08325229
vn -0.2510006 -0.9644001 0.08325466
vn -0.02861571 -0.9984202 -0.04835531
vn -0.02861536 -0.9984202 -0.04835557
vn 0.1937675 -0.9644002 -0.1799621
vn 0.1937674 -0.9644001 -0.1799624
vn 0.4009968 -0.864657 -0.3026052
vn 0.4009968 -0.8646564 -0.3026069
vn 0.5789473 -0.7059895 -0.4079202
vn 0.5789472 -0.70599 -0.4079195
vn 0.7154961 -0.4992087 -0.488729
vn 0.7154961 -0.4992099 -0.4887278
vn 0.801333 -0.2584122 -0.5395263
vn 0.8013331 -0.2584131 -0.5395257
vn 0.8306112 -6.464683E-07 -0.5568528
vn 0.8306112 -6.523594E-07 -0.5568528
vn 0.801333 0.258413 -0.5395258
vn 0.8013338 0.2584118 -0.5395252
vn 0.7154981 0.499209 -0.4887257
vn 0.7154975 0.4992093 -0.4887262
vn 0.5789494 0.7059883 -0.4079192
vn 0.5789468 0.7059901 -0.4079197
vn 0.4009978 0.8646557 -0.3026074
vn 0.4009965 0.8646565 -0.3026071
vn 0.1937653 0.9643999 -0.179966
vn 0.1937661 0.9643998 -0.1799658
vn -0.02861802 0.9984201 -0.04835656
vn -0.02861616 0.9984201 -0.0483571
vn -0.2510033 0.9643996 0.08325128
vn -0.2510057 0.9643989 0.08325111
vn -0.4582353 0.8646558 0.20589
vn -0.4582358 0.8646556 0.2058903
vn -0.6361867 0.7059874 0.3112044
vn -0.6361849 0.7059888 0.3112051
vn -0.7727299 0.4992125 0.3920144
vn -0.7727305 0.4992118 0.3920142
vn -0.8585697 0.2584091 0.4428125
vn -0.8585694 0.2584095 0.4428126
vn -0.887846 1.213625E-06 0.4601408
vn -0.887846 1.257102E-06 0.4601407
vn -0.2807442 0 -0.9597827
vn 0.05647435 -0.1222023 -0.9908971
vn 0.04263355 1.321555E-06 -0.9990908
vn -0.2593255 -0.189047 -0.947107
vn 0.09706586 -0.2360783 -0.9668739
vn -0.7131103 -2.064411E-07 -0.7010518
vn -0.1965301 -0.3652121 -0.9099429
vn 0.1616457 -0.3338543 -0.9286614
vn -0.6846434 -0.2512451 -0.684207
vn -0.7937477 5.732528E-07 -0.6082472
vn -0.09663616 -0.5164888 -0.8508235
vn 0.2457968 -0.4088944 -0.8788568
vn -0.7646332 -0.2569742 -0.5910164
vn -0.7558799 -3.546948E-07 -0.6547104
vn -0.6011876 -0.4853705 -0.634814
vn 0.03355445 -0.6325645 -0.7737805
vn 0.3437938 -0.4560583 -0.8208634
vn -0.7270264 -0.2546646 -0.6376352
vn -0.8029454 -3.704209E-07 -0.5960525
vn -0.6792732 -0.4964347 -0.5405003
vn -0.4684281 -0.6864182 -0.556242
vn 0.1851582 -0.7055366 -0.6840575
vn 0.4489577 -0.4721541 -0.7586221
vn -0.7737802 -0.2574144 -0.5787937
vn -0.8468961 5.467693E-07 -0.5317584
vn -0.6424335 -0.491973 -0.5875728
vn -0.5434849 -0.7020652 -0.4601397
vn -0.2954053 -0.8406855 -0.4538542
vn 0.3478491 -0.7304241 -0.5877769
vn 0.5541228 -0.4560634 -0.6963863
vn -0.8175825 -0.2587303 -0.51441
vn -0.940815 1.877474E-06 -0.3389205
vn -0.6882734 -0.4972886 -0.5281891
vn -0.5078659 -0.695755 -0.5079342
vn -0.3665211 -0.8598522 -0.3554104
vn -0.09392176 -0.9376648 -0.3346094
vn 0.5105413 -0.7055369 -0.4914929
vn 0.6521236 -0.4088941 -0.638389
vn -0.9120118 -0.2542299 -0.321872
vn -0.9973659 0.006159191 0.07227235
vn -0.973479 -0.2124429 0.08489244
vn 0.1222984 -0.9707404 -0.2066547
vn -0.1604435 -0.9590398 -0.2334536
vn 0.6621469 -0.6325635 -0.401777
vn 0.7362761 -0.3338595 -0.5885876
vn -0.731639 -0.4998272 -0.4635483
vn -0.8275627 -0.4911339 -0.2718963
vn -0.8993859 -0.4146561 0.138439
vn 0.3385161 -0.9376644 -0.078692
vn 0.7923336 -0.5164874 -0.3247279
vn 0.8008424 -0.236073 -0.5503826
vn -0.5522519 -0.703271 -0.4476914
vn -0.5949236 -0.7068613 -0.3826395
vn -0.6932244 -0.6945676 -0.1923945
vn -0.7940425 -0.5765434 0.1925984
vn -0.3324946 -0.8521215 -0.4041489
vn -0.3749849 -0.8613278 -0.3427837
vn -0.416751 -0.8657259 -0.2771955
vn -0.5181519 -0.8506679 -0.08878473
vn -0.643932 -0.7120372 0.2799187
vn -0.1282691 -0.9504189 -0.2832862
vn -0.1685541 -0.9606863 -0.2206157
vn -0.2092649 -0.9655918 -0.1544036
vn -0.3142744 -0.948797 0.0318713
vn -0.4697329 -0.7906516 0.3927099
vn 0.06070568 -0.992871 -0.1025768
vn 0.09089236 -0.9839462 -0.1535853
vn 0.05297443 -0.9945759 -0.08951277
vn 0.01339397 -0.9996542 -0.02263197
vn -0.09548703 -0.9822671 0.1613493
vn -0.2956809 -0.8215142 0.4875318
vn 0.2818543 -0.9590397 0.02830099
vn 0.3100533 -0.9504191 -0.02388396
vn 0.2745027 -0.9606865 0.04158933
vn 0.2360527 -0.965592 0.1091379
vn 0.1232984 -0.9487977 0.2908272
vn -0.1068899 -0.7945298 0.5977432
vn 0.5400038 -0.8406854 0.04054453
vn 0.4879314 -0.8598518 0.1502586
vn 0.5142785 -0.8521225 0.09697778
vn 0.4809346 -0.8613279 0.1637562
vn 0.4435393 -0.8657261 0.2319294
vn 0.3271755 -0.8506678 0.4114857
vn 0.06288017 -0.703492 0.7079161
vn 0.713021 -0.6864172 0.1429424
vn 0.6648948 -0.7020665 0.2549855
vn 0.6896515 -0.6957545 0.2007651
vn 0.6582016 -0.7032712 0.2686639
vn 0.6217114 -0.7068626 0.3373725
vn 0.5022486 -0.6945671 0.5150951
vn 0.2057844 -0.5852544 0.7843023
vn 0.8922279 -0.3652115 -0.2656123
vn 0.8414389 -0.1221984 -0.5263537
vn 0.8457819 -0.4853717 0.2215114
vn 0.9550256 -0.1890461 -0.2284462
vn 0.855281 -1.235218E-06 -0.5181645
vn 0.6365861 -0.4911342 0.5945967
vn 0.3230542 -0.4115988 0.8521869
vn 0.7584273 -0.4998283 0.4182817
vn 0.8006842 -0.4964342 0.3353474
vn 0.9292402 -0.2512468 0.2709018
vn 0.9764428 -1.057388E-06 -0.2157766
vn 0.8414379 0.1222004 -0.5263548
vn 0.7210356 -0.2542285 0.644574
vn 0.3864576 -0.2042373 0.8994097
vn 0.8242193 -0.4919724 0.2804027
vn 0.8860437 -0.2569736 0.3858642
vn 0.9577066 -3.830362E-07 0.2877463
vn 0.9550248 0.189049 -0.2284472
vn 0.8008465 0.2360738 -0.5503762
vn 0.7942231 -0.497289 0.3491609
vn 0.9088122 -0.2546641 0.3304645
vn 0.9151582 1.069039E-06 0.4030948
vn 0.9292392 0.2512491 0.2709028
vn 0.8922277 0.3652134 -0.2656103
vn 0.7362754 0.333863 -0.5885864
vn 0.8797307 -0.2574154 0.399764
vn 0.9376653 5.392318E-07 0.3475397
vn 0.8860435 0.2569742 0.3858641
vn 0.8457829 0.4853706 0.2215104
vn 0.7923334 0.5164872 -0.3247289
vn 0.652123 0.4088947 -0.6383892
vn 0.8443713 -0.258729 0.4691443
vn 0.9088954 3.523811E-07 0.4170243
vn 0.9088122 0.2546646 0.330464
vn 0.8006845 0.496434 0.3353471
vn 0.7130222 0.6864166 0.1429391
vn 0.6621482 0.6325622 -0.4017771
vn 0.5541224 0.4560625 -0.6963874
vn 0.8736843 2.57797E-06 0.4864933
vn 0.87973 0.2574162 0.3997651
vn 0.8242189 0.4919737 0.2804018
vn 0.6648952 0.7020655 0.2549874
vn 0.5400057 0.8406844 0.04054312
vn 0.5105441 0.7055316 -0.4914976
vn 0.4489616 0.4721409 -0.758628
vn 0.7498391 1.987548E-06 0.6616202
vn 0.416604 -0.006157378 0.9090673
vn 0.8443707 0.2587297 0.4691451
vn 0.7210352 0.2542287 0.6445743
vn 0.3940465 0.2124431 0.894201
vn 0.3478529 0.730419 -0.587781
vn 0.343797 0.4560575 -0.8208625
vn 0.3385195 0.9376628 -0.07869527
vn 0.7942239 0.4972879 0.3491606
vn 0.7584283 0.4998263 0.4182825
vn 0.6365858 0.4911339 0.5945974
vn 0.3114498 0.4146563 0.85502
vn 0.1851598 0.7055322 -0.6840615
vn 0.2457921 0.4088969 -0.878857
vn 0.6896516 0.6957546 0.2007639
vn 0.6582017 0.7032716 0.2686625
vn 0.6217105 0.706863 0.3373733
vn 0.5022484 0.6945677 0.5150944
vn 0.2132813 0.5765431 0.788739
vn 0.4879324 0.8598511 0.1502595
vn 0.5142783 0.8521227 0.09697761
vn 0.4809343 0.8613284 0.1637549
vn 0.4435396 0.8657259 0.2319292
vn 0.3271752 0.8506679 0.4114858
vn 0.06449724 0.7120371 0.6991733
vn 0.2818529 0.9590401 0.02830114
vn 0.3100526 0.9504193 -0.0238838
vn 0.2745031 0.9606865 0.0415871
vn 0.2360534 0.965592 0.1091372
vn 0.123298 0.9487973 0.2908289
vn -0.1182027 0.7906513 0.6007486
vn 0.1222975 0.9707407 -0.206654
vn 0.06070492 0.9928712 -0.1025755
vn 0.09089211 0.9839463 -0.1535844
vn 0.05297621 0.9945756 -0.08951431
vn 0.0133944 0.9996542 -0.0226333
vn -0.09548765 0.982267 0.1613502
vn -0.2850805 0.8215135 0.4938062
vn -0.09392133 0.9376629 -0.3346149
vn -0.1604429 0.9590401 -0.2334528
vn -0.1282675 0.9504193 -0.2832852
vn -0.1685513 0.9606867 -0.220616
vn -0.2092652 0.9655918 -0.1544039
vn -0.3142742 0.948797 0.03187149
vn -0.4725426 0.7945291 0.381349
vn 0.0335533 0.6325651 -0.77378
vn 0.1616473 0.3338591 -0.9286594
vn -0.295404 0.8406857 -0.4538546
vn -0.09662924 0.5164865 -0.8508259
vn 0.0970659 0.2360753 -0.9668747
vn -0.5181515 0.8506683 -0.08878472
vn -0.6508157 0.7034932 0.2855455
vn -0.4167507 0.8657261 -0.2771951
vn -0.3665206 0.859852 -0.3554115
vn -0.4684237 0.6864178 -0.5562461
vn -0.1965315 0.3652127 -0.9099424
vn 0.05647415 0.1222006 -0.9908974
vn -0.6932244 0.6945676 -0.1923949
vn -0.7865468 0.5852534 0.1970344
vn -0.3324932 0.8521225 -0.4041477
vn -0.5434858 0.7020647 -0.4601398
vn -0.6011871 0.4853705 -0.6348145
vn -0.2593242 0.1890475 -0.9471071
vn 0.04263355 1.321555E-06 -0.9990908
vn -0.2807442 0 -0.9597827
vn -0.6846436 0.2512457 -0.6842066
vn -0.7131103 -2.064411E-07 -0.7010518
vn -0.3749848 0.8613279 -0.3427835
vn -0.5078658 0.6957549 -0.5079346
vn -0.6792731 0.4964356 -0.5404995
vn -0.7646331 0.2569741 -0.5910165
vn -0.7937477 5.732528E-07 -0.6082472
vn -0.5522514 0.7032715 -0.4476913
vn -0.6424333 0.4919732 -0.5875728
vn -0.7270259 0.254665 -0.6376355
vn -0.7558799 -3.546948E-07 -0.6547104
vn -0.5949234 0.7068619 -0.3826387
vn -0.6882735 0.497288 -0.5281895
vn -0.7737805 0.2574151 -0.578793
vn -0.8029454 -3.704209E-07 -0.5960525
vn -0.7316393 0.4998271 -0.4635479
vn -0.8175828 0.2587298 -0.5144096
vn -0.8468961 5.467693E-07 -0.5317584
vn -0.8275629 0.4911332 -0.2718965
vn -0.9024878 0.4115957 0.1269046
vn -0.9120114 0.2542296 -0.3218733
vn -0.940815 1.877474E-06 -0.3389205
vn -0.9743928 0.2042385 0.0940496
vn -0.9973659 0.006159191 0.07227235
vn 0.8878458 1.552331E-06 0.4601409
vn 0.8585689 -0.258411 0.4428129
vn 0.887846 1.220832E-06 0.4601407
vn 0.8585688 -0.258411 0.442813
vn 0.7727309 -0.4992103 0.3920154
vn 0.772731 -0.4992105 0.3920148
vn 0.6361867 -0.7059874 0.3112046
vn 0.6361858 -0.7059894 0.311202
vn 0.4582317 -0.8646584 0.2058871
vn 0.4582332 -0.8646568 0.2058907
vn 0.2509995 -0.9644005 0.08325209
vn 0.2510006 -0.9644001 0.0832544
vn 0.02861552 -0.9984202 -0.04835537
vn 0.02861525 -0.9984202 -0.04835554
vn -0.1937675 -0.9644002 -0.1799619
vn -0.1937675 -0.9644001 -0.1799625
vn -0.4009967 -0.8646569 -0.3026054
vn -0.4009967 -0.8646563 -0.3026072
vn -0.5789476 -0.7059888 -0.407921
vn -0.5789474 -0.7059898 -0.4079196
vn -0.7154964 -0.4992087 -0.4887287
vn -0.7154963 -0.4992101 -0.4887273
vn -0.801333 -0.2584131 -0.5395257
vn -0.801333 -0.2584133 -0.5395258
vn -0.830611 -3.869193E-07 -0.5568531
vn -0.830611 -3.809398E-07 -0.5568531
vn -0.8013328 0.2584139 -0.5395257
vn -0.8013341 0.258412 -0.5395247
vn -0.7154989 0.4992084 -0.4887254
vn -0.7154979 0.499209 -0.488726
vn -0.5789497 0.7059879 -0.4079196
vn -0.5789465 0.7059901 -0.4079202
vn -0.4009975 0.8646557 -0.3026077
vn -0.4009964 0.8646564 -0.3026072
vn -0.1937652 0.9643999 -0.1799659
vn -0.1937664 0.9643998 -0.1799657
vn 0.02861802 0.9984201 -0.0483565
vn 0.02861599 0.9984201 -0.04835709
vn 0.2510032 0.9643997 0.08325122
vn 0.2510056 0.964399 0.08325104
vn 0.4582353 0.8646559 0.20589
vn 0.458236 0.8646554 0.2058903
vn 0.6361872 0.705987 0.3112043
vn 0.6361852 0.7059885 0.3112049
vn 0.7727299 0.4992127 0.3920142
vn 0.7727302 0.4992124 0.3920141
vn 0.8585697 0.258409 0.4428125
vn 0.8585695 0.2584093 0.4428127
vn 0.887846 1.220832E-06 0.4601407
vn 0.8878458 1.552331E-06 0.4601409
vn 0.799786 0.09574044 -0.5926012
vn 0.4629222 0.3344232 -0.8208924
vn 0.535926 0.05126682 -0.842707
vn 0.7209056 0.4065084 -0.5612896
vn 0.2462723 0.627172 -0.7389216
vn 0.8232755 0.09952667 -0.5588486
vn 0.4710405 0.7459025 -0.4709037
vn -0.08753853 0.8020561 -0.5907986
vn 0.7436025 0.421097 -0.5193579
vn 0.7268799 0.4137652 -0.5481277
vn 0.8051398 0.09630381 -0.5852141
vn 0.9212407 0.09805927 -0.3764306
vn 0.8296441 0.4291641 -0.3570837
vn 0.9739308 0.09961798 -0.2038017
vn 0.4871733 0.7480655 -0.450622
vn 0.4969484 0.7682436 -0.4035396
vn 0.05830063 0.9474412 -0.3145732
vn -0.4054092 0.9041089 -0.1350206
vn -0.4740378 0.7670211 -0.4323967
vn 0.09234998 0.9688337 -0.2298534
vn -0.7698997 0.6379839 0.0151981
vn -0.7886253 0.5467052 -0.2813957
vn 0.07860453 0.9516568 -0.2969354
vn -0.381213 0.9222971 -0.06359971
vn -0.3966859 0.9050449 -0.153408
vn -0.9596271 0.2646472 0.09527639
vn -0.9534534 0.2128523 -0.2135895
vn -0.9745672 -0.1141009 -0.1928723
vn -0.9839247 -0.1369961 0.1145606
vn -0.9853145 -0.134902 0.1046742
vn -0.7549492 0.6540107 0.04818426
vn -0.9564415 0.2777092 0.08998493
vn -0.9637054 0.2655141 -0.02782397
vn -0.9909666 -0.1321053 -0.02309782
vn -0.9889439 -0.1432298 0.0384079
vn -0.7680709 0.6375509 -0.05996652
vn -0.9588398 0.2821845 0.03159016
vn -0.7455209 0.6664497 -0.00657513
vn -0.95556 0.2906178 0.0494613
vn -0.9878813 -0.145732 0.05341117
vn -0.9886996 -0.1449984 0.03805887
vn -0.355078 0.9302112 -0.09287933
vn -0.7321822 0.6797146 0.0435582
vn 0.1258262 0.9721293 -0.1978193
vn -0.3263156 0.9452411 0.006125287
vn 0.1677406 0.9839492 -0.06088607
vn 0.5597246 0.7733246 -0.2977874
vn -0.3246349 0.9453074 0.03171782
vn -0.7329482 0.6791486 0.03929615
vn 0.6071988 0.7830337 -0.1347881
vn 0.8817629 0.4335192 -0.1858906
vn 0.1763533 0.9843159 0.004651303
vn 0.8991187 0.434193 -0.05533331
vn 0.993004 0.09969869 -0.06327174
vn 0.9933397 0.09995752 0.05731266
vn 0.6211323 0.7831283 -0.03007739
vn 0.89852 0.4351866 0.05722155
vn 0.6169152 0.7848392 0.05867869
vn 0.8778617 0.4243281 0.2220462
vn 0.9696022 0.09763727 0.2243625
vn 0.1708778 0.9834948 0.05948764
vn 0.604695 0.7666763 0.2157579
vn 0.8914994 0.4298019 0.1431752
vn 0.983609 0.1008808 0.1494536
vn 0.9922119 0.101013 -0.07288264
vn -0.3269425 0.9430032 0.0620761
vn 0.1696005 0.9651146 0.1994731
vn 0.8966602 0.4349647 -0.08249934
vn 0.994078 0.09958082 -0.04350334
vn 0.6157453 0.7780697 0.124359
vn -0.7318267 0.6785421 0.06332567
vn -0.320135 0.9301958 0.1795813
vn 0.1703354 0.981561 0.08674065
vn 0.612424 0.7826063 -0.1116442
vn 0.8994241 0.434174 -0.05029098
vn -0.9567416 0.2886359 0.03653684
vn -0.9551252 0.2887412 0.06606315
vn -0.9872937 -0.1441831 0.06680152
vn -0.7237403 0.6723774 0.1552694
vn -0.9473196 0.2868 0.1425875
vn -0.9798956 -0.1437761 0.1383222
vn -0.3321381 0.9421809 0.04448967
vn 0.1663823 0.9748633 -0.148184
vn -0.9580972 0.2860826 -0.0143702
vn -0.98947 -0.1435884 -0.01820903
vn -0.7370448 0.6758168 0.006054836
vn -0.9322535 0.2802367 -0.2288469
vn -0.9632438 -0.1406697 -0.2288523
vn -0.3260596 0.9264695 -0.1879876
vn -0.7186855 0.6619415 -0.2128959
vn 0.6170897 0.7837138 -0.07066134
vn -0.9427513 0.2856234 -0.1721606
vn -0.9745004 -0.1432635 -0.1726973
vn 0.1721599 0.9800788 -0.09902788
vn -0.7229866 0.6729641 -0.1562356
vn -0.9538442 0.2878613 -0.08553931
vn -0.9857942 -0.144455 -0.08568881
vn -0.3231232 0.9371281 -0.1318414
vn -0.9571475 0.2875842 -0.0341172
vn -0.9889664 -0.1441261 -0.03425081
vn -0.9902011 -0.1382956 0.01939729
vn -0.7305406 0.6784015 -0.07798594
vn -0.3238789 0.9442067 -0.05980014
vn 0.1762483 0.9839731 -0.02708279
vn -0.7358795 0.6762443 -0.03427847
vn -0.9602618 0.2781982 0.02242564
vn -0.3304422 0.9437527 -0.01178104
vn 0.6214422 0.7834169 0.00822066
vn -0.9614006 0.2748135 -0.01365392
vn -0.9900242 -0.1394044 -0.02045495
vn -0.9892264 -0.1351105 -0.05635967
vn -0.7508204 0.660411 0.01122406
vn 0.1668219 0.9853008 0.03677922
vn 0.9005259 0.4334627 0.03410648
vn 0.9941302 0.0991004 0.04340678
vn -0.3500451 0.9361786 0.03221877
vn -0.7560152 0.6544318 -0.01264908
vn -0.9616745 0.2704051 -0.04542195
vn 0.6111294 0.7859894 0.09349583
vn 0.8903806 0.4352195 0.1334398
vn 0.9840428 0.09956758 0.1474649
vn 0.1511284 0.983084 0.1034698
vn -0.3641625 0.9306454 0.03584271
vn 0.8594296 0.4344988 0.2694281
vn 0.9508274 0.0991913 0.2934082
vn 0.5902781 0.781861 0.2006616
vn 0.847343 0.4326828 0.3078886
vn 0.9384016 0.09777413 0.3314253
vn 0.5724766 0.7848904 0.2371028
vn 0.8197749 0.4244446 0.3844683
vn 0.9110559 0.09780259 0.4005147
vn -0.7656911 0.6431183 0.0107695
vn 0.1314024 0.9826003 0.1312637
vn 0.5426267 0.7715542 0.3320549
vn 0.6500869 0.3881966 0.6532153
vn 0.7393522 0.09266683 0.6669117
vn -0.3901896 0.9137915 0.1128587
vn 0.09937865 0.967827 0.2311593
vn 0.3953983 0.693237 0.6025633
vn 0.4171435 0.3057171 0.8558788
vn 0.4869665 0.06682971 0.8708601
vn 0.2090113 0.5431299 0.8132184
vn -0.1051279 0.6784607 0.7270758
vn 0.003217415 0.8656293 0.5006751
vn -0.4246227 0.8282068 0.3657446
vn -0.4266861 0.6519089 0.6268603
vn -0.7651924 0.5993989 0.2349503
vn -0.7170905 0.484965 0.5005898
vn -0.9536237 0.2581715 0.1547557
vn -0.8787915 0.2037384 0.4315277
vn -0.982318 -0.1281506 0.1364871
vn -0.9004071 -0.1159434 0.4193139
vn -0.9839247 -0.1369961 0.1145606
vn -0.8660312 -0.430369 -0.2545043
vn -0.9745672 -0.1141009 -0.1928723
vn -0.8455955 -0.5298249 0.0652227
vn -0.598043 -0.7128134 -0.3663901
vn -0.8414103 -0.5342796 0.08107989
vn -0.9853145 -0.134902 0.1046742
vn -0.5368904 -0.8420801 -0.05147626
vn -0.2114402 -0.8036417 -0.5562852
vn -0.8545662 -0.5157907 -0.06063457
vn -0.9909666 -0.1321053 -0.02309782
vn -0.9889439 -0.1432298 0.0384079
vn -0.5217623 -0.8530633 0.00687362
vn -0.5430068 -0.8296002 -0.1300274
vn -0.8349101 -0.5503777 0.003099241
vn -0.05818443 -0.987079 -0.1492971
vn -0.08822922 -0.9695989 -0.2282403
vn 0.3592254 -0.8416209 -0.4032758
vn 0.1471008 -0.7069411 -0.6918061
vn 0.3931851 -0.8581069 -0.3302393
vn -0.08627103 -0.9600449 -0.2662165
vn 0.6518887 -0.5482756 -0.5238653
vn 0.3967965 -0.4559119 -0.7966787
vn 0.5110016 -0.1698136 -0.8426391
vn 0.67842 -0.5600637 -0.4754735
vn 0.786302 -0.2131598 -0.5799071
vn 0.535926 0.05126682 -0.842707
vn 0.799786 0.09574044 -0.5926012
vn 0.8092477 -0.2131502 -0.547435
vn 0.8232755 0.09952667 -0.5588486
vn 0.3624602 -0.8342881 -0.4154347
vn -0.5041527 -0.8611667 -0.06497746
vn 0.6490059 -0.5487942 -0.5268929
vn 0.7853324 -0.2134688 -0.5811058
vn 0.8051398 0.09630381 -0.5852141
vn 0.9212407 0.09805927 -0.3764306
vn 0.9001029 -0.2236409 -0.3738978
vn 0.9539027 -0.2250275 -0.1985757
vn 0.9739308 0.09961798 -0.2038017
vn 0.993004 0.09969869 -0.06327174
vn 0.7445983 -0.5726914 -0.3429257
vn 0.9723785 -0.2256069 -0.05984611
vn 0.9933397 0.09995752 0.05731266
vn 0.9725221 -0.2253077 0.05862845
vn 0.9696022 0.09763727 0.2243625
vn 0.8150057 -0.5778363 -0.04325318
vn 0.7993265 -0.5774296 -0.16629
vn 0.4282215 -0.8613316 -0.2733756
vn 0.9493012 -0.2195811 0.2249698
vn 0.983609 0.1008808 0.1494536
vn 0.8132905 -0.5786752 0.06077537
vn -0.03820422 -0.9848193 -0.1693266
vn 0.4885778 -0.8724428 -0.01164048
vn 0.4773367 -0.8725197 -0.1042071
vn 0.9638037 -0.22141 0.1485261
vn 0.9922119 0.101013 -0.07288264
vn 0.004287694 -0.9996172 -0.02733099
vn 0.7950674 -0.5646484 0.2214495
vn 0.4838399 -0.8729106 0.06265792
vn 0.009681938 -0.9996475 0.02472341
vn -0.4788813 -0.8772702 0.03270847
vn -0.8256853 -0.5615653 0.05374249
vn -0.9878813 -0.145732 0.05341117
vn -0.4781145 -0.8771155 0.04555207
vn -0.827803 -0.5591842 0.04533401
vn -0.9886996 -0.1449984 0.03805887
vn 0.003116038 -0.9978122 0.06603977
vn -0.4799615 -0.8747269 0.06700675
vn -0.8268449 -0.5582793 0.06820412
vn -0.9872937 -0.1441831 0.06680152
vn 0.4751239 -0.8544112 0.2103301
vn 0.005172307 -0.9808953 0.1944676
vn -0.4725109 -0.8648113 0.1698086
vn -0.8181196 -0.5547961 0.1512661
vn -0.9798956 -0.1437761 0.1383222
vn 0.808049 -0.5726265 0.1384038
vn 0.4833981 -0.8681737 0.1122535
vn 0.0007875501 -0.9972675 0.07387108
vn -0.4852042 -0.8739052 0.02943675
vn -0.8315228 -0.5554867 -0.002077876
vn -0.98947 -0.1435884 -0.01820903
vn 0.8103806 -0.5785088 -0.09279501
vn 0.4791906 -0.8692379 -0.1216625
vn -0.001320262 -0.9865205 -0.1636322
vn -0.4747867 -0.8579038 -0.1964149
vn -0.8095693 -0.5438837 -0.2208804
vn -0.9632438 -0.1406697 -0.2288523
vn -0.8163283 -0.5538694 -0.1638194
vn -0.9745004 -0.1432635 -0.1726973
vn -0.9857942 -0.144455 -0.08568881
vn -0.474122 -0.8692209 -0.1402266
vn -0.8256792 -0.5581568 -0.08194304
vn -0.9889664 -0.1441261 -0.03425081
vn 0.004316935 -0.9938214 -0.1109074
vn 0.4842946 -0.8713673 -0.07859875
vn -0.8297071 -0.5570461 -0.0358596
vn -0.9902011 -0.1382956 0.01939729
vn -0.4773821 -0.8761055 -0.06741993
vn -0.8415366 -0.5401761 0.005079725
vn -0.9900242 -0.1394044 -0.02045495
vn 0.007924997 -0.9991886 -0.03948957
vn -0.4840128 -0.8747417 -0.02363095
vn 0.813767 -0.5783858 -0.05703637
vn -0.8408433 -0.5405529 -0.02801956
vn -0.9892264 -0.1351105 -0.05635967
vn -0.5006768 -0.8656296 0.002882964
vn -0.0001918639 -0.9998393 0.0179281
vn 0.4885358 -0.872539 -0.002899478
vn 0.9732433 -0.2252206 -0.04553163
vn 0.8159143 -0.5775859 0.02604754
vn 0.4785683 -0.8748615 0.07476428
vn -0.01247706 -0.9982139 0.05842439
vn -0.5082774 -0.8611577 -0.007844558
vn 0.9713467 -0.22514 -0.07614183
vn 0.994078 0.09958082 -0.04350334
vn 0.9735502 -0.224738 0.04114304
vn 0.9941302 0.0991004 0.04340678
vn 0.9840428 0.09956758 0.1474649
vn 0.8057238 -0.5797617 0.1211832
vn 0.4662381 -0.8708231 0.1558498
vn 0.9634513 -0.2256929 0.1443057
vn 0.9313497 -0.2243574 0.2867952
vn 0.9508274 0.0991913 0.2934082
vn 0.9384016 0.09777413 0.3314253
vn 0.7808554 -0.5756671 0.2426358
vn 0.9198064 -0.2239172 0.3222067
vn -0.03191039 -0.9965668 0.07639569
vn 0.7678364 -0.5780988 0.2760959
vn 0.8909931 -0.2189821 0.3977162
vn 0.9110559 0.09780259 0.4005147
vn 0.4496735 -0.8731957 0.1879437
vn 0.7369449 -0.5663266 0.3690344
vn 0.7212145 -0.1993062 0.6634204
vn 0.7393522 0.09266683 0.6669117
vn 0.4869665 0.06682971 0.8708601
vn 0.4632661 -0.147692 0.8738259
vn 0.3518466 -0.4090544 0.8419492
vn 0.5783145 -0.5142123 0.6333546
vn 0.1156407 -0.6129723 0.7815959
vn 0.286343 -0.7765875 0.5611767
vn -0.2014769 -0.6892953 0.6959016
vn 0.4130431 -0.860441 0.2983904
vn -0.1354243 -0.8854278 0.4446097
vn -0.5412712 -0.6222254 0.5655625
vn -0.06500576 -0.9800091 0.188033
vn -0.5561579 -0.7739903 0.3027001
vn -0.5350795 -0.8420457 0.06818299
vn -0.8494122 -0.5275229 -0.0147872
vn -0.846415 -0.4963945 0.1928061
vn -0.7870738 -0.3923652 0.4759879
vn -0.982318 -0.1281506 0.1364871
vn -0.9004071 -0.1159434 0.4193139
vn -0.7071683 0.7070451 3.713951E-06
vn -1 -2.192086E-05 -4.958189E-07
vn -0.7070446 0.7071688 -4.317118E-07
vn -1 2.150172E-05 -1.581564E-06
vn -0.7071411 -0.7070724 -3.64889E-06
vn -0.7070803 -0.7071332 -1.603281E-06
vn -5.709558E-05 -1 -3.699742E-06
vn 5.751804E-05 -1 -8.018093E-07
vn 0.7070583 -0.7071552 -4.078255E-06
vn 0.7071549 -0.7070586 -8.453582E-07
vn 1 -0.0001660968 -4.149004E-06
vn 1 0.0001661607 4.246079E-06
vn 0.7071587 0.7070548 3.707658E-07
vn 0.7070459 0.7071676 4.166462E-06
vn 6.895028E-05 1 3.162708E-07
vn -6.854565E-05 1 3.796368E-06
vn -0.7070446 0.7071688 -4.317118E-07
vn -0.7071683 0.7070451 3.713951E-06
vn -0.6853625 0.6853659 -0.2460728
vn -0.8578917 2.556674E-05 -0.5138304
vn -0.6121092 0.6120106 -0.5007648
vn -0.9682924 2.483039E-06 -0.24982
vn -0.7071088 0.7071047 0
vn -0.6120207 -0.6121022 -0.5007611
vn -1 6.902417E-07 0
vn -0.685367 -0.6853663 -0.2460589
vn 2.874091E-05 -0.8579047 -0.5138088
vn -0.7071084 -0.7071051 0
vn -1.390679E-06 -0.968292 -0.2498214
vn 0.6121231 -0.6120037 -0.5007563
vn -6.484099E-07 -1 0
vn 0.6853669 -0.6853659 -0.2460604
vn 0.8579068 0.0001366272 -0.5138055
vn 0.7071068 -0.7071068 0
vn 0.9682896 5.986437E-06 -0.2498307
vn 0.6120155 0.6121039 -0.5007654
vn 1 6.902428E-07 0
vn 0.6853682 0.6853595 -0.2460744
vn -7.254506E-05 0.8578877 -0.5138372
vn 0.7071071 0.7071064 0
vn -5.097269E-06 0.9682896 -0.2498306
vn -0.6121092 0.6120106 -0.5007648
vn -6.274941E-07 1 0
vn -0.6853625 0.6853659 -0.2460728
vn -0.7071088 0.7071047 0
vn 0.9988703 -0.01022334 0.0464056
vn 0.9983414 0.02196272 -0.05321585
vn 0.9982762 0.01582457 0.05651777
vn 0.9998715 0.007901881 0.01395156
vn 0.9989347 0.02644012 -0.03782053
vn 0.9933538 0.03560256 -0.1094558
vn 0.9969451 0.04013784 0.06700324
vn 0.9889481 0.04200191 -0.1421881
vn 0.9980217 0.03338194 -0.05327576
vn 0.9973611 0.05362211 0.04894212
vn 0.9994074 0.02445464 -0.02422539
vn 0.9942619 0.009365451 -0.1065627
vn 0.9899905 0.01136058 -0.1406759
vn 0.989863 0.02183049 -0.1403378
vn 0.9898518 0.03310526 -0.1381936
vn 0.995766 0.01870847 -0.08999969
vn 0.9957626 -0.001123195 -0.09195393
vn 0.994655 0.0456701 -0.09260497
vn 0.9938751 0.05547376 -0.09557637
vn 0.9976996 0.0594219 -0.03262749
vn 0.999405 0.01545555 -0.03083325
vn 0.9995334 -0.007533513 -0.02960054
vn 0.9982719 0.0486684 -0.0329315
vn 0.9984965 0.05395395 -0.009685256
vn 0.9985184 0.05284933 -0.01296421
vn 0.997166 0.07148 0.02346287
vn 0.9996107 0.02769109 -0.003420896
vn 0.9999866 0.00516624 -5.651488E-05
vn 0.9974541 0.06730302 0.02357063
vn 0.9952679 0.06352675 0.07352512
vn 0.9988596 0.03985867 0.02628125
vn 0.9952892 0.04738874 0.08457933
vn 0.9994078 0.01944561 0.02838727
vn 0.9957841 0.02284412 0.08883812
vn 0.9799204 0.03442729 0.1963946
vn 0.9948053 0.06736375 0.07631817
vn 0.9855211 0.07636872 0.1513802
vn 0.981867 0.08655036 0.1686607
vn 0.9631961 0.1017664 0.2487907
vn 0.9807288 0.06010824 0.1858976
vn 0.9581692 0.1087361 0.2647423
vn 0.9346594 0.1137347 0.3368625
vn 0.9548112 0.08592796 0.2845207
vn 0.9524358 0.06446057 0.2978436
vn 0.9310638 0.1194161 0.3447609
vn 0.9300625 0.1191963 0.3475282
vn 0.9322447 0.09427258 0.3493317
vn 0.9333196 0.06008168 0.3539844
vn 0.9353828 0.08658725 0.3428727
vn 0.9655016 0.1054177 0.2381047
vn 0.9647258 0.1118474 0.2383156
vn 0.9923524 0.07434401 0.09853818
vn 0.9925275 0.09252941 0.07954505
vn 0.9549008 0.1231178 0.2701969
vn 0.958215 0.1057062 0.2658009
vn 0.9733489 0.1750525 0.1481504
vn 0.968302 0.1407192 0.2063722
vn 0.5261861 -0.8502505 -0.01421944
vn 0.4527996 -0.8145229 -0.3626638
vn 0.5152569 -0.8198773 -0.2496227
vn 0.4034597 -0.7054827 -0.5826786
vn 0.2978886 -0.5682092 -0.7670729
vn 0.2371751 -0.5186669 -0.821421
vn 0.1914777 -0.2744007 -0.942359
vn 0.1809727 -0.3483262 -0.9197379
vn 0.1051225 -0.164045 -0.9808356
vn 0.15185 0.004267322 -0.9883944
vn 0.07958405 0.00402903 -0.99682
vn 0.1039971 0.1687983 -0.9801489
vn 0.191797 0.2760574 -0.9418101
vn 0.1751191 0.3470808 -0.9213404
vn 0.3275429 0.003138573 -0.9448311
vn 0.3439289 -0.257917 -0.9028797
vn 0.2990106 0.568769 -0.766221
vn 0.2337509 0.5251101 -0.818303
vn 0.4034597 0.7054827 -0.5826786
vn 0.4592184 0.8134028 -0.3570635
vn 0.5152569 0.8198773 -0.2496227
vn 0.5291839 0.8484339 -0.01115262
vn 0.3448151 0.2603053 -0.9018557
vn 0.4596221 -0.5769812 -0.6751594
vn 0.6247184 0.00110399 -0.7808495
vn 0.4595745 0.5773279 -0.6748953
vn 0.518687 0.8547057 -0.02102348
vn 0.5088918 0.8370829 0.2008021
vn 0.5624697 -0.1606708 -0.8110566
vn 0.8629888 -5.494697E-05 -0.5052232
vn 0.5624865 0.1607705 -0.8110251
vn 0.746445 -0.3132579 -0.5871025
vn 0.7465847 0.3131283 -0.5869941
vn 0.6241952 0.7164976 -0.3114668
vn 0.6292058 -0.7071206 -0.322615
vn 0.7030682 0.7101421 -0.03732842
vn 0.8981182 0.338251 -0.2810159
vn 0.8981182 -0.338251 -0.2810159
vn 0.5139712 -0.857707 -0.01313003
vn 0.9787624 0 -0.2049975
vn 0.7091979 -0.704379 -0.02980881
vn 0.5151367 -0.8354633 0.1914033
vn 0.5062435 -0.837791 0.204509
vn 0.9475713 0.3132534 -0.06309537
vn 0.9475713 -0.3132534 -0.06309537
vn 0.7115885 -0.6857563 0.1529052
vn 0.6601595 -0.6929947 0.2897378
vn 0.4944306 -0.8087677 0.3184859
vn 0.4784026 -0.8081747 0.3434888
vn 0.9479886 -0.309906 0.07263563
vn 0.9991189 0 -0.04196915
vn 0.4573841 -0.7618045 0.4587525
vn 0.4310275 -0.7624337 0.4826076
vn 0.9479886 0.309906 0.0726354
vn 0.999952 0 0.009808553
vn 0.9220089 -0.3539603 0.1568812
vn 0.4364737 -0.6253931 0.6468185
vn 0.3784033 -0.6127143 0.6938243
vn 0.4118746 -0.3481101 0.8421275
vn 0.3505755 -0.3426882 0.8715857
vn 0.6159798 -0.4329424 0.6581259
vn 0.5964903 -0.6522522 0.4677245
vn 0.8854411 -0.3723555 0.2781105
vn 0.9973589 3.174162E-07 0.0726309
vn 0.3964231 0.008953397 0.9180242
vn 0.3484407 0.009043727 0.9372872
vn 0.8320467 -0.2520241 0.4941479
vn 0.627515 0.008412621 0.7785591
vn 0.4103347 0.3588775 0.8383509
vn 0.3534048 0.3514344 0.866948
vn 0.3784883 0.6166018 0.6903251
vn 0.9833815 -0.0001625003 0.1815513
vn 0.8597164 0.0009739097 0.5107708
vn 0.4354276 0.6291714 0.6438525
vn 0.4310351 0.7624246 0.4826152
vn 0.6155059 0.4398287 0.6539901
vn 0.4570077 0.7622862 0.4583269
vn 0.4784026 0.8081747 0.3434888
vn 0.8313787 0.2525765 0.4949895
vn 0.8855379 0.3725531 0.2775367
vn 0.5969775 0.6531543 0.4658406
vn 0.6601592 0.6929947 0.2897383
vn 0.4944306 0.8087677 0.3184859
vn 0.9220082 0.3539611 0.1568829
vn 0.5136336 0.8367612 0.1897659
vn 0.7115885 0.6857563 0.1529052
vn -0.0001275038 0.0001801365 1
vn -0.0001382997 0.0001611674 1
vn -0.0001145091 0.0001750004 1
vn -0.0001336733 0.0001817332 1
vn -0.0001293389 0.0001637758 1
vn -0.000131799 0.0001715347 1
vn -0.0001484162 0.0001536145 1
vn -0.0001337903 0.0001607096 1
vn -0.0001478608 0.0001475984 1
vn -0.0001419356 0.0001529824 1
vn -0.0001520784 0.0001478404 1
vn -0.0001470367 0.0001490897 1
vn -0.0001510825 0.0001521136 1
vn -0.9988703 -0.01022335 0.0464056
vn -0.9982762 0.01582457 0.05651777
vn -0.9983414 0.02196272 -0.05321585
vn -0.9998715 0.007901881 0.01395156
vn -0.9989347 0.02644012 -0.03782052
vn -0.9933538 0.03560256 -0.1094558
vn -0.9969451 0.04013784 0.06700323
vn -0.9889481 0.04200191 -0.1421881
vn -0.9980217 0.03338194 -0.05327576
vn -0.9973611 0.05362211 0.04894212
vn -0.9994074 0.02445464 -0.02422538
vn -0.9942619 0.009365451 -0.1065627
vn -0.9899905 0.01136059 -0.1406759
vn -0.989863 0.02183049 -0.1403378
vn -0.9898518 0.03310526 -0.1381936
vn -0.995766 0.01870847 -0.08999969
vn -0.9957626 -0.001123195 -0.09195391
vn -0.994655 0.0456701 -0.09260499
vn -0.9938751 0.05547376 -0.09557637
vn -0.9976996 0.05942189 -0.03262749
vn -0.999405 0.01545555 -0.03083325
vn -0.9995334 -0.007533513 -0.02960054
vn -0.9982719 0.0486684 -0.0329315
vn -0.9984965 0.05395395 -0.009685256
vn -0.9985184 0.05284933 -0.01296421
vn -0.997166 0.07148 0.02346288
vn -0.9996107 0.02769109 -0.003420896
vn -0.9999866 0.00516624 -5.651488E-05
vn -0.9974541 0.06730302 0.02357063
vn -0.9952679 0.06352675 0.07352512
vn -0.9988596 0.03985867 0.02628125
vn -0.9952892 0.04738874 0.08457933
vn -0.9994078 0.01944561 0.02838727
vn -0.9957841 0.02284412 0.08883812
vn -0.9799204 0.03442729 0.1963946
vn -0.9948053 0.06736375 0.07631817
vn -0.9855211 0.07636872 0.1513802
vn -0.981867 0.08655036 0.1686607
vn -0.9631961 0.1017664 0.2487907
vn -0.9807288 0.06010824 0.1858976
vn -0.9581692 0.1087361 0.2647423
vn -0.9346594 0.1137347 0.3368625
vn -0.9548112 0.08592796 0.2845207
vn -0.9524358 0.06446057 0.2978436
vn -0.9310638 0.1194161 0.3447609
vn -0.9300625 0.1191963 0.3475282
vn -0.9322446 0.09427258 0.3493317
vn -0.9333196 0.06008168 0.3539844
vn -0.9353828 0.08658725 0.3428727
vn -0.9655016 0.1054177 0.2381047
vn -0.9647258 0.1118474 0.2383156
vn -0.9923524 0.07434399 0.09853818
vn -0.9925275 0.09252941 0.07954505
vn -0.9549008 0.1231178 0.2701969
vn -0.958215 0.1057062 0.2658009
vn -0.9733489 0.1750526 0.1481504
vn -0.968302 0.1407193 0.2063722
vn -0.4256251 -0.5473375 0.7206004
vn -0.7901556 -0.1738389 0.5877364
vn -0.5748565 -0.1230092 0.8089553
vn -0.3035335 -0.05909055 0.9509867
vn -0.1722843 -0.4823636 0.8588617
vn -0.002730714 0.0116722 0.9999281
vn 0.1093953 -0.4088344 0.9060282
vn 0.2980323 0.08255351 0.9509792
vn 0.3571559 -0.3796998 0.8533861
vn 0.5692876 0.146598 0.8089628
vn 0.6252061 -0.3011357 0.720024
vn 0.7846212 0.1972761 0.5877512
vn 0.4725459 -0.7291321 0.4950422
vn 0.2100457 -0.7685462 0.6043323
vn -0.1072566 -0.86608 0.4882639
vn 0.6669191 -0.692909 0.2740364
vn -0.299468 -0.9158211 0.2675641
vn 0.8005922 -0.2685333 0.5356695
vn 0.9228774 0.2298075 0.3090076
vn 0.9337099 -0.2285851 0.2755626
vn 0.7470533 -0.6645942 -0.01502858
vn 0.9705258 0.2409973 -1.12143E-05
vn 0.9753533 -0.2203768 -0.01095916
vn 0.9228762 0.2298506 -0.3089793
vn 0.6613833 -0.70955 -0.2431278
vn 0.9314528 -0.2494712 -0.2648768
vn 0.7846246 0.1972624 -0.5877514
vn 0.8001866 -0.2809456 -0.5298782
vn 0.5693212 0.1464636 -0.8089635
vn 0.4642583 -0.7656487 -0.4452487
vn 0.6190519 -0.3204568 -0.7169952
vn 0.298051 0.08240429 -0.9509864
vn 0.3713525 -0.3810023 -0.8467199
vn 0.1669954 -0.8201818 -0.5471877
vn -0.002709034 0.01150838 -0.9999301
vn 0.09310748 -0.4426476 -0.8918487
vn -0.303479 -0.05925908 -0.9509937
vn -0.0738993 -0.888175 -0.4535241
vn -0.1429595 -0.5201439 -0.842029
vn -0.5748136 -0.1231617 -0.8089626
vn -0.4123651 -0.5655096 -0.7142506
vn -0.7901443 -0.1738513 -0.5877479
vn -0.2688325 -0.928417 -0.2564586
vn -0.586557 -0.6106452 -0.532037
vn -0.92839 -0.2064481 -0.3089842
vn -0.7284614 -0.6266344 -0.2768994
vn -0.3800765 -0.924543 0.02760571
vn -0.9760467 -0.2175614 -2.433781E-05
vn -0.7767955 -0.6297141 0.006991699
vn -0.9283671 -0.2064808 0.3090312
vn -0.7283179 -0.6326656 0.2632246
vn -0.5973133 -0.5963361 0.5362836
vn -0.6278653 -0.3323667 0.703788
vn -0.8078908 0.1109432 0.5787954
vn -0.5934333 0.07447629 0.8014301
vn -0.3206611 0.02939988 0.9467376
vn -0.3678009 -0.3894059 0.8444439
vn -0.01571263 -0.01991181 0.9996783
vn -0.08984876 -0.4507409 0.8881215
vn 0.291281 -0.06842922 0.954187
vn 0.1371836 -0.5365547 0.8326402
vn 0.5696523 -0.1114118 0.8142995
vn 0.413967 -0.5596622 0.7179204
vn 0.7915886 -0.1446449 0.5936879
vn 0.07059275 -0.887736 0.4549083
vn -0.1437042 -0.8048739 0.5757838
vn -0.4948876 -0.7254531 0.4783348
vn 0.2989792 -0.9153549 0.2696976
vn -0.674684 -0.6943975 0.2502269
vn 0.6086131 -0.5824163 0.5388705
vn 0.9349178 -0.164666 0.3143465
vn 0.7525841 -0.5982642 0.275131
vn 0.4031666 -0.9146361 -0.02995868
vn 0.9854791 -0.1697527 0.003870852
vn 0.7991412 -0.601034 -0.01146308
vn 0.9383426 -0.1590273 -0.3069586
vn 0.3108754 -0.906562 -0.2854851
vn 0.7499844 -0.6047517 -0.267953
vn 0.7980761 -0.1337745 -0.5875193
vn 0.6115556 -0.5719311 -0.5467125
vn 0.5786494 -0.09643533 -0.809855
vn 0.08161145 -0.8750753 -0.4770562
vn 0.4231251 -0.5456768 -0.723327
vn 0.301858 -0.05091529 -0.9519923
vn 0.1467731 -0.5180085 -0.8426892
vn -0.004336058 -0.001482708 -0.9999895
vn -0.07870185 -0.430333 -0.8992327
vn -0.1366696 -0.7892305 -0.5986959
vn -0.309524 0.04673669 -0.9497424
vn -0.3578502 -0.3715063 -0.8566949
vn -0.4852947 -0.7162302 -0.501501
vn -0.5836782 0.08909431 -0.8070824
vn -0.6174127 -0.3189126 -0.7190941
vn -0.8005587 0.1215657 -0.5867943
vn -0.6647208 -0.6905015 -0.2852262
vn -0.7887855 -0.3042446 -0.5340906
vn -0.9400137 0.1410359 -0.3106172
vn -0.9202359 -0.2756242 -0.277844
vn -0.7434462 -0.668774 0.005390162
vn -0.9892875 0.1458922 -0.005066744
vn -0.9628501 -0.2700312 -0.00166071
vn -0.943928 0.1355211 0.3010545
vn -0.9229708 -0.2950396 0.2471365
vn -0.7958321 -0.3169455 0.5159428
vn -0.1156406 -0.6129723 0.7815959
vn 0.3226276 -0.4938644 0.8074709
vn 0.2014769 -0.6892954 0.6959015
vn 0.5412712 -0.6222255 0.5655625
vn 0.00375364 -0.4611606 0.8873088
vn -0.3518464 -0.4090545 0.8419492
vn -0.2309308 -0.2223514 0.9472227
vn -0.4632664 -0.1476919 0.8738256
vn -0.4869663 0.06682938 0.8708603
vn 0.6148441 -0.3504106 0.706526
vn 0.7870739 -0.392365 0.4759879
vn 0.9004071 -0.1159434 0.4193138
vn 0.1075256 -0.3116844 0.9440821
vn -0.2907942 0.07318071 0.9539829
vn -0.4171434 0.3057169 0.8558788
vn 0.7697081 -0.1001193 0.6304963
vn 0.8787916 0.2037382 0.4315277
vn 0.3459718 -0.324359 0.8803948
vn -0.08646318 -0.1620096 0.9829938
vn -0.148065 0.3573916 0.9221432
vn -0.2090112 0.54313 0.8132184
vn 0.7178014 0.241791 0.6529153
vn 0.7170905 0.484965 0.5005898
vn 0.5036032 -0.2362567 0.8310033
vn 0.6119381 -0.014607 0.7907708
vn 0.4310778 -0.07585625 0.8991205
vn 0.2701189 -0.201365 0.9415349
vn 0.06760985 -0.0483615 0.9965391
vn 0.1604109 0.5371453 0.8280962
vn 0.105128 0.6784607 0.7270758
vn 0.5641329 0.1773335 0.8064161
vn 0.2555218 6.199015E-05 0.9668033
vn 0.3583942 0.1439119 0.9224114
vn 0.4161681 0.3252349 0.8491327
vn 0.1150745 0.1392329 0.9835507
vn -0.1042546 0.06935494 0.9921294
vn -0.03229445 0.2321371 0.9721469
vn 0.1754132 0.3530721 0.9190051
vn 0.4857303 0.4747984 0.7339159
vn 0.4266861 0.6519089 0.6268603
vn -0.3226276 -0.4938645 0.8074709
vn 0.1156407 -0.6129723 0.7815959
vn -0.2014769 -0.6892953 0.6959016
vn -0.5412712 -0.6222254 0.5655625
vn -0.003753758 -0.4611606 0.8873088
vn 0.3518466 -0.4090544 0.8419492
vn 0.2309308 -0.2223514 0.9472227
vn 0.4632661 -0.147692 0.8738259
vn 0.4869665 0.06682971 0.8708601
vn -0.6148441 -0.3504107 0.706526
vn -0.7870738 -0.3923652 0.4759879
vn -0.9004071 -0.1159434 0.4193139
vn -0.1075255 -0.3116844 0.9440821
vn 0.2907941 0.07318078 0.9539829
vn 0.4171435 0.3057171 0.8558788
vn -0.7697081 -0.1001194 0.6304963
vn -0.8787915 0.2037384 0.4315277
vn -0.3459717 -0.3243589 0.8803948
vn 0.08646328 -0.1620096 0.9829938
vn 0.148065 0.3573916 0.9221432
vn 0.2090113 0.5431299 0.8132184
vn -0.7178015 0.2417911 0.6529151
vn -0.7170905 0.484965 0.5005898
vn -0.5036032 -0.2362568 0.8310033
vn -0.6119379 -0.01460717 0.7907709
vn -0.4310776 -0.07585637 0.8991206
vn -0.2701188 -0.2013649 0.9415349
vn -0.06760983 -0.04836153 0.9965391
vn -0.1604109 0.5371454 0.828096
vn -0.1051279 0.6784607 0.7270758
vn -0.4857304 0.4747984 0.7339157
vn -0.4266861 0.6519089 0.6268603
vn -0.5641328 0.1773335 0.8064162
vn -0.4161681 0.3252349 0.8491327
vn -0.2555218 6.182909E-05 0.9668033
vn -0.3583943 0.1439117 0.9224116
vn -0.1754132 0.3530721 0.9190051
vn -0.1150746 0.1392328 0.9835507
vn 0.03229445 0.2321371 0.9721469
vn 0.1042545 0.06935502 0.9921294
vn -0.6870469 0.5762607 0.4425949
vn -0.5950078 0.7431396 0.3061194
vn -0.5191185 0.7258996 0.4512047
vn -0.4743022 0.6177121 0.6272712
vn -0.7469729 0.5771002 0.3301318
vn -0.6067502 0.7629901 0.2229357
vn -0.7732132 0.5735201 0.2705844
vn -0.6241719 0.7617697 0.1735412
vn -0.6253926 0.4991347 0.5997904
vn -0.8308358 0.248415 0.4979977
vn -0.3675366 0.458678 0.8090311
vn -0.8952816 0.2613937 0.3607548
vn -0.5443032 0.3767168 0.7495454
vn -0.2206567 0.2245123 0.94916
vn -0.4878085 0.201746 0.8493182
vn -0.1463666 0.02647378 0.988876
vn -0.500153 0.06016082 0.8638448
vn -0.2229012 -0.1463963 0.9637858
vn -0.8054758 0.551963 0.2157442
vn -0.6382032 0.7602982 0.1210094
vn -0.9220157 0.2427219 0.3016178
vn -0.9282989 0.1027376 0.3573602
vn -0.8606682 0.09749382 0.499745
vn -0.5241171 -0.08380324 0.8475131
vn -0.8278036 0.5421023 0.1444515
vn -0.6449962 0.7617211 0.06132543
vn -0.9448285 0.2238055 0.2391868
vn -0.6001057 -0.291581 0.7448851
vn -0.4082471 -0.3876906 0.8264565
vn -0.8672575 -0.07568547 0.4920732
vn -0.7130301 -0.4236202 0.5586895
vn -0.5635502 -0.5538401 0.6129211
vn -0.6317916 -0.6384618 0.4395519
vn -0.7757818 -0.4651157 0.4264155
vn -0.6684317 -0.6640013 0.3351139
vn -0.9480526 0.1016357 0.3014406
vn -0.9246131 -0.08179796 0.372021
vn -0.8071132 -0.4628233 0.3665554
vn -0.6793683 -0.6888286 0.2529308
vn -0.8454714 -0.4471321 0.2919775
vn -0.6762184 -0.7170997 0.1688097
vn -0.9517748 -0.04926377 0.3028164
vn -0.8717925 -0.4460289 0.2025736
vn -0.6835313 -0.7230716 0.09976188
vn -0.9692431 0.08859532 0.2296057
vn -0.8875079 -0.4448752 0.1200663
vn -0.6896603 -0.7223142 0.0512918
vn -0.9751844 -0.04425241 0.2169267
vn -0.8932516 -0.4454604 0.06055195
vn -0.6962485 -0.7176577 0.01433483
vn -0.9891869 -0.05516972 0.1358879
vn -0.9671911 0.2028718 0.1529192
vn -0.8965351 -0.4426153 0.0177936
vn -0.6968045 -0.7172131 -0.00830577
vn -0.9958192 -0.06414082 0.065038
vn -0.9872874 0.0636696 0.1456358
vn -0.8419784 0.5347201 0.07174025
vn -0.9960134 0.05597756 0.06945468
vn -0.9788551 0.1912801 0.0724894
vn -0.8461635 0.5321941 0.02787181
vn -0.6454254 0.7635421 0.02072592
vn -0.9826118 0.1835759 0.02781977
vn -0.9982415 0.05319965 0.02614504
vn -0.9976173 -0.06493688 0.02329666
vn -0.8523872 0.5229098 0.001208182
vn -0.6628907 0.7487158 0.0007828419
vn -0.9829578 0.183831 -0.0002352118
vn -0.8545688 0.5186971 -0.02579819
vn -0.6618787 0.7491644 -0.02587083
vn -0.9987671 0.04960549 -0.001896459
vn -0.9841033 0.1748961 -0.03085553
vn -0.8893768 -0.4571037 -0.008076821
vn -0.8515375 0.5193663 -0.07171186
vn -0.660952 0.7476281 -0.06476688
vn -0.9963459 -0.08524948 -0.005226861
vn -0.8864537 -0.4610778 -0.04008876
vn -0.6943715 -0.7187622 -0.03505789
vn -0.9985601 0.04074814 -0.03489079
vn -0.9816763 0.1731138 -0.07964376
vn -0.8455051 0.518048 -0.1294121
vn -0.6705689 0.7302349 -0.130745
vn -0.9948378 -0.09316684 -0.04021778
vn -0.8804356 -0.4670101 -0.08206449
vn -0.6905248 -0.7198588 -0.07056058
vn -0.9766327 0.1637291 -0.1392168
vn -0.9603587 0.1289808 -0.2471337
vn -0.8279533 0.5164984 -0.2184553
vn -0.6742728 0.6795945 -0.2889765
vn -0.9958891 0.02936235 -0.08568969
vn -0.8155318 0.4627331 -0.3475428
vn -0.6650003 0.5895965 -0.4584217
vn -0.6351379 0.4869373 -0.5995764
vn -0.7970518 0.3955728 -0.4563228
vn -0.5749504 0.3517192 -0.7387325
vn -0.7682413 0.3007256 -0.5651278
vn -0.4856651 0.1886726 -0.8535408
vn -0.7463672 0.1591548 -0.6462241
vn -0.4346841 0.008780652 -0.9005402
vn -0.9727375 0.02832548 -0.2301726
vn -0.9885361 0.02216452 -0.1493489
vn -0.7589132 0.02381358 -0.6507563
vn -0.9673039 -0.08637619 -0.2384586
vn -0.9852589 -0.1035896 -0.1361394
vn -0.9903277 -0.1062724 -0.08920439
vn -0.7496172 -0.1368286 -0.647574
vn -0.5034145 -0.1892269 -0.84307
vn -0.8692951 -0.4765466 -0.1312601
vn -0.6902693 -0.7120512 -0.1284968
vn -0.7759997 -0.265995 -0.5719014
vn -0.5730775 -0.3561769 -0.7380516
vn -0.8493571 -0.4739399 -0.2323216
vn -0.7012665 -0.6571257 -0.2764255
vn -0.8030269 -0.37669 -0.4617927
vn -0.631505 -0.4936743 -0.5979024
vn -0.8315111 -0.4310565 -0.3503989
vn -0.6854222 -0.5724277 -0.4500253
vn -0.6870472 -0.5762607 -0.4425941
vn -0.5950084 -0.7431394 -0.3061186
vn -0.5191191 -0.7258996 -0.4512041
vn -0.4743023 -0.6177124 -0.6272708
vn -0.7469732 -0.5771 -0.330131
vn -0.6067504 -0.7629902 -0.2229346
vn -0.7732134 -0.5735204 -0.2705836
vn -0.6241719 -0.7617698 -0.1735401
vn -0.6253927 -0.4991352 -0.5997899
vn -0.8308359 -0.2484159 -0.4979973
vn -0.3675364 -0.4586783 -0.809031
vn -0.8952816 -0.2613943 -0.3607544
vn -0.5443033 -0.376717 -0.7495453
vn -0.220657 -0.2245131 -0.9491598
vn -0.487809 -0.2017472 -0.8493176
vn -0.1463666 -0.02647511 -0.988876
vn -0.5001529 -0.06016189 -0.8638448
vn -0.2228991 0.1463927 -0.9637868
vn -0.8054759 -0.5519631 -0.2157434
vn -0.6382036 -0.7602981 -0.1210083
vn -0.9220157 -0.2427223 -0.3016174
vn -0.9282989 -0.1027381 -0.3573599
vn -0.8606682 -0.0974945 -0.499745
vn -0.5241167 0.08380111 -0.8475134
vn -0.8278039 -0.5421023 -0.1444507
vn -0.6449963 -0.7617211 -0.06132431
vn -0.9448285 -0.2238059 -0.2391864
vn -0.600105 0.2915782 -0.7448866
vn -0.4082462 0.3876886 -0.8264579
vn -0.8672576 0.07568455 -0.4920733
vn -0.7130304 0.4236194 -0.5586897
vn -0.56355 0.5538399 -0.6129215
vn -0.6317917 0.6384614 -0.4395526
vn -0.775782 0.4651147 -0.4264161
vn -0.6684315 0.664001 -0.3351149
vn -0.9480526 -0.1016361 -0.3014404
vn -0.9246131 0.08179735 -0.3720212
vn -0.8071133 0.4628226 -0.3665562
vn -0.6793677 0.6888287 -0.2529317
vn -0.8454714 0.4471318 -0.2919782
vn -0.6762179 0.7171 -0.1688107
vn -0.9517749 0.04926331 -0.3028164
vn -0.8717924 0.4460287 -0.2025744
vn -0.6835312 0.7230715 -0.09976292
vn -0.9692431 -0.08859564 -0.2296056
vn -0.8875079 0.4448749 -0.120067
vn -0.68966 0.7223145 -0.05129288
vn -0.9751844 0.04425208 -0.2169267
vn -0.8932516 0.4454605 -0.06055263
vn -0.6962485 0.7176577 -0.0143359
vn -0.9891869 0.05516953 -0.1358879
vn -0.9671912 -0.2028721 -0.1529189
vn -0.896535 0.4426152 -0.01779428
vn -0.6968045 0.7172132 0.008304683
vn -0.9958192 0.06414071 -0.06503806
vn -0.9872874 -0.06366979 -0.1456358
vn -0.8419785 -0.5347202 -0.07173948
vn -0.9960134 -0.05597765 -0.06945463
vn -0.9788551 -0.1912803 -0.07248909
vn -0.8461635 -0.5321941 -0.02787099
vn -0.6454253 -0.7635422 -0.02072474
vn -0.9826118 -0.1835759 -0.02781947
vn -0.9982415 -0.05319967 -0.02614497
vn -0.9976173 0.06493686 -0.02329674
vn -0.8523872 -0.5229099 -0.001207389
vn -0.6628905 -0.748716 -0.0007817093
vn -0.9829578 -0.183831 0.0002355024
vn -0.8545687 -0.518697 0.02579897
vn -0.6618788 -0.7491642 0.02587197
vn -0.9987671 -0.04960549 0.001896524
vn -0.9841033 -0.174896 0.03085584
vn -0.8893768 0.4571036 0.008076114
vn -0.8515375 -0.5193663 0.07171272
vn -0.6609519 -0.747628 0.06476798
vn -0.9963459 0.08524948 0.005226749
vn -0.8864537 0.4610779 0.04008804
vn -0.6943715 0.7187623 0.03505681
vn -0.9985601 -0.0407481 0.03489085
vn -0.9816763 -0.1731137 0.07964398
vn -0.8455052 -0.5180476 0.1294128
vn -0.6705694 -0.7302342 0.130746
vn -0.9948378 0.09316691 0.04021766
vn -0.8804356 0.4670106 0.08206379
vn -0.6905245 0.7198594 0.07055952
vn -0.9766327 -0.163729 0.1392171
vn -0.9603587 -0.1289806 0.247134
vn -0.8279536 -0.5164979 0.2184557
vn -0.6742736 -0.6795934 0.2889775
vn -0.9958891 -0.02936234 0.0856897
vn -0.8155323 -0.4627323 0.3475428
vn -0.6650014 -0.5895952 0.4584219
vn -0.6351396 -0.486935 0.5995765
vn -0.7970523 -0.3955719 0.4563228
vn -0.5749512 -0.3517176 0.7387326
vn -0.7682413 -0.3007255 0.5651278
vn -0.4856649 -0.1886719 0.8535412
vn -0.7463669 -0.1591538 0.6462248
vn -0.4346796 -0.008779471 0.9005424
vn -0.9727375 -0.02832517 0.2301727
vn -0.9885361 -0.02216432 0.1493489
vn -0.7589116 -0.02381278 0.6507583
vn -0.9673039 0.08637661 0.2384584
vn -0.9852589 0.1035899 0.1361393
vn -0.9903277 0.1062726 0.08920429
vn -0.7496157 0.1368304 0.6475753
vn -0.5034125 0.1892289 0.8430707
vn -0.8692952 0.4765469 0.1312593
vn -0.6902696 0.712051 0.1284959
vn -0.7759997 0.265996 0.5719008
vn -0.5730777 0.3561771 0.7380514
vn -0.8493573 0.47394 0.2323207
vn -0.7012669 0.6571256 0.2764248
vn -0.8030269 0.3766905 0.4617924
vn -0.6315051 0.4936747 0.5979018
vn -0.8315113 0.4310569 0.3503983
vn -0.6854224 0.5724279 0.4500251
vn -0.009117604 -0.009117593 -0.9999169
vn -0.002017101 -0.01273546 -0.9999169
vn 0 0 -1
vn -0.01273548 -0.002017104 -0.9999169
vn 0.005853863 -0.01148884 -0.9999169
vn -0.01148884 0.005853853 -0.9999169
vn 0.01148884 -0.005853854 -0.9999169
vn -0.005853854 0.01148884 -0.9999169
vn 0.01273548 0.002017104 -0.9999169
vn 0.002017104 0.01273548 -0.9999169
vn 0.0091176 0.0091176 -0.9999169
vn -0.1911679 -0.2746026 -0.9423632
vn -0.1801807 -0.3485237 -0.9198185
vn -0.1046353 -0.1641279 -0.9808739
vn -0.2362658 -0.5191748 -0.8213623
vn -0.1516379 0.004269462 -0.9884269
vn -0.07924271 0.004029986 -0.9968472
vn -0.1035172 0.1688802 -0.9801855
vn -0.1914938 0.2762541 -0.9418141
vn -0.17433 0.3472738 -0.9214174
vn -0.2973962 -0.5686436 -0.766942
vn -0.4017067 -0.7066886 -0.5824285
vn -0.3275429 0.003138542 -0.9448311
vn -0.2985194 0.5692033 -0.7660899
vn -0.2328261 0.5256288 -0.8182337
vn -0.4017067 0.7066886 -0.5824285
vn -0.4582729 0.8140659 -0.3567669
vn -0.5130971 0.8213114 -0.249357
vn -0.5270025 0.8497954 -0.01078036
vn -0.3448151 0.2603053 -0.9018557
vn -0.3439289 -0.257917 -0.9028797
vn -0.4518521 -0.8151811 -0.3623665
vn -0.5130971 -0.8213114 -0.249357
vn -0.5240015 -0.8516048 -0.01384526
vn -0.5176111 0.8553625 -0.02082826
vn -0.5066599 0.8383828 0.2010225
vn -0.4595744 0.577328 -0.6748953
vn -0.6247184 0.001104078 -0.7808494
vn -0.4596221 -0.5769812 -0.6751593
vn -0.5624865 0.1607705 -0.811025
vn -0.8629888 -5.492909E-05 -0.5052231
vn -0.5624697 -0.1606707 -0.8110566
vn -0.7465847 0.3131283 -0.5869941
vn -0.6241952 0.7164976 -0.3114668
vn -0.7464451 -0.3132579 -0.5871024
vn -0.6292058 -0.7071207 -0.322615
vn -0.7030682 0.710142 -0.03732842
vn -0.8981182 0.3382509 -0.2810159
vn -0.8981182 -0.3382509 -0.2810159
vn -0.5128931 -0.858355 -0.01293264
vn -0.9787624 0 -0.2049975
vn -0.7091979 -0.704379 -0.02980881
vn -0.5140461 -0.836111 0.1915076
vn -0.5040063 -0.8390857 0.2047267
vn -0.9475713 0.3132534 -0.06309537
vn -0.9475713 -0.3132534 -0.06309537
vn -0.7115885 -0.6857563 0.1529052
vn -0.6601595 -0.6929945 0.2897377
vn -0.4933566 -0.809402 0.31854
vn -0.4762588 -0.8093829 0.3436231
vn -0.9479886 -0.309906 0.07263563
vn -0.9991189 0 -0.04196915
vn -0.4563963 -0.7623613 0.4588111
vn -0.4290548 -0.7634507 0.4827577
vn -0.9479886 0.309906 0.07263539
vn -0.999952 0 0.009808553
vn -0.9220089 -0.3539604 0.1568812
vn -0.4355696 -0.6258647 0.6469717
vn -0.3766754 -0.6134312 0.6941311
vn -0.4110472 -0.348377 0.8424213
vn -0.3489846 -0.3430792 0.8720702
vn -0.6159798 -0.4329424 0.6581259
vn -0.5964904 -0.6522522 0.4677245
vn -0.8854411 -0.3723555 0.2781105
vn -0.9973589 3.162139E-07 0.0726309
vn -0.3955838 0.008954939 0.9183863
vn -0.3468789 0.009045332 0.9378663
vn -0.8320467 -0.2520241 0.4941479
vn -0.627515 0.0084126 0.7785591
vn -0.409504 0.3591545 0.8386385
vn -0.3518127 0.351842 0.8674302
vn -0.3767595 0.6173269 0.6906228
vn -0.9833815 -0.0001624997 0.1815513
vn -0.8597163 0.0009739097 0.5107708
vn -0.4345256 0.6296439 0.6440001
vn -0.4290625 0.7634416 0.4827653
vn -0.6155059 0.4398288 0.6539901
vn -0.4560196 0.7628427 0.4583853
vn -0.4762588 0.8093829 0.3436231
vn -0.8313786 0.2525764 0.4949895
vn -0.8855379 0.3725531 0.2775367
vn -0.5969775 0.6531543 0.4658406
vn -0.6601592 0.6929947 0.2897383
vn -0.4933566 0.809402 0.31854
vn -0.9220082 0.3539611 0.1568829
vn -0.5125417 0.8374066 0.1898717
vn -0.7115885 0.6857563 0.1529052
vn 0.2297912 -0.97324 0.0002864191
vn 0.2293149 -0.9733523 -1.11993E-05
vn 0.2295939 -0.9732864 0.0004851736
vn 0.2298537 -0.9732252 1.564995E-06
vn 0.2293129 -0.9733526 0.0005622063
vn 0.2298014 -0.9732376 -0.0002895835
vn 0.2290393 -0.9734171 0.000487798
vn 0.2296044 -0.9732838 -0.0004999323
vn 0.2288367 -0.9734648 0.0002666771
vn 0.2293129 -0.9733526 -0.0005831334
vn 0.2287624 -0.9734823 1.151187E-06
vn 0.2290288 -0.9734195 -0.0005026378
vn 0.2288271 -0.9734671 -0.0002690373
vn -0.2344862 -0.9721192 0.0006773415
vn -0.2240852 -0.9744564 -0.01485498
vn -0.2207783 -0.9753225 0.001648496
vn -0.2273134 -0.9737214 -0.01396862
vn -0.1985544 -0.9800155 -0.01207502
vn -0.2353323 -0.9714286 -0.03074718
vn -0.2228176 -0.9744702 -0.02756905
vn -0.220359 -0.9748875 -0.03219183
vn -0.2401759 -0.9703213 -0.02814385
vn -0.1985142 -0.9799545 -0.01677144
vn -0.2325737 -0.9724782 -0.01399099
vn -0.2232015 -0.9747677 -0.00300001
vn -0.239271 -0.9709508 -0.001970727
vn -0.511002 -0.1698134 -0.842639
vn -0.2902569 0.08708345 -0.9529783
vn -0.5359256 0.05126668 -0.8427073
vn -0.4629222 0.3344232 -0.8208923
vn -0.2237648 -0.2514409 -0.941651
vn -0.396796 -0.4559119 -0.7966789
vn -0.1274666 0.3958218 -0.909438
vn -0.2462725 0.6271721 -0.7389215
vn 0.02731073 -0.5377483 -0.8426629
vn -0.1471009 -0.7069411 -0.6918061
vn 0.2068184 0.5792212 -0.7884979
vn 0.08753864 0.8020561 -0.5907986
vn 0.4740379 0.767021 -0.4323967
vn 0.5832333 0.5191635 -0.6247466
vn 0.7886253 0.5467052 -0.2813957
vn 0.8342789 0.258721 -0.4868699
vn 0.9534533 0.2128522 -0.2135899
vn 0.9745672 -0.1141009 -0.1928721
vn 0.2603077 0.4134195 -0.872539
vn 0.3929411 -0.5894555 -0.7057899
vn 0.2114401 -0.8036417 -0.5562851
vn 0.5980428 -0.7128135 -0.3663902
vn 0.7314761 -0.4128092 -0.5427073
vn 0.8660312 -0.430369 -0.2545043
vn 0.4020666 -0.3921525 -0.8273807
vn 0.8961563 -0.09623339 -0.4331779
vn 0.6472867 -0.2890497 -0.7053157
vn 0.7584168 -0.06965005 -0.6480379
vn 0.5385062 0.3703391 -0.7568752
vn 0.1444815 -0.3534967 -0.9242106
vn 0.502374 -0.196869 -0.8419399
vn 0.7280801 0.2008025 -0.6554218
vn 0.6063545 0.08259324 -0.7908936
vn 0.3471485 0.2486893 -0.9042353
vn -0.04522951 -0.170506 -0.984318
vn 0.2024058 -0.1909747 -0.9605002
vn 0.3666051 -0.0001003261 -0.9303766
vn 0.1015042 0.07756824 -0.9918065
vn 0.0302804 0.2847187 -0.9581327
vn -0.1021254 0.05835972 -0.9930581
vn -0.100191 -0.228554 -0.968362
vn -0.1043198 -0.1019571 -0.9893038
vn -0.2722567 -0.1665636 -0.9476987
vn -0.1935048 -0.3250253 -0.9256967
vn -0.2707363 -0.364891 -0.8908178
vn -0.2334998 0.05784234 -0.9706349
vn -0.5093023 -1.895578E-07 -0.8605877
vn -0.07257443 -0.01420489 -0.9972619
vn -0.06368348 0.1261551 -0.9899643
vn -0.1466485 0.2207018 -0.9642536
vn -0.436217 -0.2933977 -0.8506659
vn -0.341853 -0.4493778 -0.825346
vn -0.4681494 -0.445449 -0.7631589
vn -0.5484141 -0.414077 -0.7264863
vn -0.3426526 0.2483647 -0.9060376
vn -0.1762134 0.3049366 -0.9359287
vn -0.2537246 0.4069668 -0.8774974
vn -0.3729261 0.4140759 -0.8303418
vn -0.6293378 -0.2483646 -0.7363755
vn -0.6471131 -0.406967 -0.6446878
vn -0.7356355 -0.304935 -0.6048595
vn -0.7746911 -0.2207013 -0.5925745
vn -0.5357747 0.2933985 -0.7917467
vn -0.4437017 0.44545 -0.7776266
vn -0.5589887 0.4493838 -0.6968399
vn -0.6506042 0.3648929 -0.6660085
vn -0.7384902 -0.05784263 -0.6717786
vn -0.8371516 -0.1261554 -0.5322236
vn -0.8392714 0.01420424 -0.543527
vn -0.8170198 0.1019579 -0.5675239
vn -0.6997355 0.1665635 -0.6947135
vn -0.7183478 0.3250245 -0.6150899
vn -0.8006508 0.2285577 -0.5538227
vn -0.2057843 -0.5852545 0.7843022
vn 0.2577635 -0.4730629 0.8424782
vn -0.06288018 -0.7034919 0.7079161
vn 0.1068899 -0.7945297 0.5977433
vn 0.1225575 -0.3797958 0.9169158
vn -0.3230542 -0.4115988 0.8521869
vn 0.02213182 -0.1879593 0.9819275
vn -0.3864569 -0.2042377 0.8994098
vn -0.4166036 -0.006157593 0.9090673
vn 0.4447962 -0.5241852 0.7262136
vn 0.2956809 -0.8215145 0.4875312
vn 0.3004076 -0.1458095 0.9426001
vn -0.01743427 -0.01292499 0.9997645
vn -0.394046 0.2124436 0.894201
vn 0.4468316 -0.2627139 0.8551742
vn 0.597874 -0.4810519 0.6411987
vn 0.4697328 -0.7906517 0.3927098
vn 0.6439322 -0.7120372 0.2799184
vn 0.264637 0.05100325 0.9629984
vn 0.02900651 0.2072479 0.9778582
vn -0.3114498 0.4146565 0.8550199
vn -0.2132813 0.5765428 0.7887392
vn 0.7605205 -0.3615159 0.5393652
vn 0.7940426 -0.5765433 0.1925982
vn 0.6165445 -0.2215408 0.7555081
vn 0.8432304 -0.2072465 0.4959953
vn 0.899386 -0.414656 0.1384387
vn 0.973479 -0.212443 0.08489219
vn 0.4712124 -0.1011885 0.8761962
vn 0.1068282 0.3615165 0.9262254
vn -0.06449685 0.712037 0.6991733
vn 0.8847815 0.0129255 0.4658268
vn 0.997366 0.006159378 0.07227194
vn 0.4191812 0.04072766 0.9069886
vn 0.3655817 0.221542 0.9040294
vn 0.2743632 0.481052 0.8326546
vn 0.1182028 0.790651 0.6007488
vn 0.2850804 0.8215138 0.4938058
vn 0.7168137 -0.0510035 0.6953969
vn 0.8501058 0.1879586 0.4919266
vn 0.9743928 0.2042385 0.09404939
vn 0.9024879 0.4115956 0.1269043
vn 0.4225498 0.5241854 0.739379
vn 0.4725427 0.7945292 0.3813486
vn 0.534618 0.2627146 0.8032214
vn 0.6144728 0.4730619 0.631376
vn 0.6508157 0.7034934 0.2855447
vn 0.7865468 0.5852535 0.1970342
vn 0.7447897 0.3797949 0.5486749
vn 0.6817188 0.1458093 0.7169373
vn 0.5413134 0.1011887 0.8347099
vn 0.5933444 -0.04072899 0.8039176
vn 0.1001911 -0.228554 -0.968362
vn 0.2722565 -0.1665631 -0.9476988
vn 0.1043206 -0.1019565 -0.9893038
vn 0.193505 -0.3250252 -0.9256967
vn 0.2707364 -0.364891 -0.8908178
vn 0.2335002 0.05784214 -0.9706348
vn 0.5093017 -2.332788E-07 -0.860588
vn 0.07257652 -0.01420484 -0.9972616
vn 0.0636856 0.1261546 -0.9899643
vn 0.1466493 0.2207008 -0.9642537
vn 0.4362169 -0.2933974 -0.8506661
vn 0.3418522 -0.4493777 -0.8253464
vn 0.4681498 -0.4454475 -0.7631595
vn 0.5484146 -0.4140761 -0.7264863
vn 0.3426526 0.2483645 -0.9060377
vn 0.1762134 0.3049366 -0.9359287
vn 0.2537248 0.4069669 -0.8774974
vn 0.3729258 0.4140752 -0.8303422
vn 0.6293375 -0.2483645 -0.7363759
vn 0.6471125 -0.4069668 -0.6446887
vn 0.735635 -0.3049334 -0.6048609
vn 0.7746907 -0.2207011 -0.5925751
vn 0.5357744 0.2933982 -0.791747
vn 0.4437016 0.4454479 -0.7776279
vn 0.5589894 0.4493829 -0.6968399
vn 0.6506035 0.3648932 -0.6660091
vn 0.7384897 -0.05784299 -0.6717789
vn 0.8371512 -0.1261559 -0.5322242
vn 0.8392708 0.01420494 -0.543528
vn 0.81702 0.1019585 -0.5675234
vn 0.6997355 0.1665636 -0.6947135
vn 0.7183477 0.3250246 -0.6150899
vn 0.8006518 0.228558 -0.5538211
vn -0.2577639 -0.4730629 0.842478
vn 0.2057844 -0.5852544 0.7843023
vn 0.06288017 -0.703492 0.7079161
vn -0.1068899 -0.7945298 0.5977432
vn -0.1225576 -0.379796 0.9169158
vn 0.3230542 -0.4115988 0.8521869
vn -0.02213186 -0.1879588 0.9819276
vn 0.3864576 -0.2042373 0.8994097
vn 0.416604 -0.006157378 0.9090673
vn -0.4447963 -0.5241851 0.7262136
vn -0.2956809 -0.8215142 0.4875318
vn -0.3004078 -0.1458092 0.9426001
vn 0.01743445 -0.01292473 0.9997645
vn 0.3940465 0.2124431 0.894201
vn -0.4468315 -0.2627142 0.8551742
vn -0.5978737 -0.4810519 0.6411989
vn -0.4697329 -0.7906516 0.3927099
vn -0.643932 -0.7120372 0.2799187
vn -0.2646373 0.05100309 0.9629983
vn -0.02900643 0.2072473 0.9778585
vn 0.3114498 0.4146563 0.85502
vn 0.2132813 0.5765431 0.788739
vn -0.76052 -0.3615164 0.5393655
vn -0.7940425 -0.5765434 0.1925984
vn -0.6165441 -0.2215413 0.7555084
vn -0.8432302 -0.2072463 0.4959958
vn -0.8993859 -0.4146561 0.138439
vn -0.973479 -0.2124429 0.08489244
vn -0.4712117 -0.1011884 0.8761966
vn -0.4191808 0.0407281 0.9069887
vn -0.3655818 0.2215414 0.9040295
vn -0.8847814 0.0129254 0.465827
vn -0.9973659 0.006159191 0.07227235
vn -0.7168135 -0.05100365 0.695397
vn -0.593344 -0.04072878 0.803918
vn -0.8501056 0.1879585 0.4919269
vn -0.9743928 0.2042385 0.0940496
vn -0.9024878 0.4115957 0.1269046
vn -0.5413125 0.1011887 0.8347105
vn -0.6817183 0.1458093 0.7169378
vn -0.7447893 0.3797954 0.5486751
vn -0.7865468 0.5852534 0.1970344
vn -0.6144725 0.473062 0.6313761
vn -0.6508157 0.7034932 0.2855455
vn -0.4725426 0.7945291 0.381349
vn -0.5346177 0.2627146 0.8032217
vn -0.4225504 0.5241853 0.7393788
vn -0.2850805 0.8215135 0.4938062
vn -0.2743635 0.481052 0.8326545
vn -0.1182027 0.7906513 0.6007486
vn 0.06449724 0.7120371 0.6991733
vn -0.1068281 0.3615164 0.9262255
vn 0.2902569 0.08708342 -0.9529783
vn 0.5110016 -0.1698136 -0.8426391
vn 0.535926 0.05126682 -0.842707
vn 0.4629222 0.3344232 -0.8208924
vn 0.2237649 -0.2514409 -0.941651
vn 0.3967965 -0.4559119 -0.7966787
vn 0.1274668 0.3958218 -0.9094379
vn 0.2462723 0.627172 -0.7389216
vn -0.02731065 -0.5377483 -0.8426629
vn 0.1471008 -0.7069411 -0.6918061
vn -0.2068185 0.5792213 -0.7884979
vn -0.08753853 0.8020561 -0.5907986
vn -0.4740378 0.7670211 -0.4323967
vn -0.5832334 0.5191635 -0.6247466
vn -0.7886253 0.5467052 -0.2813957
vn -0.8342787 0.2587209 -0.48687
vn -0.9534534 0.2128523 -0.2135895
vn -0.9745672 -0.1141009 -0.1928723
vn -0.2603077 0.4134195 -0.872539
vn -0.3929412 -0.5894555 -0.7057899
vn -0.2114402 -0.8036417 -0.5562852
vn -0.598043 -0.7128134 -0.3663901
vn -0.7314761 -0.412809 -0.5427075
vn -0.8660312 -0.430369 -0.2545043
vn -0.4020667 -0.3921526 -0.8273807
vn -0.8961562 -0.09623363 -0.4331781
vn -0.6472867 -0.2890498 -0.7053155
vn -0.758417 -0.06965026 -0.6480376
vn -0.5385062 0.3703391 -0.7568752
vn -0.1444813 -0.3534968 -0.9242106
vn -0.5023742 -0.196869 -0.8419399
vn -0.7280801 0.2008026 -0.6554219
vn -0.6063547 0.08259337 -0.7908934
vn -0.3471485 0.2486892 -0.9042353
vn 0.04522948 -0.170506 -0.984318
vn -0.2024057 -0.1909746 -0.9605002
vn -0.366605 -0.000100306 -0.9303766
vn -0.1015042 0.07756822 -0.9918065
vn -0.03028046 0.2847187 -0.9581327
vn 0.1021253 0.05835973 -0.9930582
vn 0.9704472 -0.201716 0.1324493
vn 0.892671 -0.4502601 0.02010408
vn 0.8844517 -0.4534518 0.1101211
vn 0.8900392 -0.4480683 0.0840538
vn 0.9726225 -0.2184902 0.07916775
vn 0.9881863 -0.02690984 0.1508764
vn 0.913067 -0.3767949 -0.1559945
vn 0.9767442 -0.1939102 0.09148644
vn 0.9821123 -0.1830072 -0.04431608
vn 0.9052006 -0.2740204 -0.3248456
vn 0.9865292 -0.03034477 0.1607459
vn 0.9802647 -0.1276821 -0.1509257
vn 0.8704761 -0.116448 -0.4782377
vn 0.9635379 -0.01537284 -0.2671299
vn 0.9343768 0.05460434 -0.3520772
vn 0.8500429 0.003411034 -0.5267023
vn 0.8246812 -0.01763017 -0.565323
vn 0.9720357 -0.01911659 -0.2340536
vn 0.7996036 -0.02241008 -0.6001098
vn 0.9248604 -0.08040453 -0.3717099
vn 0.9509363 -0.01696041 -0.3089219
vn 0.8278282 0.07123119 -0.5564411
vn 0.973328 0.1150519 -0.1984836
vn 0.8758036 0.2170507 -0.4311115
vn 0.9856307 0.1475356 -0.082252
vn 0.9196559 0.3068283 -0.2451316
vn 0.9141392 0.4050986 -0.01563974
vn 0.9833913 0.1654095 0.07470795
vn 0.9180645 0.3798784 0.1133578
vn 0.9824223 0.131697 0.1322965
vn 0.9260227 0.3695709 0.07680758
vn 0.9890578 0.1221559 0.08271948
vn 0.927282 0.3732165 0.02928135
vn 0.9955934 -0.03135818 0.08837642
vn 0.9923871 0.118839 0.03233153
vn 0.9301262 0.36724 -0.0001202456
vn 0.9983464 -0.04102887 0.04026111
vn 0.9772678 -0.2073957 0.04398458
vn 0.8879807 -0.4583181 0.03788007
vn 0.8964989 -0.4429175 0.01067172
vn 0.9794392 -0.2014597 0.01062387
vn 0.8892949 -0.4570606 -0.01581123
vn 0.9986907 -0.05106964 0.002992335
vn 0.993634 0.1126543 -0.0006240572
vn 0.9754664 -0.219126 -0.02119492
vn 0.9935666 0.1101049 -0.02650199
vn 0.9323502 0.3607759 -0.02374467
vn 0.9978848 -0.05916165 -0.02694021
vn 0.9711666 -0.2302336 -0.06187068
vn 0.8783924 -0.4747559 -0.05507762
vn 0.9909388 0.1104379 -0.07644527
vn 0.9263334 0.3700359 -0.07056926
vn 0.9956452 -0.06195102 -0.06966246
vn 0.9635765 -0.2343319 -0.1288755
vn 0.8718647 -0.4758034 -0.1160307
vn 0.9817546 0.09611534 -0.1640723
vn 0.919902 0.3594149 -0.1568474
vn 0.9869151 -0.07194368 -0.1443012
vn 0.9448278 -0.2445983 -0.2178809
vn 0.8529635 -0.4840973 -0.1951999
vn 0.9631639 0.07448333 -0.2583942
vn 0.9071068 0.3408828 -0.2468932
vn 0.9681709 -0.08654847 -0.2348499
vn 0.9216743 -0.2424739 -0.3028579
vn 0.8306943 -0.4848751 -0.2735744
vn 0.9427769 0.06269769 -0.3274761
vn 0.8887491 0.3377187 -0.3099538
vn 0.9473214 -0.09512501 -0.3058323
vn 0.9098833 -0.2313392 -0.3443756
vn 0.8282527 -0.4777201 -0.2928841
vn 0.9231225 -0.09739045 -0.3719678
vn 0.9365535 0.08399696 -0.3403116
vn 0.8798528 0.3771954 -0.2891068
vn 0.9231028 -0.2362237 -0.3034461
vn 0.9571169 0.1003163 -0.2717791
vn 0.9621657 -0.2147568 -0.1676805
vn 0.8583565 -0.4740771 -0.196151
vn 0.9212407 0.3527937 -0.1638661
vn 0.9183599 -0.395245 0.0199104
vn 0.9638323 0.2649429 0.02885711
vn 0.9969491 -0.07303971 -0.02752558
vn 0.96206 -0.1683065 0.2147408
vn 0.9678423 -0.04321037 0.2478186
vn 0.9846476 0.06372737 -0.162505
vn 0.9696217 0.08781318 0.2283038
vn 0.9996808 0.01214204 -0.02215556
vn 0.9719929 -0.1106084 0.2073536
vn 0.9972968 -0.0671986 -0.02972622
vn 0.946289 -0.1037575 0.3062214
vn 0.9823176 -0.1871773 -0.004096069
vn 0.9868609 -0.1179362 -0.1104374
vn 0.9704472 0.2017158 -0.1324496
vn 0.8926712 0.45026 -0.02010452
vn 0.8844518 0.4534515 -0.1101218
vn 0.8900388 0.4480689 -0.08405454
vn 0.9726225 0.2184902 -0.07916796
vn 0.9881863 0.02690962 -0.1508764
vn 0.9130672 0.3767948 0.1559941
vn 0.9767441 0.1939104 -0.09148667
vn 0.9821123 0.183007 0.04431575
vn 0.9052007 0.2740206 0.3248451
vn 0.9865292 0.03034464 -0.160746
vn 0.9802647 0.1276824 0.1509255
vn 0.8704761 0.1164481 0.4782375
vn 0.963538 0.01537321 0.2671297
vn 0.9343765 -0.05460304 0.3520781
vn 0.8500419 -0.003409612 0.5267041
vn 0.824681 0.01763078 0.5653232
vn 0.9720357 0.01911685 0.2340534
vn 0.7996051 0.02241176 0.6001078
vn 0.924861 0.08040623 0.3717081
vn 0.9509361 0.01696089 0.3089219
vn 0.8278285 -0.07123009 0.5564408
vn 0.9733284 -0.1150502 0.198483
vn 0.8758041 -0.2170479 0.4311117
vn 0.9856306 -0.1475359 0.08225272
vn 0.9196557 -0.3068284 0.2451321
vn 0.9141392 -0.4050988 0.01564058
vn 0.9833913 -0.1654094 -0.07470796
vn 0.9180647 -0.379878 -0.1133573
vn 0.9824223 -0.1316969 -0.1322964
vn 0.9260228 -0.3695707 -0.07680693
vn 0.9890578 -0.1221559 -0.08271936
vn 0.927282 -0.3732167 -0.02928077
vn 0.9955934 0.03135803 -0.08837646
vn 0.9923869 -0.1188391 -0.03233135
vn 0.9301262 -0.3672399 0.0001207992
vn 0.9983464 0.04102881 -0.0402612
vn 0.9772678 0.2073954 -0.04398489
vn 0.8879808 0.4583178 -0.03788077
vn 0.896499 0.4429173 -0.0106724
vn 0.9794392 0.2014595 -0.01062417
vn 0.8892949 0.4570606 0.01581052
vn 0.9986907 0.05106964 -0.00299241
vn 0.9936341 -0.1126543 0.0006242237
vn 0.9754664 0.219126 0.0211946
vn 0.9935666 -0.110105 0.02650214
vn 0.9323502 -0.3607761 0.02374521
vn 0.9978848 0.05916169 0.02694012
vn 0.9711666 0.2302336 0.06187034
vn 0.8783925 0.4747558 0.05507689
vn 0.9909388 -0.1104378 0.07644543
vn 0.9263334 -0.3700357 0.07056989
vn 0.9956452 0.06195113 0.06966236
vn 0.9635766 0.2343318 0.1288752
vn 0.871865 0.475803 0.11603
vn 0.9817546 -0.09611522 0.1640724
vn 0.919902 -0.3594149 0.156848
vn 0.9869151 0.07194392 0.1443011
vn 0.9448279 0.2445986 0.2178805
vn 0.8529636 0.4840976 0.1951991
vn 0.9631639 -0.07448311 0.2583944
vn 0.9071066 -0.3408827 0.2468937
vn 0.9681709 0.08654883 0.2348498
vn 0.9216743 0.2424742 0.3028576
vn 0.8306945 0.4848754 0.2735737
vn 0.942777 -0.06269746 0.3274762
vn 0.8887488 -0.3377187 0.3099543
vn 0.9473214 0.09512548 0.3058321
vn 0.9098834 0.2313396 0.3443752
vn 0.828253 0.4777201 0.2928833
vn 0.9231224 0.09739106 0.3719678
vn 0.9365535 -0.08399662 0.3403118
vn 0.8798526 -0.3771954 0.2891074
vn 0.9231029 0.2362236 0.3034459
vn 0.9571169 -0.1003163 0.2717791
vn 0.9621657 0.2147569 0.1676803
vn 0.8583567 0.4740766 0.1961506
vn 0.9212406 -0.3527938 0.1638664
vn 0.91836 0.3952448 -0.01991067
vn 0.9638323 -0.2649429 -0.02885693
vn 0.9969491 0.07303967 0.02752486
vn 0.96206 0.168306 -0.2147413
vn 0.9678423 0.0432095 -0.2478188
vn 0.9846476 -0.06372707 0.1625052
vn 0.9696218 -0.08781322 -0.2283038
vn 0.9996808 -0.01214205 0.02215688
vn 0.9719929 0.1106081 -0.2073537
vn 0.9972966 0.06719862 0.02972625
vn 0.946289 0.1037572 -0.3062214
vn 0.9823176 0.1871773 0.004096394
vn 0.9868611 0.1179364 0.110437
vn -0.3797762 -0.08224273 -0.9214154
vn -0.6420411 0.04359339 -0.7654297
vn -0.3656214 -0.04258097 -0.9297892
vn -0.6275656 0.08422378 -0.7739947
vn -0.402282 -0.1162945 -0.9080995
vn -0.6469912 -4.66398E-07 -0.7624974
vn -0.3608346 1.990313E-06 -0.9326298
vn -0.6045314 0.119114 -0.7876254
vn -0.4315894 -0.1424487 -0.8907519
vn -0.6420463 -0.04359716 -0.7654253
vn -0.3656439 0.04257017 -0.9297808
vn -0.5745062 0.1458782 -0.8053955
vn -0.4657344 -0.1588607 -0.8705485
vn -0.6275648 -0.08421999 -0.7739957
vn -0.3797791 0.08224148 -0.9214143
vn -0.5395447 0.1627118 -0.8260849
vn -0.502365 -0.1644536 -0.8488724
vn -0.6045322 -0.1191131 -0.7876248
vn -0.4022867 0.1162961 -0.9080972
vn -0.5020228 0.1684529 -0.8482905
vn -0.538999 -0.1588678 -0.8271887
vn -0.5745032 -0.1458741 -0.8053984
vn -0.4315829 0.1424492 -0.8907549
vn -0.4645045 0.162706 -0.8704954
vn -0.5731425 -0.142442 -0.8069808
vn -0.539543 -0.1627063 -0.8260871
vn -0.4657347 0.1588639 -0.8705478
vn -0.429547 0.1458776 -0.8911842
vn -0.6024562 -0.1163044 -0.7896327
vn -0.5020252 -0.1684458 -0.8482905
vn -0.5023679 0.1644744 -0.8488668
vn -0.39952 0.1191088 -0.9089538
vn -0.6249475 -0.08224213 -0.7763227
vn -0.4645078 -0.1626995 -0.870495
vn -0.5390004 0.1588932 -0.8271829
vn -0.376487 0.0842182 -0.922586
vn -0.6390885 -0.04256905 -0.7679543
vn -0.4295461 -0.1458713 -0.8911855
vn -0.5731428 0.1424446 -0.8069801
vn -0.3620018 0.0435965 -0.9311574
vn -0.6439065 -9.842053E-07 -0.7651042
vn -0.3995273 -0.1191017 -0.9089515
vn -0.6024642 0.1163243 -0.7896237
vn -0.3570627 0 -0.9340804
vn -0.6390877 0.04256969 -0.7679548
vn -0.3764818 -0.08422087 -0.9225879
vn -0.6249389 0.08222844 -0.776331
vn -0.362002 -0.04359772 -0.9311572
vn -0.1513225 -0.517418 -0.8422471
vn -0.04483151 -0.4224712 -0.9052669
vn 0.03688107 -0.2987322 -0.9536241
vn 0.08824554 -0.1546359 -0.9840226
vn 0.1057625 6.667348E-07 -0.9943914
vn 0.08824676 0.1546356 -0.9840225
vn -0.2753305 -0.5771068 -0.7688568
vn 0.03687916 0.2987316 -0.9536244
vn -0.4084069 -0.5974635 -0.6901023
vn -0.04483236 0.4224715 -0.9052667
vn -0.541484 -0.5771055 -0.6113464
vn -0.1513247 0.5174188 -0.8422462
vn -0.665493 -0.5174209 -0.5379542
vn -0.2753278 0.5771077 -0.7688572
vn -0.7719803 -0.4224707 -0.4749367
vn -0.4084045 0.5974685 -0.6900994
vn -0.8536928 -0.2987323 -0.4265768
vn -0.5414855 0.5771073 -0.6113433
vn -0.9050565 -0.1546366 -0.3961822
vn -0.6654928 0.5174218 -0.5379534
vn -0.9225802 2.359006E-06 -0.3858053
vn -0.7719806 0.4224706 -0.4749364
vn -0.9050604 0.1546377 -0.396173
vn -0.8536926 0.2987336 -0.426576
vn -0.8886485 -0.4559578 0.04905463
vn -0.9670489 -0.2360208 0.09544917
vn -0.9937896 3.027581E-06 0.111275
vn -0.9670497 0.2360205 0.09544165
vn -0.8886487 0.4559575 0.04905175
vn -0.7639346 0.6448182 -0.02476421
vn -0.763932 -0.6448218 -0.02475416
vn -0.601397 0.7897426 -0.1209462
vn -0.6013979 -0.7897421 -0.1209462
vn -0.4121247 0.8808418 -0.2329613
vn -0.4121243 -0.8808413 -0.2329641
vn -0.2090036 0.9119178 -0.353162
vn -0.2090059 -0.9119161 -0.3531648
vn -0.005884846 0.880847 -0.4733644
vn -0.005889867 -0.8808407 -0.473376
vn 0.1833826 0.7897418 -0.5853878
vn 0.1833852 -0.7897432 -0.585385
vn 0.3459143 0.6448193 -0.6815801
vn 0.3459252 -0.6448227 -0.6815712
vn 0.4706404 0.4559573 -0.755381
vn 0.4706404 -0.4559578 -0.7553807
vn 0.549032 0.2360222 -0.8017839
vn 0.5490305 -0.2360189 -0.8017859
vn 0.5757763 -4.700671E-07 -0.8176073
vn 0.5542334 -0.7035244 -0.4448356
vn 0.3768954 -0.8616346 -0.3399053
vn 0.6902965 -0.4974647 -0.5253757
vn 0.7758201 -0.2575054 -0.5760158
vn 0.1703884 -0.9610287 -0.2176963
vn 0.8050051 -1.371228E-06 -0.5932678
vn 0.7758237 0.2575064 -0.5760105
vn -0.05121759 -0.9949303 -0.08654605
vn 0.6902952 0.497464 -0.5253781
vn -0.2728286 -0.9610285 0.04459694
vn 0.554215 0.7035222 -0.4448621
vn -0.4793316 -0.8616346 0.1668148
vn 0.3768942 0.861635 -0.3399057
vn -0.6566575 -0.7035207 0.271771
vn 0.1703984 0.9610308 -0.2176792
vn -0.792729 -0.4974656 0.3522906
vn -0.05121849 0.9949307 -0.08654237
vn -0.8782681 -0.2575087 0.4029075
vn -0.2728302 0.961028 0.04459685
vn -0.9074481 1.335656E-06 0.4201643
vn -0.4793312 0.8616353 0.1668119
vn -0.8782757 0.2575043 0.4028938
vn -0.656663 0.7035224 0.2717536
vn -0.7927291 0.497466 0.3522899
vn 0.6420438 0.04359421 -0.7654276
vn 0.3797823 -0.08223806 -0.9214132
vn 0.3656293 -0.04257861 -0.9297861
vn 0.6275675 0.0842258 -0.7739928
vn 0.4022834 -0.1162928 -0.9080991
vn 0.646992 -8.718388E-07 -0.7624968
vn 0.3608367 9.348768E-07 -0.932629
vn 0.604531 0.119113 -0.7876257
vn 0.4315902 -0.142447 -0.8907518
vn 0.6420494 -0.04359779 -0.7654226
vn 0.3656525 0.04256888 -0.9297774
vn 0.5745057 0.1458785 -0.8053959
vn 0.465735 -0.1588588 -0.8705485
vn 0.6275671 -0.08422134 -0.7739937
vn 0.3797849 0.08223764 -0.9214122
vn 0.5395448 0.1627126 -0.8260847
vn 0.5023648 -0.1644516 -0.848873
vn 0.6045313 -0.1191129 -0.7876256
vn 0.4022873 0.1162942 -0.9080972
vn 0.502022 0.1684539 -0.8482907
vn 0.5389963 -0.158862 -0.8271915
vn 0.5745031 -0.1458746 -0.8053986
vn 0.4315837 0.1424474 -0.8907549
vn 0.4645038 0.162707 -0.8704957
vn 0.5731452 -0.1424464 -0.806978
vn 0.5395432 -0.1627071 -0.8260869
vn 0.4657353 0.1588622 -0.8705479
vn 0.4295487 0.1458748 -0.8911837
vn 0.6024547 -0.1163037 -0.789634
vn 0.5020254 -0.1684459 -0.8482903
vn 0.5023679 0.1644744 -0.8488668
vn 0.3995208 0.1191083 -0.9089534
vn 0.6249522 -0.08224324 -0.7763187
vn 0.4645076 -0.162699 -0.8704951
vn 0.5390002 0.1588938 -0.8271829
vn 0.3764894 0.08421715 -0.922585
vn 0.6390841 -0.04256925 -0.7679579
vn 0.4295465 -0.1458679 -0.8911859
vn 0.5731431 0.1424504 -0.8069789
vn 0.361999 0.04359588 -0.9311584
vn 0.6439061 -1.205598E-07 -0.7651045
vn 0.3995255 -0.1191047 -0.9089518
vn 0.6024616 0.1163171 -0.7896268
vn 0.3570625 3.294799E-07 -0.9340805
vn 0.6390836 0.04256732 -0.7679585
vn 0.3764835 -0.08421926 -0.9225873
vn 0.6249418 0.08223265 -0.7763283
vn 0.3619999 -0.04359794 -0.9311581
vn 0.151322 -0.5174174 -0.8422477
vn 0.04483165 -0.4224712 -0.9052669
vn -0.03688054 -0.2987324 -0.953624
vn -0.08824401 -0.1546342 -0.984023
vn -0.105762 3.368702E-07 -0.9943915
vn -0.08824506 0.1546347 -0.9840229
vn 0.2753307 -0.5771066 -0.7688568
vn -0.0368796 0.298731 -0.9536244
vn 0.4084072 -0.5974633 -0.6901023
vn 0.04483191 0.4224716 -0.9052667
vn 0.5414836 -0.5771047 -0.6113474
vn 0.151325 0.5174187 -0.8422463
vn 0.6654925 -0.5174205 -0.5379552
vn 0.2753278 0.5771073 -0.7688575
vn 0.7719804 -0.4224699 -0.4749373
vn 0.4084044 0.5974678 -0.6901
vn 0.8536931 -0.2987318 -0.4265765
vn 0.5414854 0.5771066 -0.6113441
vn 0.9050565 -0.1546366 -0.3961821
vn 0.6654924 0.517422 -0.537954
vn 0.9225801 2.018176E-06 -0.3858055
vn 0.7719807 0.4224697 -0.4749371
vn 0.9050604 0.1546378 -0.3961727
vn 0.8536928 0.2987333 -0.426576
vn 0.8886484 -0.4559579 0.04905616
vn 0.9670489 -0.2360209 0.09544924
vn 0.9937899 2.659815E-06 0.1112734
vn 0.9670496 0.2360209 0.09544225
vn 0.8886486 0.4559578 0.04905335
vn 0.7639346 0.6448184 -0.02476375
vn 0.7639322 -0.6448215 -0.02475376
vn 0.6013971 0.7897426 -0.1209462
vn 0.6013978 -0.7897422 -0.1209459
vn 0.4121251 0.8808416 -0.2329616
vn 0.4121243 -0.8808411 -0.2329644
vn 0.209004 0.9119175 -0.3531625
vn 0.209006 -0.9119161 -0.3531647
vn 0.005885431 0.8808471 -0.4733643
vn 0.00589017 -0.8808407 -0.4733762
vn -0.1833837 0.7897421 -0.5853868
vn -0.1833864 -0.7897434 -0.5853844
vn -0.3459158 0.6448197 -0.6815789
vn -0.3459263 -0.644823 -0.6815704
vn -0.4706399 0.4559575 -0.7553812
vn -0.4706401 -0.4559582 -0.7553807
vn -0.5490307 0.2360218 -0.801785
vn -0.5490294 -0.2360178 -0.8017871
vn -0.5757774 -9.03876E-07 -0.8176064
vn -0.5542344 -0.7035249 -0.4448335
vn -0.6902965 -0.497465 -0.5253755
vn -0.3768966 -0.861635 -0.3399031
vn -0.7758202 -0.2575048 -0.5760158
vn -0.805007 -1.67876E-06 -0.5932654
vn -0.1703884 -0.9610285 -0.217697
vn -0.775824 0.257506 -0.5760103
vn -0.6902945 0.4974646 -0.5253783
vn 0.05121726 -0.9949304 -0.08654518
vn -0.5542148 0.7035224 -0.444862
vn 0.2728277 -0.9610287 0.04459757
vn -0.376896 0.861635 -0.3399038
vn 0.4793316 -0.8616345 0.166815
vn -0.1703977 0.9610304 -0.2176812
vn 0.6566576 -0.7035206 0.2717713
vn 0.05121865 0.9949306 -0.08654321
vn 0.7927278 -0.4974658 0.352293
vn 0.2728293 0.9610282 0.04459755
vn 0.8782682 -0.257509 0.4029072
vn 0.4793314 0.8616351 0.1668122
vn 0.9074495 9.7928E-07 0.4201612
vn 0.6566632 0.7035221 0.2717537
vn 0.8782755 0.2575046 0.4028938
vn 0.7927275 0.4974667 0.3522922
vn 0.3889332 -1.890098E-07 0.921266
vn 0.432446 0.4324463 0.7911894
vn 0.5982757 0 0.8012903
vn 0.2718778 0.2718797 0.9231273
vn 0 0 1
vn -6.996705E-07 0.5982727 0.8012925
vn 0.2718795 -0.2718786 0.9231271
vn 0.4324465 -0.4324458 0.7911894
vn -1.375569E-06 0.3889303 0.9212672
vn -0.4324459 0.4324435 0.7911909
vn -1.942602E-06 -0.3889337 0.9212657
vn -9.707118E-07 -0.5982757 0.8012904
vn -0.2718787 0.2718785 0.9231274
vn -0.5982755 1.058955E-06 0.8012905
vn -0.2718783 -0.2718785 0.9231274
vn -0.4324461 -0.4324447 0.7911903
vn -0.388933 1.806094E-06 0.921266
g beacon_geo1_0
f 3/3/3 2/2/2 1/1/1
f 3/3/3 5/5/5 4/4/4
f 3/3/3 4/4/4 6/6/6
f 4/4/4 7/7/7 6/6/6
f 8/8/8 6/6/6 7/7/7
f 8/8/8 7/7/7 9/9/9
f 9/9/9 7/7/7 10/10/10
f 11/11/11 4/4/4 5/5/5
f 5/5/5 12/12/12 11/11/11
f 4/4/4 13/13/13 7/7/7
f 13/13/13 4/4/4 14/14/14
f 11/11/11 14/14/14 4/4/4
f 15/15/15 7/7/7 13/13/13
f 14/14/14 11/11/11 16/16/16
f 15/15/15 17/17/17 7/7/7
f 18/18/18 16/16/16 11/11/11
f 18/18/18 11/11/11 12/12/12
f 16/16/16 18/18/18 19/19/19
f 20/20/20 7/7/7 17/17/17
f 20/20/20 10/10/10 7/7/7
f 17/17/17 21/21/21 20/20/20
f 18/18/18 12/12/12 22/22/22
f 22/22/22 19/19/19 18/18/18
f 23/23/23 22/22/22 12/12/12
f 19/19/19 22/22/22 24/24/24
f 20/20/20 25/25/25 10/10/10
f 25/25/25 20/20/20 21/21/21
f 21/21/21 26/26/26 25/25/25
f 27/27/27 10/10/10 25/25/25
f 28/28/28 25/25/25 26/26/26
f 25/25/25 28/28/28 27/27/27
f 29/29/29 27/27/27 28/28/28
f 22/22/22 23/23/23 30/30/30
f 30/30/30 24/24/24 22/22/22
f 31/31/31 30/30/30 23/23/23
f 24/24/24 30/30/30 32/32/32
f 31/31/31 33/33/33 30/30/30
f 34/34/34 32/32/32 30/30/30
f 34/34/34 30/30/30 33/33/33
f 33/33/33 35/35/35 34/34/34
f 32/32/32 34/34/34 36/36/36
f 37/37/37 34/34/34 35/35/35
f 37/37/37 36/36/36 34/34/34
f 35/35/35 38/38/38 37/37/37
f 37/37/37 39/39/39 36/36/36
f 39/39/39 37/37/37 38/38/38
f 40/40/40 36/36/36 39/39/39
f 38/38/38 41/41/41 39/39/39
f 39/39/39 42/42/42 40/40/40
f 42/42/42 39/39/39 41/41/41
f 43/43/43 40/40/40 42/42/42
f 41/41/41 44/44/44 42/42/42
f 42/42/42 45/45/45 43/43/43
f 45/45/45 42/42/42 44/44/44
f 46/46/46 43/43/43 45/45/45
f 45/45/45 44/44/44 47/47/47
f 45/45/45 47/47/47 46/46/46
f 48/48/48 47/47/47 44/44/44
f 49/49/49 46/46/46 47/47/47
f 48/48/48 50/50/50 47/47/47
f 47/47/47 51/51/51 49/49/49
f 51/51/51 47/47/47 50/50/50
f 52/52/52 49/49/49 51/51/51
f 50/50/50 53/53/53 51/51/51
f 51/51/51 54/54/54 52/52/52
f 54/54/54 51/51/51 53/53/53
f 55/55/55 52/52/52 54/54/54
f 55/55/55 54/54/54 56/56/56
f 54/54/54 53/53/53 57/57/57
f 57/57/57 56/56/56 54/54/54
f 58/58/58 57/57/57 53/53/53
f 56/56/56 57/57/57 59/59/59
f 57/57/57 58/58/58 60/60/60
f 60/60/60 59/59/59 57/57/57
f 61/61/61 60/60/60 58/58/58
f 61/61/61 62/62/62 60/60/60
f 60/60/60 63/63/63 59/59/59
f 63/63/63 60/60/60 62/62/62
f 64/64/64 59/59/59 63/63/63
f 62/62/62 65/65/65 63/63/63
f 63/63/63 66/66/66 64/64/64
f 66/66/66 63/63/63 65/65/65
f 67/67/67 64/64/64 66/66/66
f 67/67/67 66/66/66 68/68/68
f 66/66/66 65/65/65 69/69/69
f 69/69/69 68/68/68 66/66/66
f 70/70/70 69/69/69 65/65/65
f 68/68/68 69/69/69 71/71/71
f 69/69/69 70/70/70 72/72/72
f 72/72/72 71/71/71 69/69/69
f 73/73/73 72/72/72 70/70/70
f 71/71/71 72/72/72 74/74/74
f 73/73/73 75/75/75 72/72/72
f 76/76/76 74/74/74 72/72/72
f 76/76/76 72/72/72 75/75/75
f 74/74/74 76/76/76 77/77/77
f 75/75/75 78/78/78 76/76/76
f 79/79/79 77/77/77 76/76/76
f 79/79/79 76/76/76 78/78/78
f 77/77/77 79/79/79 80/80/80
f 78/78/78 81/81/81 79/79/79
f 82/82/82 80/80/80 79/79/79
f 82/82/82 79/79/79 81/81/81
f 80/80/80 82/82/82 83/83/83
f 81/81/81 84/84/84 82/82/82
f 85/85/85 83/83/83 82/82/82
f 85/85/85 82/82/82 84/84/84
f 84/84/84 86/86/86 85/85/85
f 83/83/83 85/85/85 87/87/87
f 88/88/88 85/85/85 86/86/86
f 88/88/88 87/87/87 85/85/85
f 86/86/86 89/89/89 88/88/88
f 88/88/88 90/90/90 87/87/87
f 90/90/90 88/88/88 89/89/89
f 91/91/91 87/87/87 90/90/90
f 91/91/91 90/90/90 92/92/92
f 90/90/90 89/89/89 93/93/93
f 93/93/93 92/92/92 90/90/90
f 94/94/94 93/93/93 89/89/89
f 94/94/94 95/95/95 93/93/93
f 93/93/93 96/96/96 92/92/92
f 96/96/96 93/93/93 95/95/95
f 97/97/97 92/92/92 96/96/96
f 95/95/95 98/98/98 96/96/96
f 97/97/97 96/96/96 99/99/99
f 100/100/100 96/96/96 98/98/98
f 100/100/100 99/99/99 96/96/96
f 98/98/98 101/101/101 100/100/100
f 100/100/100 102/102/102 99/99/99
f 102/102/102 100/100/100 101/101/101
f 102/102/102 101/101/101 103/103/103
f 104/104/104 99/99/99 102/102/102
f 103/103/103 105/105/105 102/102/102
f 102/102/102 106/106/106 104/104/104
f 106/106/106 102/102/102 105/105/105
f 107/107/107 104/104/104 106/106/106
f 106/106/106 105/105/105 108/108/108
f 106/106/106 109/109/109 107/107/107
f 106/106/106 108/108/108 109/109/109
f 110/110/110 109/109/109 108/108/108
f 111/111/111 107/107/107 109/109/109
f 110/110/110 112/112/112 109/109/109
f 109/109/109 113/113/113 111/111/111
f 113/113/113 109/109/109 112/112/112
f 114/114/114 111/111/111 113/113/113
f 112/112/112 115/115/115 113/113/113
f 113/113/113 116/116/116 114/114/114
f 116/116/116 113/113/113 115/115/115
f 119/119/119 118/118/118 117/117/117
f 120/120/120 117/117/117 118/118/118
f 118/118/118 121/121/121 120/120/120
f 122/122/122 120/120/120 121/121/121
f 117/117/117 120/120/120 123/123/123
f 120/120/120 122/122/122 124/124/124
f 124/124/124 123/123/123 120/120/120
f 124/124/124 125/125/125 123/123/123
f 126/126/126 123/123/123 125/125/125
f 127/127/127 124/124/124 122/122/122
f 124/124/124 127/127/127 125/125/125
f 125/125/125 128/128/128 126/126/126
f 129/129/129 125/125/125 127/127/127
f 128/128/128 125/125/125 130/130/130
f 129/129/129 131/131/131 125/125/125
f 132/132/132 130/130/130 125/125/125
f 132/132/132 125/125/125 131/131/131
f 132/132/132 133/133/133 130/130/130
f 131/131/131 134/134/134 132/132/132
f 133/133/133 132/132/132 135/135/135
f 136/136/136 132/132/132 134/134/134
f 136/136/136 135/135/135 132/132/132
f 134/134/134 137/137/137 136/136/136
f 135/135/135 136/136/136 138/138/138
f 139/139/139 136/136/136 137/137/137
f 139/139/139 138/138/138 136/136/136
f 137/137/137 140/140/140 139/139/139
f 139/139/139 141/141/141 138/138/138
f 141/141/141 139/139/139 140/140/140
f 142/142/142 138/138/138 141/141/141
f 140/140/140 143/143/143 141/141/141
f 141/141/141 144/144/144 142/142/142
f 144/144/144 141/141/141 143/143/143
f 145/145/145 142/142/142 144/144/144
f 143/143/143 146/146/146 144/144/144
f 145/145/145 144/144/144 147/147/147
f 148/148/148 144/144/144 146/146/146
f 148/148/148 147/147/147 144/144/144
f 147/147/147 148/148/148 149/149/149
f 146/146/146 150/150/150 148/148/148
f 151/151/151 149/149/149 148/148/148
f 151/151/151 148/148/148 150/150/150
f 149/149/149 151/151/151 152/152/152
f 151/151/151 150/150/150 153/153/153
f 153/153/153 152/152/152 151/151/151
f 154/154/154 153/153/153 150/150/150
f 152/152/152 153/153/153 155/155/155
f 153/153/153 154/154/154 156/156/156
f 156/156/156 155/155/155 153/153/153
f 157/157/157 156/156/156 154/154/154
f 155/155/155 156/156/156 158/158/158
f 156/156/156 157/157/157 159/159/159
f 159/159/159 158/158/158 156/156/156
f 160/160/160 159/159/159 157/157/157
f 159/159/159 161/161/161 158/158/158
f 159/159/159 160/160/160 161/161/161
f 162/162/162 158/158/158 161/161/161
f 163/163/163 161/161/161 160/160/160
f 162/162/162 161/161/161 164/164/164
f 161/161/161 163/163/163 165/165/165
f 165/165/165 164/164/164 161/161/161
f 166/166/166 165/165/165 163/163/163
f 164/164/164 165/165/165 167/167/167
f 165/165/165 166/166/166 168/168/168
f 168/168/168 167/167/167 165/165/165
f 169/169/169 168/168/168 166/166/166
f 169/169/169 170/170/170 168/168/168
f 168/168/168 171/171/171 167/167/167
f 171/171/171 168/168/168 170/170/170
f 172/172/172 167/167/167 171/171/171
f 170/170/170 173/173/173 171/171/171
f 171/171/171 174/174/174 172/172/172
f 174/174/174 171/171/171 173/173/173
f 175/175/175 172/172/172 174/174/174
f 175/175/175 174/174/174 176/176/176
f 174/174/174 173/173/173 177/177/177
f 177/177/177 176/176/176 174/174/174
f 178/178/178 177/177/177 173/173/173
f 176/176/176 177/177/177 179/179/179
f 177/177/177 178/178/178 180/180/180
f 180/180/180 179/179/179 177/177/177
f 181/181/181 180/180/180 178/178/178
f 181/181/181 182/182/182 180/180/180
f 180/180/180 183/183/183 179/179/179
f 183/183/183 180/180/180 182/182/182
f 184/184/184 179/179/179 183/183/183
f 182/182/182 185/185/185 183/183/183
f 183/183/183 186/186/186 184/184/184
f 186/186/186 183/183/183 185/185/185
f 187/187/187 184/184/184 186/186/186
f 185/185/185 188/188/188 186/186/186
f 187/187/187 186/186/186 189/189/189
f 190/190/190 186/186/186 188/188/188
f 190/190/190 189/189/189 186/186/186
f 188/188/188 191/191/191 190/190/190
f 189/189/189 190/190/190 192/192/192
f 193/193/193 190/190/190 191/191/191
f 193/193/193 192/192/192 190/190/190
f 191/191/191 194/194/194 193/193/193
f 192/192/192 193/193/193 195/195/195
f 196/196/196 193/193/193 194/194/194
f 196/196/196 195/195/195 193/193/193
f 194/194/194 197/197/197 196/196/196
f 195/195/195 196/196/196 198/198/198
f 199/199/199 196/196/196 197/197/197
f 199/199/199 198/198/198 196/196/196
f 198/198/198 199/199/199 200/200/200
f 197/197/197 201/201/201 199/199/199
f 202/202/202 200/200/200 199/199/199
f 202/202/202 199/199/199 201/201/201
f 200/200/200 202/202/202 203/203/203
f 202/202/202 201/201/201 204/204/204
f 204/204/204 203/203/203 202/202/202
f 205/205/205 204/204/204 201/201/201
f 205/205/205 206/206/206 204/204/204
f 204/204/204 207/207/207 203/203/203
f 207/207/207 204/204/204 206/206/206
f 208/208/208 203/203/203 207/207/207
f 208/208/208 207/207/207 209/209/209
f 207/207/207 206/206/206 210/210/210
f 210/210/210 209/209/209 207/207/207
f 211/211/211 210/210/210 206/206/206
f 209/209/209 210/210/210 212/212/212
f 211/211/211 213/213/213 210/210/210
f 214/214/214 212/212/212 210/210/210
f 214/214/214 210/210/210 213/213/213
f 212/212/212 214/214/214 215/215/215
f 214/214/214 213/213/213 216/216/216
f 216/216/216 215/215/215 214/214/214
f 215/215/215 216/216/216 217/217/217
f 218/218/218 216/216/216 213/213/213
f 217/217/217 216/216/216 219/219/219
f 216/216/216 218/218/218 220/220/220
f 220/220/220 219/219/219 216/216/216
f 221/221/221 220/220/220 218/218/218
f 219/219/219 220/220/220 222/222/222
f 220/220/220 221/221/221 223/223/223
f 220/220/220 223/223/223 222/222/222
f 224/224/224 222/222/222 223/223/223
f 225/225/225 223/223/223 221/221/221
f 224/224/224 223/223/223 226/226/226
f 223/223/223 225/225/225 227/227/227
f 227/227/227 226/226/226 223/223/223
f 228/228/228 227/227/227 225/225/225
f 226/226/226 227/227/227 229/229/229
f 230/230/230 227/227/227 228/228/228
f 230/230/230 229/229/229 227/227/227
f 233/233/233 232/232/232 231/231/231
f 234/234/234 231/231/231 232/232/232
f 231/231/231 234/234/234 235/235/235
f 232/232/232 236/236/236 234/234/234
f 237/237/237 235/235/235 234/234/234
f 235/235/235 237/237/237 238/238/238
f 239/239/239 234/234/234 236/236/236
f 234/234/234 239/239/239 237/237/237
f 240/240/240 238/238/238 237/237/237
f 238/238/238 240/240/240 241/241/241
f 239/239/239 236/236/236 242/242/242
f 243/243/243 242/242/242 236/236/236
f 244/244/244 237/237/237 239/239/239
f 237/237/237 244/244/244 240/240/240
f 245/245/245 241/241/241 240/240/240
f 241/241/241 245/245/245 246/246/246
f 242/242/242 243/243/243 247/247/247
f 248/248/248 247/247/247 243/243/243
f 242/242/242 249/249/249 239/239/239
f 244/244/244 239/239/239 249/249/249
f 250/250/250 240/240/240 244/244/244
f 240/240/240 250/250/250 245/245/245
f 247/247/247 251/251/251 242/242/242
f 249/249/249 242/242/242 251/251/251
f 247/247/247 248/248/248 252/252/252
f 253/253/253 252/252/252 248/248/248
f 249/249/249 254/254/254 244/244/244
f 250/250/250 244/244/244 254/254/254
f 251/251/251 255/255/255 249/249/249
f 254/254/254 249/249/249 255/255/255
f 251/251/251 247/247/247 256/256/256
f 252/252/252 256/256/256 247/247/247
f 251/251/251 256/256/256 255/255/255
f 252/252/252 253/253/253 257/257/257
f 258/258/258 257/257/257 253/253/253
f 258/258/258 259/259/259 257/257/257
f 256/256/256 252/252/252 260/260/260
f 257/257/257 260/260/260 252/252/252
f 254/254/254 261/261/261 250/250/250
f 255/255/255 262/262/262 254/254/254
f 261/261/261 254/254/254 262/262/262
f 263/263/263 250/250/250 261/261/261
f 263/263/263 245/245/245 250/250/250
f 245/245/245 263/263/263 264/264/264
f 264/264/264 246/246/246 245/245/245
f 264/264/264 265/265/265 246/246/246
f 266/266/266 246/246/246 265/265/265
f 267/267/267 264/264/264 263/263/263
f 264/264/264 267/267/267 265/265/265
f 261/261/261 268/268/268 263/263/263
f 267/267/267 263/263/263 268/268/268
f 262/262/262 269/269/269 261/261/261
f 268/268/268 261/261/261 269/269/269
f 269/269/269 262/262/262 270/270/270
f 262/262/262 255/255/255 271/271/271
f 271/271/271 270/270/270 262/262/262
f 267/267/267 268/268/268 272/272/272
f 272/272/272 265/265/265 267/267/267
f 265/265/265 273/273/273 266/266/266
f 274/274/274 266/266/266 273/273/273
f 268/268/268 269/269/269 275/275/275
f 275/275/275 272/272/272 268/268/268
f 272/272/272 276/276/276 265/265/265
f 273/273/273 265/265/265 276/276/276
f 272/272/272 275/275/275 276/276/276
f 273/273/273 277/277/277 274/274/274
f 278/278/278 274/274/274 277/277/277
f 279/279/279 275/275/275 269/269/269
f 269/269/269 270/270/270 279/279/279
f 276/276/276 280/280/280 273/273/273
f 277/277/277 273/273/273 280/280/280
f 281/281/281 276/276/276 275/275/275
f 275/275/275 279/279/279 281/281/281
f 276/276/276 281/281/281 280/280/280
f 277/277/277 282/282/282 278/278/278
f 283/283/283 278/278/278 282/282/282
f 280/280/280 284/284/284 277/277/277
f 282/282/282 277/277/277 284/284/284
f 282/282/282 285/285/285 283/283/283
f 286/286/286 283/283/283 285/285/285
f 285/285/285 282/282/282 287/287/287
f 284/284/284 287/287/287 282/282/282
f 288/288/288 280/280/280 281/281/281
f 280/280/280 288/288/288 284/284/284
f 284/284/284 289/289/289 287/287/287
f 289/289/289 284/284/284 288/288/288
f 290/290/290 287/287/287 289/289/289
f 291/291/291 281/281/281 279/279/279
f 281/281/281 291/291/291 288/288/288
f 288/288/288 292/292/292 289/289/289
f 292/292/292 288/288/288 291/291/291
f 289/289/289 293/293/293 290/290/290
f 293/293/293 289/289/289 292/292/292
f 294/294/294 290/290/290 293/293/293
f 279/279/279 295/295/295 291/291/291
f 295/295/295 279/279/279 270/270/270
f 291/291/291 296/296/296 292/292/292
f 296/296/296 291/291/291 295/295/295
f 292/292/292 297/297/297 293/293/293
f 297/297/297 292/292/292 296/296/296
f 293/293/293 298/298/298 294/294/294
f 298/298/298 293/293/293 297/297/297
f 299/299/299 294/294/294 298/298/298
f 299/299/299 298/298/298 300/300/300
f 298/298/298 297/297/297 301/301/301
f 301/301/301 300/300/300 298/298/298
f 297/297/297 296/296/296 302/302/302
f 302/302/302 301/301/301 297/297/297
f 301/301/301 303/303/303 300/300/300
f 304/304/304 300/300/300 303/303/303
f 303/303/303 305/305/305 304/304/304
f 306/306/306 304/304/304 305/305/305
f 305/305/305 303/303/303 307/307/307
f 308/308/308 307/307/307 303/303/303
f 303/303/303 301/301/301 308/308/308
f 307/307/307 308/308/308 309/309/309
f 302/302/302 310/310/310 301/301/301
f 308/308/308 301/301/301 310/310/310
f 311/311/311 309/309/309 308/308/308
f 311/311/311 308/308/308 310/310/310
f 311/311/311 310/310/310 312/312/312
f 309/309/309 311/311/311 313/313/313
f 314/314/314 302/302/302 296/296/296
f 302/302/302 314/314/314 310/310/310
f 315/315/315 313/313/313 311/311/311
f 311/311/311 312/312/312 315/315/315
f 314/314/314 296/296/296 316/316/316
f 296/296/296 295/295/295 316/316/316
f 317/317/317 310/310/310 314/314/314
f 317/317/317 312/312/312 310/310/310
f 314/314/314 316/316/316 317/317/317
f 315/315/315 318/318/318 313/313/313
f 319/319/319 313/313/313 318/318/318
f 318/318/318 320/320/320 319/319/319
f 321/321/321 319/319/319 320/320/320
f 321/321/321 320/320/320 322/322/322
f 323/323/323 316/316/316 295/295/295
f 295/295/295 270/270/270 323/323/323
f 324/324/324 317/317/317 316/316/316
f 317/317/317 324/324/324 312/312/312
f 316/316/316 323/323/323 324/324/324
f 315/315/315 325/325/325 318/318/318
f 325/325/325 315/315/315 312/312/312
f 326/326/326 322/322/322 320/320/320
f 322/322/322 326/326/326 327/327/327
f 328/328/328 327/327/327 326/326/326
f 327/327/327 328/328/328 329/329/329
f 318/318/318 330/330/330 320/320/320
f 330/330/330 318/318/318 325/325/325
f 326/326/326 320/320/320 331/331/331
f 326/326/326 331/331/331 328/328/328
f 332/332/332 320/320/320 330/330/330
f 332/332/332 331/331/331 320/320/320
f 333/333/333 312/312/312 324/324/324
f 325/325/325 312/312/312 334/334/334
f 333/333/333 334/334/334 312/312/312
f 330/330/330 325/325/325 335/335/335
f 334/334/334 335/335/335 325/325/325
f 332/332/332 330/330/330 336/336/336
f 335/335/335 336/336/336 330/330/330
f 331/331/331 332/332/332 337/337/337
f 336/336/336 337/337/337 332/332/332
f 324/324/324 338/338/338 333/333/333
f 338/338/338 324/324/324 323/323/323
f 335/335/335 334/334/334 339/339/339
f 336/336/336 335/335/335 340/340/340
f 339/339/339 340/340/340 335/335/335
f 334/334/334 333/333/333 341/341/341
f 341/341/341 339/339/339 334/334/334
f 341/341/341 342/342/342 339/339/339
f 343/343/343 341/341/341 333/333/333
f 343/343/343 333/333/333 338/338/338
f 341/341/341 343/343/343 342/342/342
f 343/343/343 338/338/338 344/344/344
f 344/344/344 342/342/342 343/343/343
f 338/338/338 323/323/323 345/345/345
f 345/345/345 344/344/344 338/338/338
f 337/337/337 336/336/336 346/346/346
f 340/340/340 346/346/346 336/336/336
f 347/347/347 345/345/345 323/323/323
f 347/347/347 323/323/323 270/270/270
f 347/347/347 270/270/270 348/348/348
f 347/347/347 348/348/348 345/345/345
f 271/271/271 348/348/348 270/270/270
f 345/345/345 349/349/349 344/344/344
f 349/349/349 345/345/345 348/348/348
f 344/344/344 350/350/350 342/342/342
f 350/350/350 344/344/344 349/349/349
f 348/348/348 271/271/271 351/351/351
f 349/349/349 348/348/348 352/352/352
f 351/351/351 352/352/352 348/348/348
f 350/350/350 349/349/349 353/353/353
f 352/352/352 353/353/353 349/349/349
f 353/353/353 352/352/352 354/354/354
f 350/350/350 353/353/353 355/355/355
f 355/355/355 342/342/342 350/350/350
f 356/356/356 355/355/355 353/353/353
f 353/353/353 354/354/354 356/356/356
f 355/355/355 357/357/357 342/342/342
f 355/355/355 356/356/356 357/357/357
f 358/358/358 351/351/351 271/271/271
f 358/358/358 271/271/271 255/255/255
f 358/358/358 255/255/255 256/256/256
f 358/358/358 256/256/256 359/359/359
f 358/358/358 359/359/359 351/351/351
f 260/260/260 359/359/359 256/256/256
f 352/352/352 351/351/351 360/360/360
f 359/359/359 360/360/360 351/351/351
f 360/360/360 354/354/354 352/352/352
f 360/360/360 359/359/359 361/361/361
f 260/260/260 361/361/361 359/359/359
f 360/360/360 361/361/361 354/354/354
f 361/361/361 260/260/260 362/362/362
f 257/257/257 362/362/362 260/260/260
f 363/363/363 354/354/354 361/361/361
f 362/362/362 363/363/363 361/361/361
f 364/364/364 362/362/362 257/257/257
f 364/364/364 257/257/257 259/259/259
f 364/364/364 259/259/259 365/365/365
f 366/366/366 365/365/365 259/259/259
f 365/365/365 367/367/367 364/364/364
f 362/362/362 364/364/364 367/367/367
f 367/367/367 368/368/368 362/362/362
f 363/363/363 362/362/362 368/368/368
f 368/368/368 369/369/369 363/363/363
f 363/363/363 370/370/370 354/354/354
f 370/370/370 363/363/363 369/369/369
f 371/371/371 354/354/354 370/370/370
f 371/371/371 356/356/356 354/354/354
f 370/370/370 369/369/369 372/372/372
f 370/370/370 372/372/372 371/371/371
f 373/373/373 372/372/372 369/369/369
f 372/372/372 373/373/373 374/374/374
f 375/375/375 374/374/374 373/373/373
f 375/375/375 376/376/376 374/374/374
f 356/356/356 371/371/371 377/377/377
f 377/377/377 357/357/357 356/356/356
f 378/378/378 371/371/371 372/372/372
f 372/372/372 374/374/374 378/378/378
f 378/378/378 377/377/377 371/371/371
f 379/379/379 374/374/374 376/376/376
f 376/376/376 380/380/380 379/379/379
f 381/381/381 379/379/379 380/380/380
f 380/380/380 382/382/382 381/381/381
f 379/379/379 383/383/383 374/374/374
f 379/379/379 381/381/381 383/383/383
f 384/384/384 378/378/378 374/374/374
f 384/384/384 374/374/374 383/383/383
f 377/377/377 378/378/378 385/385/385
f 384/384/384 385/385/385 378/378/378
f 357/357/357 377/377/377 386/386/386
f 385/385/385 386/386/386 377/377/377
f 385/385/385 384/384/384 387/387/387
f 383/383/383 387/387/387 384/384/384
f 386/386/386 385/385/385 388/388/388
f 387/387/387 388/388/388 385/385/385
f 386/386/386 389/389/389 357/357/357
f 388/388/388 390/390/390 386/386/386
f 389/389/389 386/386/386 390/390/390
f 391/391/391 357/357/357 389/389/389
f 391/391/391 342/342/342 357/357/357
f 391/391/391 339/339/339 342/342/342
f 391/391/391 389/389/389 339/339/339
f 340/340/340 339/339/339 389/389/389
f 389/389/389 390/390/390 340/340/340
f 346/346/346 340/340/340 390/390/390
f 390/390/390 388/388/388 392/392/392
f 390/390/390 392/392/392 346/346/346
f 388/388/388 387/387/387 393/393/393
f 393/393/393 392/392/392 388/388/388
f 387/387/387 383/383/383 394/394/394
f 394/394/394 393/393/393 387/387/387
f 395/395/395 346/346/346 392/392/392
f 346/346/346 395/395/395 337/337/337
f 392/392/392 393/393/393 396/396/396
f 392/392/392 396/396/396 395/395/395
f 397/397/397 337/337/337 395/395/395
f 337/337/337 397/397/397 331/331/331
f 398/398/398 394/394/394 383/383/383
f 398/398/398 383/383/383 381/381/381
f 393/393/393 394/394/394 399/399/399
f 399/399/399 396/396/396 393/393/393
f 396/396/396 399/399/399 400/400/400
f 401/401/401 395/395/395 396/396/396
f 395/395/395 401/401/401 397/397/397
f 396/396/396 400/400/400 401/401/401
f 402/402/402 331/331/331 397/397/397
f 402/402/402 328/328/328 331/331/331
f 403/403/403 399/399/399 394/394/394
f 394/394/394 398/398/398 403/403/403
f 404/404/404 397/397/397 401/401/401
f 397/397/397 404/404/404 402/402/402
f 405/405/405 400/400/400 399/399/399
f 399/399/399 403/403/403 405/405/405
f 401/401/401 406/406/406 404/404/404
f 406/406/406 401/401/401 400/400/400
f 328/328/328 402/402/402 407/407/407
f 408/408/408 402/402/402 404/404/404
f 402/402/402 408/408/408 407/407/407
f 409/409/409 404/404/404 406/406/406
f 404/404/404 409/409/409 408/408/408
f 410/410/410 328/328/328 407/407/407
f 410/410/410 329/329/329 328/328/328
f 411/411/411 407/407/407 408/408/408
f 411/411/411 410/410/410 407/407/407
f 410/410/410 412/412/412 329/329/329
f 413/413/413 329/329/329 412/412/412
f 406/406/406 400/400/400 414/414/414
f 406/406/406 414/414/414 409/409/409
f 408/408/408 415/415/415 411/411/411
f 415/415/415 408/408/408 409/409/409
f 411/411/411 416/416/416 410/410/410
f 410/410/410 416/416/416 412/412/412
f 417/417/417 411/411/411 415/415/415
f 411/411/411 417/417/417 416/416/416
f 415/415/415 409/409/409 418/418/418
f 415/415/415 418/418/418 417/417/417
f 412/412/412 419/419/419 413/413/413
f 420/420/420 413/413/413 419/419/419
f 421/421/421 409/409/409 414/414/414
f 421/421/421 418/418/418 409/409/409
f 419/419/419 422/422/422 420/420/420
f 423/423/423 420/420/420 422/422/422
f 419/419/419 424/424/424 422/422/422
f 425/425/425 422/422/422 424/424/424
f 419/419/419 412/412/412 426/426/426
f 424/424/424 419/419/419 426/426/426
f 424/424/424 427/427/427 425/425/425
f 428/428/428 425/425/425 427/427/427
f 429/429/429 426/426/426 412/412/412
f 429/429/429 412/412/412 416/416/416
f 426/426/426 430/430/430 424/424/424
f 427/427/427 424/424/424 430/430/430
f 426/426/426 429/429/429 430/430/430
f 427/427/427 431/431/431 428/428/428
f 432/432/432 428/428/428 431/431/431
f 431/431/431 427/427/427 433/433/433
f 430/430/430 433/433/433 427/427/427
f 433/433/433 430/430/430 434/434/434
f 435/435/435 430/430/430 429/429/429
f 435/435/435 434/434/434 430/430/430
f 436/436/436 429/429/429 416/416/416
f 429/429/429 436/436/436 435/435/435
f 435/435/435 437/437/437 434/434/434
f 437/437/437 435/435/435 436/436/436
f 438/438/438 434/434/434 437/437/437
f 437/437/437 439/439/439 438/438/438
f 437/437/437 436/436/436 439/439/439
f 440/440/440 438/438/438 439/439/439
f 436/436/436 416/416/416 441/441/441
f 441/441/441 439/439/439 436/436/436
f 441/441/441 416/416/416 417/417/417
f 439/439/439 442/442/442 440/440/440
f 443/443/443 440/440/440 442/442/442
f 442/442/442 444/444/444 443/443/443
f 445/445/445 443/443/443 444/444/444
f 445/445/445 444/444/444 446/446/446
f 442/442/442 439/439/439 447/447/447
f 441/441/441 447/447/447 439/439/439
f 442/442/442 447/447/447 444/444/444
f 417/417/417 448/448/448 441/441/441
f 447/447/447 441/441/441 448/448/448
f 448/448/448 417/417/417 418/418/418
f 448/448/448 449/449/449 447/447/447
f 418/418/418 450/450/450 448/448/448
f 449/449/449 448/448/448 450/450/450
f 451/451/451 444/444/444 447/447/447
f 451/451/451 447/447/447 449/449/449
f 450/450/450 418/418/418 452/452/452
f 421/421/421 452/452/452 418/418/418
f 452/452/452 421/421/421 453/453/453
f 414/414/414 453/453/453 421/421/421
f 452/452/452 454/454/454 450/450/450
f 452/452/452 453/453/453 454/454/454
f 450/450/450 455/455/455 449/449/449
f 455/455/455 450/450/450 454/454/454
f 449/449/449 456/456/456 451/451/451
f 456/456/456 449/449/449 455/455/455
f 451/451/451 457/457/457 444/444/444
f 457/457/457 451/451/451 456/456/456
f 414/414/414 458/458/458 453/453/453
f 458/458/458 414/414/414 400/400/400
f 459/459/459 444/444/444 457/457/457
f 459/459/459 446/446/446 444/444/444
f 459/459/459 460/460/460 446/446/446
f 459/459/459 457/457/457 460/460/460
f 461/461/461 446/446/446 460/460/460
f 460/460/460 462/462/462 461/461/461
f 463/463/463 461/461/461 462/462/462
f 463/463/463 462/462/462 464/464/464
f 465/465/465 460/460/460 457/457/457
f 460/460/460 465/465/465 462/462/462
f 456/456/456 466/466/466 457/457/457
f 465/465/465 457/457/457 466/466/466
f 467/467/467 462/462/462 465/465/465
f 465/465/465 466/466/466 467/467/467
f 468/468/468 464/464/464 462/462/462
f 462/462/462 467/467/467 468/468/468
f 468/468/468 469/469/469 464/464/464
f 470/470/470 464/464/464 469/469/469
f 470/470/470 469/469/469 471/471/471
f 466/466/466 456/456/456 472/472/472
f 455/455/455 472/472/472 456/456/456
f 473/473/473 467/467/467 466/466/466
f 466/466/466 472/472/472 473/473/473
f 474/474/474 468/468/468 467/467/467
f 468/468/468 474/474/474 469/469/469
f 467/467/467 473/473/473 474/474/474
f 472/472/472 455/455/455 475/475/475
f 454/454/454 475/475/475 455/455/455
f 476/476/476 473/473/473 472/472/472
f 472/472/472 475/475/475 476/476/476
f 477/477/477 474/474/474 473/473/473
f 473/473/473 476/476/476 477/477/477
f 478/478/478 469/469/469 474/474/474
f 474/474/474 477/477/477 478/478/478
f 479/479/479 471/471/471 469/469/469
f 478/478/478 480/480/480 469/469/469
f 479/479/479 469/469/469 480/480/480
f 479/479/479 481/481/481 471/471/471
f 479/479/479 480/480/480 481/481/481
f 482/482/482 481/481/481 480/480/480
f 483/483/483 471/471/471 481/481/481
f 481/481/481 484/484/484 483/483/483
f 482/482/482 484/484/484 481/481/481
f 485/485/485 483/483/483 484/484/484
f 486/486/486 478/478/478 477/477/477
f 478/478/478 486/486/486 480/480/480
f 487/487/487 477/477/477 476/476/476
f 477/477/477 487/487/487 486/486/486
f 484/484/484 488/488/488 485/485/485
f 489/489/489 485/485/485 488/488/488
f 489/489/489 488/488/488 490/490/490
f 488/488/488 484/484/484 491/491/491
f 482/482/482 491/491/491 484/484/484
f 492/492/492 490/490/490 488/488/488
f 488/488/488 491/491/491 492/492/492
f 490/490/490 492/492/492 493/493/493
f 494/494/494 480/480/480 486/486/486
f 480/480/480 494/494/494 482/482/482
f 476/476/476 495/495/495 487/487/487
f 495/495/495 476/476/476 475/475/475
f 475/475/475 496/496/496 495/495/495
f 475/475/475 454/454/454 496/496/496
f 497/497/497 496/496/496 454/454/454
f 496/496/496 497/497/497 498/498/498
f 497/497/497 454/454/454 453/453/453
f 499/499/499 495/495/495 496/496/496
f 496/496/496 498/498/498 499/499/499
f 500/500/500 487/487/487 495/495/495
f 495/495/495 499/499/499 500/500/500
f 501/501/501 486/486/486 487/487/487
f 487/487/487 500/500/500 501/501/501
f 494/494/494 486/486/486 502/502/502
f 501/501/501 502/502/502 486/486/486
f 453/453/453 503/503/503 497/497/497
f 503/503/503 453/453/453 458/458/458
f 504/504/504 501/501/501 500/500/500
f 501/501/501 504/504/504 502/502/502
f 505/505/505 500/500/500 499/499/499
f 500/500/500 505/505/505 504/504/504
f 506/506/506 499/499/499 498/498/498
f 499/499/499 506/506/506 505/505/505
f 494/494/494 502/502/502 507/507/507
f 507/507/507 482/482/482 494/494/494
f 508/508/508 497/497/497 503/503/503
f 508/508/508 498/498/498 497/497/497
f 508/508/508 503/503/503 509/509/509
f 508/508/508 509/509/509 498/498/498
f 510/510/510 509/509/509 503/503/503
f 503/503/503 458/458/458 510/510/510
f 511/511/511 510/510/510 458/458/458
f 458/458/458 400/400/400 511/511/511
f 405/405/405 511/511/511 400/400/400
f 405/405/405 512/512/512 511/511/511
f 512/512/512 405/405/405 403/403/403
f 511/511/511 513/513/513 510/510/510
f 513/513/513 511/511/511 512/512/512
f 403/403/403 514/514/514 512/512/512
f 514/514/514 403/403/403 398/398/398
f 398/398/398 515/515/515 514/514/514
f 515/515/515 398/398/398 381/381/381
f 516/516/516 515/515/515 381/381/381
f 516/516/516 381/381/381 382/382/382
f 517/517/517 514/514/514 515/515/515
f 517/517/517 515/515/515 516/516/516
f 518/518/518 512/512/512 514/514/514
f 514/514/514 517/517/517 518/518/518
f 513/513/513 512/512/512 519/519/519
f 518/518/518 519/519/519 512/512/512
f 520/520/520 510/510/510 513/513/513
f 513/513/513 519/519/519 520/520/520
f 516/516/516 382/382/382 521/521/521
f 522/522/522 521/521/521 382/382/382
f 523/523/523 518/518/518 517/517/517
f 518/518/518 523/523/523 519/519/519
f 524/524/524 517/517/517 516/516/516
f 516/516/516 521/521/521 524/524/524
f 517/517/517 524/524/524 523/523/523
f 520/520/520 525/525/525 510/510/510
f 509/509/509 510/510/510 525/525/525
f 526/526/526 520/520/520 519/519/519
f 520/520/520 526/526/526 525/525/525
f 527/527/527 519/519/519 523/523/523
f 519/519/519 527/527/527 526/526/526
f 521/521/521 522/522/522 528/528/528
f 529/529/529 528/528/528 522/522/522
f 530/530/530 523/523/523 524/524/524
f 523/523/523 530/530/530 527/527/527
f 509/509/509 525/525/525 531/531/531
f 531/531/531 498/498/498 509/509/509
f 528/528/528 529/529/529 532/532/532
f 533/533/533 532/532/532 529/529/529
f 528/528/528 532/532/532 534/534/534
f 535/535/535 534/534/534 532/532/532
f 535/535/535 536/536/536 534/534/534
f 531/531/531 537/537/537 498/498/498
f 506/506/506 498/498/498 537/537/537
f 528/528/528 534/534/534 538/538/538
f 528/528/528 538/538/538 521/521/521
f 539/539/539 521/521/521 538/538/538
f 539/539/539 524/524/524 521/521/521
f 538/538/538 534/534/534 540/540/540
f 538/538/538 540/540/540 539/539/539
f 541/541/541 534/534/534 536/536/536
f 541/541/541 540/540/540 534/534/534
f 541/541/541 536/536/536 542/542/542
f 543/543/543 542/542/542 536/536/536
f 542/542/542 544/544/544 541/541/541
f 540/540/540 541/541/541 544/544/544
f 544/544/544 545/545/545 540/540/540
f 539/539/539 546/546/546 524/524/524
f 524/524/524 546/546/546 530/530/530
f 547/547/547 539/539/539 540/540/540
f 547/547/547 540/540/540 545/545/545
f 539/539/539 547/547/547 546/546/546
f 547/547/547 545/545/545 548/548/548
f 548/548/548 546/546/546 547/547/547
f 549/549/549 548/548/548 545/545/545
f 548/548/548 550/550/550 546/546/546
f 548/548/548 549/549/549 550/550/550
f 530/530/530 546/546/546 550/550/550
f 551/551/551 550/550/550 549/549/549
f 530/530/530 550/550/550 552/552/552
f 552/552/552 527/527/527 530/530/530
f 550/550/550 551/551/551 553/553/553
f 553/553/553 552/552/552 550/550/550
f 553/553/553 554/554/554 552/552/552
f 555/555/555 553/553/553 551/551/551
f 553/553/553 555/555/555 554/554/554
f 556/556/556 554/554/554 555/555/555
f 556/556/556 557/557/557 554/554/554
f 527/527/527 552/552/552 558/558/558
f 558/558/558 526/526/526 527/527/527
f 559/559/559 552/552/552 554/554/554
f 559/559/559 558/558/558 552/552/552
f 526/526/526 558/558/558 560/560/560
f 560/560/560 525/525/525 526/526/526
f 558/558/558 559/559/559 561/561/561
f 561/561/561 560/560/560 558/558/558
f 559/559/559 554/554/554 562/562/562
f 562/562/562 561/561/561 559/559/559
f 563/563/563 554/554/554 557/557/557
f 563/563/563 562/562/562 554/554/554
f 563/563/563 557/557/557 564/564/564
f 563/563/563 564/564/564 562/562/562
f 565/565/565 564/564/564 557/557/557
f 525/525/525 560/560/560 566/566/566
f 566/566/566 531/531/531 525/525/525
f 560/560/560 561/561/561 567/567/567
f 567/567/567 566/566/566 560/560/560
f 561/561/561 562/562/562 568/568/568
f 568/568/568 567/567/567 561/561/561
f 564/564/564 565/565/565 569/569/569
f 570/570/570 569/569/569 565/565/565
f 570/570/570 571/571/571 569/569/569
f 572/572/572 562/562/562 564/564/564
f 572/572/572 568/568/568 562/562/562
f 564/564/564 569/569/569 572/572/572
f 566/566/566 573/573/573 531/531/531
f 537/537/537 531/531/531 573/573/573
f 567/567/567 574/574/574 566/566/566
f 573/573/573 566/566/566 574/574/574
f 575/575/575 569/569/569 571/571/571
f 571/571/571 576/576/576 575/575/575
f 577/577/577 572/572/572 569/569/569
f 572/572/572 577/577/577 568/568/568
f 569/569/569 575/575/575 577/577/577
f 568/568/568 578/578/578 567/567/567
f 578/578/578 568/568/568 577/577/577
f 574/574/574 567/567/567 578/578/578
f 579/579/579 575/575/575 576/576/576
f 576/576/576 580/580/580 579/579/579
f 581/581/581 577/577/577 575/575/575
f 577/577/577 581/581/581 578/578/578
f 575/575/575 579/579/579 581/581/581
f 578/578/578 582/582/582 574/574/574
f 582/582/582 578/578/578 581/581/581
f 574/574/574 583/583/583 573/573/573
f 583/583/583 574/574/574 582/582/582
f 584/584/584 579/579/579 580/580/580
f 580/580/580 585/585/585 584/584/584
f 586/586/586 581/581/581 579/579/579
f 581/581/581 586/586/586 582/582/582
f 579/579/579 584/584/584 586/586/586
f 587/587/587 573/573/573 583/583/583
f 573/573/573 587/587/587 537/537/537
f 582/582/582 588/588/588 583/583/583
f 588/588/588 582/582/582 586/586/586
f 589/589/589 583/583/583 588/588/588
f 583/583/583 589/589/589 587/587/587
f 590/590/590 537/537/537 587/587/587
f 537/537/537 590/590/590 506/506/506
f 588/588/588 586/586/586 591/591/591
f 588/588/588 591/591/591 589/589/589
f 592/592/592 587/587/587 589/589/589
f 587/587/587 592/592/592 590/590/590
f 593/593/593 506/506/506 590/590/590
f 593/593/593 505/505/505 506/506/506
f 594/594/594 586/586/586 584/584/584
f 594/594/594 591/591/591 586/586/586
f 594/594/594 584/584/584 595/595/595
f 594/594/594 595/595/595 591/591/591
f 596/596/596 589/589/589 591/591/591
f 589/589/589 596/596/596 592/592/592
f 597/597/597 590/590/590 592/592/592
f 590/590/590 597/597/597 593/593/593
f 505/505/505 593/593/593 598/598/598
f 598/598/598 504/504/504 505/505/505
f 599/599/599 595/595/595 584/584/584
f 599/599/599 584/584/584 585/585/585
f 599/599/599 585/585/585 600/600/600
f 600/600/600 595/595/595 599/599/599
f 601/601/601 600/600/600 585/585/585
f 600/600/600 601/601/601 602/602/602
f 603/603/603 602/602/602 601/601/601
f 603/603/603 604/604/604 602/602/602
f 602/602/602 605/605/605 600/600/600
f 595/595/595 600/600/600 605/605/605
f 606/606/606 602/602/602 604/604/604
f 606/606/606 605/605/605 602/602/602
f 604/604/604 607/607/607 606/606/606
f 608/608/608 598/598/598 593/593/593
f 608/608/608 593/593/593 597/597/597
f 609/609/609 606/606/606 607/607/607
f 605/605/605 606/606/606 610/610/610
f 609/609/609 610/610/610 606/606/606
f 610/610/610 611/611/611 605/605/605
f 609/609/609 607/607/607 612/612/612
f 613/613/613 612/612/612 607/607/607
f 613/613/613 614/614/614 612/612/612
f 615/615/615 612/612/612 614/614/614
f 610/610/610 609/609/609 616/616/616
f 612/612/612 616/616/616 609/609/609
f 612/612/612 615/615/615 616/616/616
f 610/610/610 616/616/616 611/611/611
f 617/617/617 616/616/616 615/615/615
f 617/617/617 618/618/618 616/616/616
f 611/611/611 616/616/616 618/618/618
f 618/618/618 619/619/619 611/611/611
f 620/620/620 605/605/605 611/611/611
f 620/620/620 611/611/611 621/621/621
f 620/620/620 621/621/621 622/622/622
f 605/605/605 620/620/620 595/595/595
f 620/620/620 622/622/622 595/595/595
f 623/623/623 611/611/611 619/619/619
f 623/623/623 621/621/621 611/611/611
f 623/623/623 619/619/619 624/624/624
f 623/623/623 624/624/624 621/621/621
f 625/625/625 624/624/624 619/619/619
f 626/626/626 595/595/595 622/622/622
f 626/626/626 591/591/591 595/595/595
f 591/591/591 626/626/626 596/596/596
f 627/627/627 596/596/596 626/626/626
f 626/626/626 622/622/622 627/627/627
f 624/624/624 625/625/625 628/628/628
f 629/629/629 628/628/628 625/625/625
f 629/629/629 630/630/630 628/628/628
f 631/631/631 628/628/628 630/630/630
f 630/630/630 632/632/632 631/631/631
f 628/628/628 633/633/633 624/624/624
f 633/633/633 628/628/628 631/631/631
f 596/596/596 627/627/627 634/634/634
f 634/634/634 592/592/592 596/596/596
f 592/592/592 634/634/634 597/597/597
f 635/635/635 597/597/597 634/634/634
f 597/597/597 635/635/635 608/608/608
f 636/636/636 634/634/634 627/627/627
f 634/634/634 636/636/636 635/635/635
f 637/637/637 608/608/608 635/635/635
f 608/608/608 637/637/637 598/598/598
f 631/631/631 632/632/632 638/638/638
f 631/631/631 638/638/638 633/633/633
f 639/639/639 624/624/624 633/633/633
f 639/639/639 621/621/621 624/624/624
f 627/627/627 640/640/640 636/636/636
f 640/640/640 627/627/627 622/622/622
f 641/641/641 635/635/635 636/636/636
f 635/635/635 641/641/641 637/637/637
f 642/642/642 636/636/636 640/640/640
f 636/636/636 642/642/642 641/641/641
f 643/643/643 622/622/622 621/621/621
f 639/639/639 644/644/644 621/621/621
f 643/643/643 621/621/621 644/644/644
f 645/645/645 622/622/622 643/643/643
f 622/622/622 645/645/645 640/640/640
f 643/643/643 644/644/644 646/646/646
f 643/643/643 646/646/646 645/645/645
f 633/633/633 647/647/647 639/639/639
f 639/639/639 648/648/648 644/644/644
f 648/648/648 639/639/639 647/647/647
f 649/649/649 647/647/647 633/633/633
f 649/649/649 633/633/633 638/638/638
f 650/650/650 640/640/640 645/645/645
f 642/642/642 640/640/640 651/651/651
f 650/650/650 651/651/651 640/640/640
f 652/652/652 645/645/645 646/646/646
f 645/645/645 652/652/652 650/650/650
f 648/648/648 653/653/653 644/644/644
f 647/647/647 654/654/654 648/648/648
f 653/653/653 648/648/648 654/654/654
f 649/649/649 655/655/655 647/647/647
f 654/654/654 647/647/647 655/655/655
f 649/649/649 638/638/638 656/656/656
f 649/649/649 656/656/656 655/655/655
f 657/657/657 646/646/646 644/644/644
f 657/657/657 644/644/644 653/653/653
f 654/654/654 658/658/658 653/653/653
f 659/659/659 653/653/653 658/658/658
f 653/653/653 659/659/659 657/657/657
f 658/658/658 654/654/654 660/660/660
f 655/655/655 660/660/660 654/654/654
f 661/661/661 657/657/657 659/659/659
f 661/661/661 662/662/662 657/657/657
f 646/646/646 657/657/657 662/662/662
f 662/662/662 663/663/663 646/646/646
f 652/652/652 646/646/646 663/663/663
f 660/660/660 655/655/655 664/664/664
f 663/663/663 665/665/665 652/652/652
f 666/666/666 664/664/664 655/655/655
f 666/666/666 655/655/655 656/656/656
f 666/666/666 667/667/667 664/664/664
f 666/666/666 656/656/656 667/667/667
f 668/668/668 664/664/664 667/667/667
f 669/669/669 652/652/652 665/665/665
f 669/669/669 650/650/650 652/652/652
f 669/669/669 665/665/665 670/670/670
f 669/669/669 670/670/670 650/650/650
f 671/671/671 670/670/670 665/665/665
f 670/670/670 671/671/671 672/672/672
f 651/651/651 650/650/650 670/670/670
f 670/670/670 672/672/672 651/651/651
f 673/673/673 672/672/672 671/671/671
f 673/673/673 674/674/674 672/672/672
f 674/674/674 668/668/668 675/675/675
f 667/667/667 675/675/675 668/668/668
f 675/675/675 672/672/672 674/674/674
f 676/676/676 651/651/651 672/672/672
f 651/651/651 676/676/676 642/642/642
f 675/675/675 677/677/677 672/672/672
f 675/675/675 667/667/667 677/677/677
f 676/676/676 672/672/672 677/677/677
f 642/642/642 676/676/676 678/678/678
f 678/678/678 641/641/641 642/642/642
f 679/679/679 677/677/677 667/667/667
f 679/679/679 667/667/667 656/656/656
f 676/676/676 677/677/677 680/680/680
f 680/680/680 678/678/678 676/676/676
f 641/641/641 678/678/678 681/681/681
f 681/681/681 637/637/637 641/641/641
f 656/656/656 682/682/682 679/679/679
f 682/682/682 656/656/656 638/638/638
f 682/682/682 638/638/638 683/683/683
f 632/632/632 683/683/683 638/638/638
f 684/684/684 680/680/680 677/677/677
f 677/677/677 679/679/679 684/684/684
f 678/678/678 680/680/680 685/685/685
f 685/685/685 681/681/681 678/678/678
f 686/686/686 679/679/679 682/682/682
f 682/682/682 683/683/683 686/686/686
f 683/683/683 632/632/632 687/687/687
f 688/688/688 687/687/687 632/632/632
f 687/687/687 688/688/688 689/689/689
f 683/683/683 687/687/687 690/690/690
f 690/690/690 686/686/686 683/683/683
f 679/679/679 686/686/686 691/691/691
f 691/691/691 684/684/684 679/679/679
f 680/680/680 684/684/684 692/692/692
f 692/692/692 685/685/685 680/680/680
f 689/689/689 693/693/693 687/687/687
f 693/693/693 690/690/690 687/687/687
f 693/693/693 694/694/694 690/690/690
f 686/686/686 690/690/690 695/695/695
f 695/695/695 691/691/691 686/686/686
f 690/690/690 694/694/694 695/695/695
f 693/693/693 689/689/689 696/696/696
f 693/693/693 696/696/696 694/694/694
f 697/697/697 696/696/696 689/689/689
f 697/697/697 698/698/698 696/696/696
f 684/684/684 691/691/691 699/699/699
f 699/699/699 692/692/692 684/684/684
f 691/691/691 695/695/695 700/700/700
f 700/700/700 699/699/699 691/691/691
f 701/701/701 695/695/695 694/694/694
f 701/701/701 700/700/700 695/695/695
f 701/701/701 702/702/702 700/700/700
f 702/702/702 701/701/701 694/694/694
f 703/703/703 694/694/694 696/696/696
f 703/703/703 696/696/696 698/698/698
f 700/700/700 704/704/704 699/699/699
f 704/704/704 700/700/700 702/702/702
f 694/694/694 705/705/705 702/702/702
f 694/694/694 703/703/703 705/705/705
f 702/702/702 705/705/705 704/704/704
f 699/699/699 706/706/706 692/692/692
f 706/706/706 699/699/699 704/704/704
f 707/707/707 704/704/704 705/705/705
f 704/704/704 707/707/707 706/706/706
f 708/708/708 705/705/705 703/703/703
f 705/705/705 708/708/708 707/707/707
f 698/698/698 709/709/709 703/703/703
f 708/708/708 703/703/703 709/709/709
f 710/710/710 692/692/692 706/706/706
f 692/692/692 710/710/710 685/685/685
f 711/711/711 707/707/707 708/708/708
f 708/708/708 709/709/709 711/711/711
f 712/712/712 706/706/706 707/707/707
f 706/706/706 712/712/712 710/710/710
f 707/707/707 711/711/711 712/712/712
f 713/713/713 685/685/685 710/710/710
f 685/685/685 713/713/713 681/681/681
f 714/714/714 710/710/710 712/712/712
f 710/710/710 714/714/714 713/713/713
f 715/715/715 712/712/712 711/711/711
f 712/712/712 715/715/715 714/714/714
f 716/716/716 681/681/681 713/713/713
f 681/681/681 716/716/716 637/637/637
f 717/717/717 713/713/713 714/714/714
f 713/713/713 717/717/717 716/716/716
f 718/718/718 637/637/637 716/716/716
f 718/718/718 598/598/598 637/637/637
f 716/716/716 719/719/719 718/718/718
f 719/719/719 716/716/716 717/717/717
f 718/718/718 720/720/720 598/598/598
f 720/720/720 718/718/718 719/719/719
f 504/504/504 598/598/598 720/720/720
f 720/720/720 502/502/502 504/504/504
f 502/502/502 720/720/720 721/721/721
f 719/719/719 721/721/721 720/720/720
f 721/721/721 507/507/507 502/502/502
f 714/714/714 722/722/722 717/717/717
f 722/722/722 714/714/714 715/715/715
f 717/717/717 723/723/723 719/719/719
f 721/721/721 719/719/719 723/723/723
f 723/723/723 717/717/717 722/722/722
f 507/507/507 721/721/721 724/724/724
f 723/723/723 724/724/724 721/721/721
f 507/507/507 724/724/724 482/482/482
f 722/722/722 725/725/725 723/723/723
f 724/724/724 723/723/723 725/725/725
f 715/715/715 726/726/726 722/722/722
f 725/725/725 722/722/722 726/726/726
f 727/727/727 482/482/482 724/724/724
f 482/482/482 727/727/727 491/491/491
f 727/727/727 728/728/728 491/491/491
f 727/727/727 724/724/724 729/729/729
f 725/725/725 729/729/729 724/724/724
f 727/727/727 729/729/729 728/728/728
f 726/726/726 715/715/715 730/730/730
f 711/711/711 730/730/730 715/715/715
f 730/730/730 711/711/711 709/709/709
f 726/726/726 731/731/731 725/725/725
f 729/729/729 725/725/725 731/731/731
f 730/730/730 732/732/732 726/726/726
f 730/730/730 709/709/709 732/732/732
f 731/731/731 726/726/726 732/732/732
f 733/733/733 732/732/732 709/709/709
f 698/698/698 733/733/733 709/709/709
f 734/734/734 733/733/733 698/698/698
f 735/735/735 732/732/732 733/733/733
f 733/733/733 734/734/734 735/735/735
f 732/732/732 735/735/735 731/731/731
f 736/736/736 735/735/735 734/734/734
f 737/737/737 731/731/731 735/735/735
f 735/735/735 736/736/736 737/737/737
f 731/731/731 737/737/737 729/729/729
f 738/738/738 737/737/737 736/736/736
f 739/739/739 729/729/729 737/737/737
f 737/737/737 738/738/738 739/739/739
f 740/740/740 739/739/739 738/738/738
f 739/739/739 728/728/728 729/729/729
f 739/739/739 740/740/740 728/728/728
f 741/741/741 728/728/728 740/740/740
f 728/728/728 741/741/741 742/742/742
f 743/743/743 742/742/742 741/741/741
f 743/743/743 744/744/744 742/742/742
f 728/728/728 742/742/742 745/745/745
f 745/745/745 491/491/491 728/728/728
f 491/491/491 745/745/745 492/492/492
f 746/746/746 492/492/492 745/745/745
f 745/745/745 742/742/742 746/746/746
f 746/746/746 493/493/493 492/492/492
f 747/747/747 742/742/742 744/744/744
f 747/747/747 746/746/746 742/742/742
f 746/746/746 747/747/747 493/493/493
f 744/744/744 748/748/748 747/747/747
f 749/749/749 493/493/493 747/747/747
f 749/749/749 747/747/747 748/748/748
f 752/752/752 751/751/751 750/750/750
f 753/753/753 750/750/750 751/751/751
f 751/751/751 754/754/754 753/753/753
f 750/750/750 753/753/753 755/755/755
f 756/756/756 753/753/753 754/754/754
f 754/754/754 757/757/757 756/756/756
f 758/758/758 755/755/755 753/753/753
f 753/753/753 756/756/756 758/758/758
f 755/755/755 758/758/758 759/759/759
f 760/760/760 759/759/759 758/758/758
f 759/759/759 760/760/760 761/761/761
f 762/762/762 756/756/756 757/757/757
f 763/763/763 758/758/758 756/756/756
f 762/762/762 763/763/763 756/756/756
f 762/762/762 757/757/757 764/764/764
f 765/765/765 764/764/764 757/757/757
f 764/764/764 766/766/766 762/762/762
f 767/767/767 762/762/762 766/766/766
f 762/762/762 767/767/767 763/763/763
f 766/766/766 768/768/768 767/767/767
f 763/763/763 769/769/769 758/758/758
f 769/769/769 763/763/763 767/767/767
f 760/760/760 758/758/758 769/769/769
f 770/770/770 767/767/767 768/768/768
f 767/767/767 770/770/770 769/769/769
f 770/770/770 768/768/768 771/771/771
f 772/772/772 771/771/771 768/768/768
f 771/771/771 772/772/772 773/773/773
f 774/774/774 773/773/773 772/772/772
f 773/773/773 774/774/774 775/775/775
f 776/776/776 775/775/775 774/774/774
f 776/776/776 777/777/777 775/775/775
f 773/773/773 778/778/778 771/771/771
f 773/773/773 775/775/775 778/778/778
f 779/779/779 775/775/775 777/777/777
f 777/777/777 780/780/780 779/779/779
f 769/769/769 781/781/781 760/760/760
f 782/782/782 769/769/769 770/770/770
f 769/769/769 782/782/782 781/781/781
f 770/770/770 771/771/771 783/783/783
f 783/783/783 782/782/782 770/770/770
f 784/784/784 783/783/783 771/771/771
f 784/784/784 771/771/771 778/778/778
f 785/785/785 760/760/760 781/781/781
f 785/785/785 781/781/781 786/786/786
f 785/785/785 761/761/761 760/760/760
f 785/785/785 786/786/786 761/761/761
f 787/787/787 761/761/761 786/786/786
f 787/787/787 786/786/786 788/788/788
f 782/782/782 783/783/783 789/789/789
f 784/784/784 789/789/789 783/783/783
f 790/790/790 788/788/788 786/786/786
f 788/788/788 790/790/790 791/791/791
f 792/792/792 791/791/791 790/790/790
f 791/791/791 792/792/792 793/793/793
f 794/794/794 793/793/793 792/792/792
f 793/793/793 794/794/794 795/795/795
f 796/796/796 795/795/795 794/794/794
f 795/795/795 796/796/796 797/797/797
f 798/798/798 797/797/797 796/796/796
f 797/797/797 798/798/798 799/799/799
f 796/796/796 794/794/794 800/800/800
f 796/796/796 800/800/800 798/798/798
f 794/794/794 792/792/792 801/801/801
f 801/801/801 800/800/800 794/794/794
f 792/792/792 790/790/790 802/802/802
f 802/802/802 801/801/801 792/792/792
f 790/790/790 786/786/786 803/803/803
f 803/803/803 802/802/802 790/790/790
f 804/804/804 799/799/799 798/798/798
f 799/799/799 804/804/804 805/805/805
f 801/801/801 802/802/802 806/806/806
f 801/801/801 806/806/806 800/800/800
f 807/807/807 798/798/798 800/800/800
f 798/798/798 807/807/807 804/804/804
f 808/808/808 803/803/803 786/786/786
f 808/808/808 786/786/786 781/781/781
f 802/802/802 803/803/803 809/809/809
f 809/809/809 806/806/806 802/802/802
f 808/808/808 781/781/781 810/810/810
f 782/782/782 810/810/810 781/781/781
f 803/803/803 808/808/808 811/811/811
f 811/811/811 809/809/809 803/803/803
f 810/810/810 811/811/811 808/808/808
f 810/810/810 782/782/782 812/812/812
f 789/789/789 812/812/812 782/782/782
f 811/811/811 810/810/810 813/813/813
f 812/812/812 813/813/813 810/810/810
f 809/809/809 811/811/811 814/814/814
f 813/813/813 814/814/814 811/811/811
f 812/812/812 789/789/789 815/815/815
f 812/812/812 815/815/815 813/813/813
f 806/806/806 809/809/809 816/816/816
f 814/814/814 816/816/816 809/809/809
f 817/817/817 815/815/815 789/789/789
f 789/789/789 784/784/784 817/817/817
f 818/818/818 817/817/817 784/784/784
f 784/784/784 778/778/778 818/818/818
f 814/814/814 813/813/813 819/819/819
f 816/816/816 814/814/814 820/820/820
f 819/819/819 820/820/820 814/814/814
f 821/821/821 819/819/819 813/813/813
f 821/821/821 813/813/813 815/815/815
f 819/819/819 821/821/821 822/822/822
f 819/819/819 822/822/822 820/820/820
f 821/821/821 815/815/815 823/823/823
f 823/823/823 822/822/822 821/821/821
f 815/815/815 817/817/817 824/824/824
f 824/824/824 823/823/823 815/815/815
f 824/824/824 825/825/825 823/823/823
f 826/826/826 824/824/824 817/817/817
f 817/817/817 818/818/818 826/826/826
f 824/824/824 826/826/826 825/825/825
f 823/823/823 827/827/827 822/822/822
f 827/827/827 823/823/823 825/825/825
f 828/828/828 826/826/826 818/818/818
f 829/829/829 825/825/825 826/826/826
f 826/826/826 828/828/828 829/829/829
f 818/818/818 830/830/830 828/828/828
f 830/830/830 818/818/818 778/778/778
f 778/778/778 831/831/831 830/830/830
f 831/831/831 778/778/778 775/775/775
f 831/831/831 775/775/775 832/832/832
f 779/779/779 832/832/832 775/775/775
f 833/833/833 830/830/830 831/831/831
f 831/831/831 832/832/832 833/833/833
f 834/834/834 828/828/828 830/830/830
f 830/830/830 833/833/833 834/834/834
f 835/835/835 829/829/829 828/828/828
f 828/828/828 834/834/834 835/835/835
f 832/832/832 779/779/779 836/836/836
f 837/837/837 833/833/833 832/832/832
f 832/832/832 836/836/836 837/837/837
f 838/838/838 834/834/834 833/833/833
f 833/833/833 837/837/837 838/838/838
f 839/839/839 835/835/835 834/834/834
f 834/834/834 838/838/838 839/839/839
f 840/840/840 836/836/836 779/779/779
f 840/840/840 779/779/779 780/780/780
f 840/840/840 780/780/780 841/841/841
f 842/842/842 841/841/841 780/780/780
f 836/836/836 840/840/840 843/843/843
f 841/841/841 843/843/843 840/840/840
f 841/841/841 842/842/842 844/844/844
f 845/845/845 844/844/844 842/842/842
f 841/841/841 846/846/846 843/843/843
f 846/846/846 841/841/841 844/844/844
f 844/844/844 845/845/845 847/847/847
f 848/848/848 847/847/847 845/845/845
f 847/847/847 848/848/848 849/849/849
f 850/850/850 849/849/849 848/848/848
f 849/849/849 851/851/851 847/847/847
f 847/847/847 852/852/852 844/844/844
f 852/852/852 847/847/847 851/851/851
f 844/844/844 852/852/852 846/846/846
f 852/852/852 851/851/851 853/853/853
f 854/854/854 853/853/853 851/851/851
f 854/854/854 855/855/855 853/853/853
f 856/856/856 853/853/853 855/855/855
f 855/855/855 857/857/857 856/856/856
f 858/858/858 856/856/856 857/857/857
f 857/857/857 859/859/859 858/858/858
f 856/856/856 860/860/860 853/853/853
f 856/856/856 858/858/858 860/860/860
f 853/853/853 861/861/861 852/852/852
f 861/861/861 853/853/853 860/860/860
f 862/862/862 858/858/858 859/859/859
f 859/859/859 863/863/863 862/862/862
f 864/864/864 860/860/860 858/858/858
f 858/858/858 862/862/862 864/864/864
f 865/865/865 862/862/862 863/863/863
f 863/863/863 866/866/866 865/865/865
f 867/867/867 865/865/865 866/866/866
f 862/862/862 865/865/865 868/868/868
f 868/868/868 864/864/864 862/862/862
f 865/865/865 867/867/867 869/869/869
f 869/869/869 868/868/868 865/865/865
f 870/870/870 869/869/869 867/867/867
f 860/860/860 864/864/864 871/871/871
f 860/860/860 871/871/871 861/861/861
f 864/864/864 868/868/868 872/872/872
f 872/872/872 871/871/871 864/864/864
f 868/868/868 869/869/869 873/873/873
f 873/873/873 872/872/872 868/868/868
f 869/869/869 870/870/870 874/874/874
f 874/874/874 873/873/873 869/869/869
f 875/875/875 874/874/874 870/870/870
f 874/874/874 875/875/875 876/876/876
f 877/877/877 876/876/876 875/875/875
f 873/873/873 874/874/874 878/878/878
f 876/876/876 878/878/878 874/874/874
f 872/872/872 873/873/873 879/879/879
f 878/878/878 879/879/879 873/873/873
f 876/876/876 877/877/877 880/880/880
f 881/881/881 880/880/880 877/877/877
f 881/881/881 882/882/882 880/880/880
f 878/878/878 876/876/876 883/883/883
f 880/880/880 883/883/883 876/876/876
f 884/884/884 880/880/880 882/882/882
f 880/880/880 884/884/884 883/883/883
f 882/882/882 885/885/885 884/884/884
f 883/883/883 886/886/886 878/878/878
f 879/879/879 878/878/878 886/886/886
f 879/879/879 887/887/887 872/872/872
f 871/871/871 872/872/872 887/887/887
f 887/887/887 888/888/888 871/871/871
f 887/887/887 879/879/879 889/889/889
f 886/886/886 889/889/889 879/879/879
f 887/887/887 889/889/889 888/888/888
f 890/890/890 883/883/883 884/884/884
f 883/883/883 890/890/890 886/886/886
f 891/891/891 884/884/884 885/885/885
f 884/884/884 891/891/891 890/890/890
f 885/885/885 892/892/892 891/891/891
f 893/893/893 886/886/886 890/890/890
f 886/886/886 893/893/893 889/889/889
f 894/894/894 890/890/890 891/891/891
f 890/890/890 894/894/894 893/893/893
f 895/895/895 891/891/891 892/892/892
f 891/891/891 895/895/895 894/894/894
f 892/892/892 896/896/896 895/895/895
f 897/897/897 895/895/895 896/896/896
f 896/896/896 898/898/898 897/897/897
f 899/899/899 897/897/897 898/898/898
f 900/900/900 894/894/894 895/895/895
f 895/895/895 897/897/897 900/900/900
f 897/897/897 899/899/899 901/901/901
f 901/901/901 900/900/900 897/897/897
f 902/902/902 901/901/901 899/899/899
f 903/903/903 893/893/893 894/894/894
f 894/894/894 900/900/900 903/903/903
f 904/904/904 889/889/889 893/893/893
f 893/893/893 903/903/903 904/904/904
f 901/901/901 902/902/902 905/905/905
f 906/906/906 905/905/905 902/902/902
f 900/900/900 901/901/901 907/907/907
f 907/907/907 903/903/903 900/900/900
f 905/905/905 907/907/907 901/901/901
f 905/905/905 906/906/906 908/908/908
f 909/909/909 908/908/908 906/906/906
f 909/909/909 910/910/910 908/908/908
f 903/903/903 907/907/907 911/911/911
f 911/911/911 904/904/904 903/903/903
f 907/907/907 905/905/905 912/912/912
f 908/908/908 912/912/912 905/905/905
f 912/912/912 911/911/911 907/907/907
f 913/913/913 908/908/908 910/910/910
f 908/908/908 913/913/913 912/912/912
f 912/912/912 914/914/914 911/911/911
f 914/914/914 912/912/912 913/913/913
f 913/913/913 910/910/910 915/915/915
f 916/916/916 915/915/915 910/910/910
f 911/911/911 917/917/917 904/904/904
f 917/917/917 911/911/911 914/914/914
f 914/914/914 913/913/913 918/918/918
f 915/915/915 918/918/918 913/913/913
f 915/915/915 916/916/916 919/919/919
f 920/920/920 919/919/919 916/916/916
f 919/919/919 920/920/920 921/921/921
f 922/922/922 921/921/921 920/920/920
f 921/921/921 923/923/923 919/919/919
f 924/924/924 915/915/915 919/919/919
f 924/924/924 919/919/919 923/923/923
f 915/915/915 924/924/924 918/918/918
f 923/923/923 925/925/925 924/924/924
f 918/918/918 926/926/926 914/914/914
f 917/917/917 914/914/914 926/926/926
f 927/927/927 918/918/918 924/924/924
f 918/918/918 927/927/927 926/926/926
f 928/928/928 924/924/924 925/925/925
f 928/928/928 927/927/927 924/924/924
f 925/925/925 929/929/929 928/928/928
f 928/928/928 930/930/930 927/927/927
f 931/931/931 928/928/928 929/929/929
f 928/928/928 931/931/931 930/930/930
f 931/931/931 929/929/929 932/932/932
f 933/933/933 932/932/932 929/929/929
f 932/932/932 933/933/933 934/934/934
f 935/935/935 934/934/934 933/933/933
f 935/935/935 936/936/936 934/934/934
f 931/931/931 932/932/932 937/937/937
f 937/937/937 930/930/930 931/931/931
f 938/938/938 926/926/926 927/927/927
f 938/938/938 927/927/927 930/930/930
f 938/938/938 939/939/939 926/926/926
f 938/938/938 930/930/930 939/939/939
f 940/940/940 934/934/934 936/936/936
f 936/936/936 941/941/941 940/940/940
f 942/942/942 940/940/940 941/941/941
f 941/941/941 943/943/943 942/942/942
f 944/944/944 937/937/937 932/932/932
f 932/932/932 934/934/934 944/944/944
f 940/940/940 945/945/945 934/934/934
f 940/940/940 942/942/942 945/945/945
f 946/946/946 926/926/926 939/939/939
f 926/926/926 946/946/946 917/917/917
f 947/947/947 939/939/939 930/930/930
f 930/930/930 937/937/937 947/947/947
f 948/948/948 944/944/944 934/934/934
f 948/948/948 934/934/934 945/945/945
f 917/917/917 946/946/946 949/949/949
f 949/949/949 904/904/904 917/917/917
f 939/939/939 950/950/950 946/946/946
f 939/939/939 947/947/947 950/950/950
f 949/949/949 951/951/951 904/904/904
f 889/889/889 904/904/904 951/951/951
f 951/951/951 888/888/888 889/889/889
f 952/952/952 949/949/949 946/946/946
f 949/949/949 952/952/952 951/951/951
f 952/952/952 946/946/946 950/950/950
f 950/950/950 953/953/953 952/952/952
f 954/954/954 951/951/951 952/952/952
f 951/951/951 954/954/954 888/888/888
f 954/954/954 952/952/952 953/953/953
f 955/955/955 950/950/950 947/947/947
f 950/950/950 955/955/955 953/953/953
f 956/956/956 888/888/888 954/954/954
f 954/954/954 953/953/953 956/956/956
f 947/947/947 957/957/957 955/955/955
f 957/957/957 947/947/947 937/937/937
f 957/957/957 937/937/937 958/958/958
f 944/944/944 958/958/958 937/937/937
f 958/958/958 944/944/944 959/959/959
f 948/948/948 959/959/959 944/944/944
f 959/959/959 948/948/948 960/960/960
f 945/945/945 960/960/960 948/948/948
f 956/956/956 961/961/961 888/888/888
f 962/962/962 956/956/956 953/953/953
f 956/956/956 962/962/962 961/961/961
f 963/963/963 888/888/888 961/961/961
f 963/963/963 871/871/871 888/888/888
f 963/963/963 861/861/861 871/871/871
f 964/964/964 963/963/963 961/961/961
f 963/963/963 964/964/964 861/861/861
f 965/965/965 961/961/961 962/962/962
f 961/961/961 965/965/965 964/964/964
f 966/966/966 861/861/861 964/964/964
f 966/966/966 852/852/852 861/861/861
f 966/966/966 846/846/846 852/852/852
f 966/966/966 964/964/964 846/846/846
f 967/967/967 846/846/846 964/964/964
f 967/967/967 964/964/964 965/965/965
f 967/967/967 843/843/843 846/846/846
f 967/967/967 965/965/965 843/843/843
f 968/968/968 843/843/843 965/965/965
f 965/965/965 962/962/962 968/968/968
f 843/843/843 968/968/968 836/836/836
f 969/969/969 968/968/968 962/962/962
f 962/962/962 953/953/953 969/969/969
f 970/970/970 836/836/836 968/968/968
f 968/968/968 969/969/969 970/970/970
f 970/970/970 837/837/837 836/836/836
f 971/971/971 969/969/969 953/953/953
f 971/971/971 953/953/953 955/955/955
f 837/837/837 970/970/970 972/972/972
f 972/972/972 838/838/838 837/837/837
f 973/973/973 970/970/970 969/969/969
f 969/969/969 971/971/971 973/973/973
f 973/973/973 972/972/972 970/970/970
f 955/955/955 974/974/974 971/971/971
f 974/974/974 955/955/955 957/957/957
f 975/975/975 973/973/973 971/971/971
f 975/975/975 971/971/971 974/974/974
f 973/973/973 975/975/975 972/972/972
f 974/974/974 957/957/957 976/976/976
f 974/974/974 976/976/976 975/975/975
f 958/958/958 976/976/976 957/957/957
f 838/838/838 972/972/972 977/977/977
f 977/977/977 839/839/839 838/838/838
f 978/978/978 972/972/972 975/975/975
f 978/978/978 975/975/975 976/976/976
f 978/978/978 977/977/977 972/972/972
f 978/978/978 976/976/976 977/977/977
f 976/976/976 958/958/958 979/979/979
f 979/979/979 977/977/977 976/976/976
f 977/977/977 979/979/979 839/839/839
f 959/959/959 979/979/979 958/958/958
f 980/980/980 839/839/839 979/979/979
f 979/979/979 959/959/959 980/980/980
f 839/839/839 980/980/980 835/835/835
f 960/960/960 980/980/980 959/959/959
f 981/981/981 835/835/835 980/980/980
f 980/980/980 960/960/960 981/981/981
f 835/835/835 981/981/981 829/829/829
f 982/982/982 981/981/981 960/960/960
f 960/960/960 945/945/945 982/982/982
f 983/983/983 829/829/829 981/981/981
f 981/981/981 982/982/982 983/983/983
f 829/829/829 983/983/983 825/825/825
f 984/984/984 982/982/982 945/945/945
f 984/984/984 945/945/945 942/942/942
f 985/985/985 983/983/983 982/982/982
f 982/982/982 984/984/984 985/985/985
f 986/986/986 825/825/825 983/983/983
f 983/983/983 985/985/985 986/986/986
f 986/986/986 987/987/987 825/825/825
f 827/827/827 825/825/825 987/987/987
f 988/988/988 986/986/986 985/985/985
f 986/986/986 988/988/988 987/987/987
f 989/989/989 985/985/985 984/984/984
f 985/985/985 989/989/989 988/988/988
f 984/984/984 942/942/942 990/990/990
f 984/984/984 990/990/990 989/989/989
f 942/942/942 991/991/991 990/990/990
f 991/991/991 942/942/942 943/943/943
f 992/992/992 989/989/989 990/990/990
f 990/990/990 991/991/991 992/992/992
f 991/991/991 943/943/943 993/993/993
f 994/994/994 993/993/993 943/943/943
f 995/995/995 988/988/988 989/989/989
f 989/989/989 992/992/992 995/995/995
f 993/993/993 996/996/996 991/991/991
f 992/992/992 991/991/991 996/996/996
f 993/993/993 994/994/994 997/997/997
f 998/998/998 997/997/997 994/994/994
f 996/996/996 993/993/993 999/999/999
f 997/997/997 999/999/999 993/993/993
f 997/997/997 998/998/998 1000/1000/1000
f 1001/1001/1001 1000/1000/1000 998/998/998
f 997/997/997 1000/1000/1000 1002/1002/1002
f 999/999/999 997/997/997 1002/1002/1002
f 1003/1003/1003 1002/1002/1002 1000/1000/1000
f 999/999/999 1002/1002/1002 1004/1004/1004
f 999/999/999 1004/1004/1004 996/996/996
f 1002/1002/1002 1003/1003/1003 1005/1005/1005
f 1005/1005/1005 1004/1004/1004 1002/1002/1002
f 1006/1006/1006 1005/1005/1005 1003/1003/1003
f 1005/1005/1005 1006/1006/1006 1007/1007/1007
f 1008/1008/1008 1007/1007/1007 1006/1006/1006
f 1007/1007/1007 1009/1009/1009 1005/1005/1005
f 1004/1004/1004 1005/1005/1005 1009/1009/1009
f 1009/1009/1009 1010/1010/1010 1004/1004/1004
f 1011/1011/1011 1004/1004/1004 1010/1010/1010
f 1011/1011/1011 996/996/996 1004/1004/1004
f 1010/1010/1010 1012/1012/1012 1011/1011/1011
f 996/996/996 1011/1011/1011 1013/1013/1013
f 992/992/992 996/996/996 1013/1013/1013
f 1014/1014/1014 1011/1011/1011 1012/1012/1012
f 1014/1014/1014 1013/1013/1013 1011/1011/1011
f 1014/1014/1014 1012/1012/1012 1015/1015/1015
f 1014/1014/1014 1015/1015/1015 1013/1013/1013
f 1016/1016/1016 1015/1015/1015 1012/1012/1012
f 1016/1016/1016 1017/1017/1017 1015/1015/1015
f 992/992/992 1013/1013/1013 1018/1018/1018
f 1018/1018/1018 995/995/995 992/992/992
f 1019/1019/1019 1015/1015/1015 1017/1017/1017
f 1017/1017/1017 1020/1020/1020 1019/1019/1019
f 1021/1021/1021 1013/1013/1013 1015/1015/1015
f 1021/1021/1021 1018/1018/1018 1013/1013/1013
f 995/995/995 1018/1018/1018 1022/1022/1022
f 995/995/995 1022/1022/1022 988/988/988
f 1021/1021/1021 1015/1015/1015 1023/1023/1023
f 1019/1019/1019 1023/1023/1023 1015/1015/1015
f 1018/1018/1018 1021/1021/1021 1024/1024/1024
f 1024/1024/1024 1022/1022/1022 1018/1018/1018
f 1023/1023/1023 1024/1024/1024 1021/1021/1021
f 1025/1025/1025 1019/1019/1019 1020/1020/1020
f 1020/1020/1020 1026/1026/1026 1025/1025/1025
f 1023/1023/1023 1019/1019/1019 1027/1027/1027
f 1025/1025/1025 1027/1027/1027 1019/1019/1019
f 1024/1024/1024 1023/1023/1023 1028/1028/1028
f 1027/1027/1027 1028/1028/1028 1023/1023/1023
f 1029/1029/1029 1025/1025/1025 1026/1026/1026
f 1026/1026/1026 1030/1030/1030 1029/1029/1029
f 1027/1027/1027 1025/1025/1025 1031/1031/1031
f 1029/1029/1029 1031/1031/1031 1025/1025/1025
f 1032/1032/1032 1029/1029/1029 1030/1030/1030
f 1030/1030/1030 1033/1033/1033 1032/1032/1032
f 1031/1031/1031 1034/1034/1034 1027/1027/1027
f 1028/1028/1028 1027/1027/1027 1034/1034/1034
f 1031/1031/1031 1029/1029/1029 1035/1035/1035
f 1032/1032/1032 1035/1035/1035 1029/1029/1029
f 1031/1031/1031 1035/1035/1035 1034/1034/1034
f 1036/1036/1036 1032/1032/1032 1033/1033/1033
f 1032/1032/1032 1036/1036/1036 1035/1035/1035
f 1033/1033/1033 1037/1037/1037 1036/1036/1036
f 1028/1028/1028 1038/1038/1038 1024/1024/1024
f 1022/1022/1022 1024/1024/1024 1038/1038/1038
f 1039/1039/1039 1036/1036/1036 1037/1037/1037
f 1037/1037/1037 1040/1040/1040 1039/1039/1039
f 1041/1041/1041 1035/1035/1035 1036/1036/1036
f 1036/1036/1036 1039/1039/1039 1041/1041/1041
f 1034/1034/1034 1042/1042/1042 1028/1028/1028
f 1038/1038/1038 1028/1028/1028 1042/1042/1042
f 1043/1043/1043 1034/1034/1034 1035/1035/1035
f 1035/1035/1035 1041/1041/1041 1043/1043/1043
f 1043/1043/1043 1044/1044/1044 1034/1034/1034
f 1042/1042/1042 1034/1034/1034 1044/1044/1044
f 1045/1045/1045 1043/1043/1043 1041/1041/1041
f 1043/1043/1043 1045/1045/1045 1044/1044/1044
f 1038/1038/1038 1046/1046/1046 1022/1022/1022
f 1042/1042/1042 1047/1047/1047 1038/1038/1038
f 1046/1046/1046 1038/1038/1038 1047/1047/1047
f 1044/1044/1044 1048/1048/1048 1042/1042/1042
f 1047/1047/1047 1042/1042/1042 1048/1048/1048
f 1049/1049/1049 1044/1044/1044 1045/1045/1045
f 1044/1044/1044 1049/1049/1049 1048/1048/1048
f 1045/1045/1045 1041/1041/1041 1050/1050/1050
f 1045/1045/1045 1050/1050/1050 1049/1049/1049
f 1051/1051/1051 1022/1022/1022 1046/1046/1046
f 1051/1051/1051 988/988/988 1022/1022/1022
f 1051/1051/1051 987/987/987 988/988/988
f 1046/1046/1046 1052/1052/1052 1051/1051/1051
f 987/987/987 1051/1051/1051 1052/1052/1052
f 1046/1046/1046 1047/1047/1047 1052/1052/1052
f 987/987/987 1052/1052/1052 827/827/827
f 1053/1053/1053 827/827/827 1052/1052/1052
f 1053/1053/1053 822/822/822 827/827/827
f 1054/1054/1054 1052/1052/1052 1047/1047/1047
f 1052/1052/1052 1054/1054/1054 1053/1053/1053
f 822/822/822 1053/1053/1053 1055/1055/1055
f 1055/1055/1055 820/820/820 822/822/822
f 1054/1054/1054 1047/1047/1047 1056/1056/1056
f 1056/1056/1056 1057/1057/1057 1054/1054/1054
f 1048/1048/1048 1056/1056/1056 1047/1047/1047
f 1058/1058/1058 1053/1053/1053 1054/1054/1054
f 1058/1058/1058 1055/1055/1055 1053/1053/1053
f 1058/1058/1058 1054/1054/1054 1057/1057/1057
f 1058/1058/1058 1057/1057/1057 1055/1055/1055
f 1055/1055/1055 1059/1059/1059 820/820/820
f 1059/1059/1059 1055/1055/1055 1057/1057/1057
f 1048/1048/1048 1060/1060/1060 1056/1056/1056
f 1060/1060/1060 1048/1048/1048 1049/1049/1049
f 1061/1061/1061 820/820/820 1059/1059/1059
f 820/820/820 1061/1061/1061 816/816/816
f 1056/1056/1056 1062/1062/1062 1057/1057/1057
f 1062/1062/1062 1056/1056/1056 1060/1060/1060
f 1049/1049/1049 1063/1063/1063 1060/1060/1060
f 1063/1063/1063 1049/1049/1049 1050/1050/1050
f 1064/1064/1064 816/816/816 1061/1061/1061
f 816/816/816 1064/1064/1064 806/806/806
f 1060/1060/1060 1065/1065/1065 1062/1062/1062
f 1065/1065/1065 1060/1060/1060 1063/1063/1063
f 1066/1066/1066 806/806/806 1064/1064/1064
f 1066/1066/1066 800/800/800 806/806/806
f 800/800/800 1066/1066/1066 807/807/807
f 1066/1066/1066 1064/1064/1064 1067/1067/1067
f 1067/1067/1067 807/807/807 1066/1066/1066
f 1064/1064/1064 1061/1061/1061 1068/1068/1068
f 1068/1068/1068 1067/1067/1067 1064/1064/1064
f 1067/1067/1067 1069/1069/1069 807/807/807
f 1067/1067/1067 1068/1068/1068 1069/1069/1069
f 1070/1070/1070 1068/1068/1068 1061/1061/1061
f 1061/1061/1061 1059/1059/1059 1070/1070/1070
f 1071/1071/1071 807/807/807 1069/1069/1069
f 1071/1071/1071 804/804/804 807/807/807
f 804/804/804 1071/1071/1071 1072/1072/1072
f 1072/1072/1072 805/805/805 804/804/804
f 1073/1073/1073 1072/1072/1072 1071/1071/1071
f 1071/1071/1071 1069/1069/1069 1073/1073/1073
f 1072/1072/1072 1074/1074/1074 805/805/805
f 1072/1072/1072 1073/1073/1073 1074/1074/1074
f 1075/1075/1075 805/805/805 1074/1074/1074
f 1075/1075/1075 1074/1074/1074 1076/1076/1076
f 1077/1077/1077 1069/1069/1069 1068/1068/1068
f 1068/1068/1068 1070/1070/1070 1077/1077/1077
f 1078/1078/1078 1070/1070/1070 1059/1059/1059
f 1059/1059/1059 1057/1057/1057 1078/1078/1078
f 1079/1079/1079 1073/1073/1073 1069/1069/1069
f 1069/1069/1069 1077/1077/1077 1079/1079/1079
f 1080/1080/1080 1074/1074/1074 1073/1073/1073
f 1073/1073/1073 1079/1079/1079 1080/1080/1080
f 1081/1081/1081 1076/1076/1076 1074/1074/1074
f 1074/1074/1074 1080/1080/1080 1081/1081/1081
f 1082/1082/1082 1077/1077/1077 1070/1070/1070
f 1070/1070/1070 1078/1078/1078 1082/1082/1082
f 1083/1083/1083 1078/1078/1078 1057/1057/1057
f 1083/1083/1083 1057/1057/1057 1062/1062/1062
f 1081/1081/1081 1084/1084/1084 1076/1076/1076
f 1085/1085/1085 1076/1076/1076 1084/1084/1084
f 1086/1086/1086 1081/1081/1081 1080/1080/1080
f 1086/1086/1086 1084/1084/1084 1081/1081/1081
f 1086/1086/1086 1087/1087/1087 1084/1084/1084
f 1084/1084/1084 1088/1088/1088 1085/1085/1085
f 1088/1088/1088 1084/1084/1084 1087/1087/1087
f 1089/1089/1089 1085/1085/1085 1088/1088/1088
f 1089/1089/1089 1088/1088/1088 1090/1090/1090
f 1091/1091/1091 1090/1090/1090 1088/1088/1088
f 1091/1091/1091 1088/1088/1088 1087/1087/1087
f 1090/1090/1090 1091/1091/1091 1092/1092/1092
f 1080/1080/1080 1093/1093/1093 1086/1086/1086
f 1093/1093/1093 1080/1080/1080 1079/1079/1079
f 1094/1094/1094 1086/1086/1086 1093/1093/1093
f 1086/1086/1086 1094/1094/1094 1087/1087/1087
f 1093/1093/1093 1079/1079/1079 1095/1095/1095
f 1093/1093/1093 1095/1095/1095 1094/1094/1094
f 1096/1096/1096 1095/1095/1095 1079/1079/1079
f 1096/1096/1096 1079/1079/1079 1077/1077/1077
f 1077/1077/1077 1082/1082/1082 1096/1096/1096
f 1097/1097/1097 1096/1096/1096 1082/1082/1082
f 1096/1096/1096 1097/1097/1097 1095/1095/1095
f 1082/1082/1082 1098/1098/1098 1097/1097/1097
f 1098/1098/1098 1082/1082/1082 1078/1078/1078
f 1078/1078/1078 1083/1083/1083 1098/1098/1098
f 1099/1099/1099 1094/1094/1094 1095/1095/1095
f 1100/1100/1100 1095/1095/1095 1097/1097/1097
f 1095/1095/1095 1100/1100/1100 1099/1099/1099
f 1101/1101/1101 1097/1097/1097 1098/1098/1098
f 1097/1097/1097 1101/1101/1101 1100/1100/1100
f 1102/1102/1102 1098/1098/1098 1083/1083/1083
f 1098/1098/1098 1102/1102/1102 1101/1101/1101
f 1094/1094/1094 1099/1099/1099 1103/1103/1103
f 1103/1103/1103 1087/1087/1087 1094/1094/1094
f 1102/1102/1102 1083/1083/1083 1104/1104/1104
f 1062/1062/1062 1104/1104/1104 1083/1083/1083
f 1104/1104/1104 1062/1062/1062 1065/1065/1065
f 1105/1105/1105 1099/1099/1099 1100/1100/1100
f 1106/1106/1106 1100/1100/1100 1101/1101/1101
f 1100/1100/1100 1106/1106/1106 1105/1105/1105
f 1107/1107/1107 1101/1101/1101 1102/1102/1102
f 1101/1101/1101 1107/1107/1107 1106/1106/1106
f 1104/1104/1104 1108/1108/1108 1102/1102/1102
f 1107/1107/1107 1102/1102/1102 1108/1108/1108
f 1065/1065/1065 1109/1109/1109 1104/1104/1104
f 1108/1108/1108 1104/1104/1104 1109/1109/1109
f 1110/1110/1110 1103/1103/1103 1099/1099/1099
f 1099/1099/1099 1105/1105/1105 1110/1110/1110
f 1109/1109/1109 1065/1065/1065 1111/1111/1111
f 1063/1063/1063 1111/1111/1111 1065/1065/1065
f 1111/1111/1111 1063/1063/1063 1112/1112/1112
f 1050/1050/1050 1112/1112/1112 1063/1063/1063
f 1113/1113/1113 1106/1106/1106 1107/1107/1107
f 1108/1108/1108 1114/1114/1114 1107/1107/1107
f 1113/1113/1113 1107/1107/1107 1114/1114/1114
f 1115/1115/1115 1105/1105/1105 1106/1106/1106
f 1106/1106/1106 1113/1113/1113 1115/1115/1115
f 1109/1109/1109 1116/1116/1116 1108/1108/1108
f 1114/1114/1114 1108/1108/1108 1116/1116/1116
f 1111/1111/1111 1117/1117/1117 1109/1109/1109
f 1116/1116/1116 1109/1109/1109 1117/1117/1117
f 1112/1112/1112 1118/1118/1118 1111/1111/1111
f 1117/1117/1117 1111/1111/1111 1118/1118/1118
f 1112/1112/1112 1050/1050/1050 1119/1119/1119
f 1112/1112/1112 1119/1119/1119 1118/1118/1118
f 1105/1105/1105 1115/1115/1115 1120/1120/1120
f 1120/1120/1120 1110/1110/1110 1105/1105/1105
f 1121/1121/1121 1119/1119/1119 1050/1050/1050
f 1121/1121/1121 1050/1050/1050 1041/1041/1041
f 1121/1121/1121 1041/1041/1041 1039/1039/1039
f 1039/1039/1039 1122/1122/1122 1121/1121/1121
f 1119/1119/1119 1121/1121/1121 1122/1122/1122
f 1122/1122/1122 1039/1039/1039 1040/1040/1040
f 1122/1122/1122 1040/1040/1040 1123/1123/1123
f 1122/1122/1122 1123/1123/1123 1119/1119/1119
f 1124/1124/1124 1123/1123/1123 1040/1040/1040
f 1124/1124/1124 1125/1125/1125 1123/1123/1123
f 1126/1126/1126 1119/1119/1119 1123/1123/1123
f 1126/1126/1126 1118/1118/1118 1119/1119/1119
f 1127/1127/1127 1123/1123/1123 1125/1125/1125
f 1123/1123/1123 1127/1127/1127 1126/1126/1126
f 1126/1126/1126 1128/1128/1128 1118/1118/1118
f 1128/1128/1128 1126/1126/1126 1127/1127/1127
f 1127/1127/1127 1125/1125/1125 1129/1129/1129
f 1129/1129/1129 1128/1128/1128 1127/1127/1127
f 1128/1128/1128 1129/1129/1129 1130/1130/1130
f 1131/1131/1131 1129/1129/1129 1125/1125/1125
f 1132/1132/1132 1118/1118/1118 1128/1128/1128
f 1128/1128/1128 1130/1130/1130 1132/1132/1132
f 1118/1118/1118 1132/1132/1132 1117/1117/1117
f 1129/1129/1129 1131/1131/1131 1133/1133/1133
f 1133/1133/1133 1130/1130/1130 1129/1129/1129
f 1134/1134/1134 1133/1133/1133 1131/1131/1131
f 1134/1134/1134 1135/1135/1135 1133/1133/1133
f 1136/1136/1136 1133/1133/1133 1135/1135/1135
f 1136/1136/1136 1130/1130/1130 1133/1133/1133
f 1135/1135/1135 1137/1137/1137 1136/1136/1136
f 1138/1138/1138 1117/1117/1117 1132/1132/1132
f 1117/1117/1117 1138/1138/1138 1116/1116/1116
f 1139/1139/1139 1132/1132/1132 1130/1130/1130
f 1132/1132/1132 1139/1139/1139 1138/1138/1138
f 1140/1140/1140 1116/1116/1116 1138/1138/1138
f 1116/1116/1116 1140/1140/1140 1114/1114/1114
f 1141/1141/1141 1138/1138/1138 1139/1139/1139
f 1138/1138/1138 1141/1141/1141 1140/1140/1140
f 1142/1142/1142 1114/1114/1114 1140/1140/1140
f 1114/1114/1114 1142/1142/1142 1113/1113/1113
f 1143/1143/1143 1140/1140/1140 1141/1141/1141
f 1140/1140/1140 1143/1143/1143 1142/1142/1142
f 1144/1144/1144 1113/1113/1113 1142/1142/1142
f 1144/1144/1144 1115/1115/1115 1113/1113/1113
f 1145/1145/1145 1142/1142/1142 1143/1143/1143
f 1142/1142/1142 1145/1145/1145 1144/1144/1144
f 1115/1115/1115 1144/1144/1144 1146/1146/1146
f 1146/1146/1146 1120/1120/1120 1115/1115/1115
f 1147/1147/1147 1144/1144/1144 1145/1145/1145
f 1147/1147/1147 1146/1146/1146 1144/1144/1144
f 1141/1141/1141 1148/1148/1148 1143/1143/1143
f 1143/1143/1143 1149/1149/1149 1145/1145/1145
f 1149/1149/1149 1143/1143/1143 1148/1148/1148
f 1139/1139/1139 1150/1150/1150 1141/1141/1141
f 1148/1148/1148 1141/1141/1141 1150/1150/1150
f 1145/1145/1145 1151/1151/1151 1147/1147/1147
f 1151/1151/1151 1145/1145/1145 1149/1149/1149
f 1120/1120/1120 1146/1146/1146 1152/1152/1152
f 1146/1146/1146 1147/1147/1147 1153/1153/1153
f 1153/1153/1153 1152/1152/1152 1146/1146/1146
f 1154/1154/1154 1147/1147/1147 1151/1151/1151
f 1154/1154/1154 1153/1153/1153 1147/1147/1147
f 1152/1152/1152 1155/1155/1155 1120/1120/1120
f 1110/1110/1110 1120/1120/1120 1155/1155/1155
f 1155/1155/1155 1156/1156/1156 1110/1110/1110
f 1103/1103/1103 1110/1110/1110 1156/1156/1156
f 1148/1148/1148 1157/1157/1157 1149/1149/1149
f 1149/1149/1149 1158/1158/1158 1151/1151/1151
f 1158/1158/1158 1149/1149/1149 1157/1157/1157
f 1151/1151/1151 1159/1159/1159 1154/1154/1154
f 1159/1159/1159 1151/1151/1151 1158/1158/1158
f 1157/1157/1157 1148/1148/1148 1160/1160/1160
f 1150/1150/1150 1160/1160/1160 1148/1148/1148
f 1153/1153/1153 1154/1154/1154 1161/1161/1161
f 1162/1162/1162 1154/1154/1154 1159/1159/1159
f 1162/1162/1162 1161/1161/1161 1154/1154/1154
f 1161/1161/1161 1163/1163/1163 1153/1153/1153
f 1152/1152/1152 1153/1153/1153 1163/1163/1163
f 1163/1163/1163 1164/1164/1164 1152/1152/1152
f 1155/1155/1155 1152/1152/1152 1164/1164/1164
f 1164/1164/1164 1165/1165/1165 1155/1155/1155
f 1156/1156/1156 1155/1155/1155 1165/1165/1165
f 1163/1163/1163 1161/1161/1161 1166/1166/1166
f 1164/1164/1164 1163/1163/1163 1167/1167/1167
f 1166/1166/1166 1167/1167/1167 1163/1163/1163
f 1161/1161/1161 1162/1162/1162 1168/1168/1168
f 1168/1168/1168 1166/1166/1166 1161/1161/1161
f 1165/1165/1165 1164/1164/1164 1169/1169/1169
f 1167/1167/1167 1169/1169/1169 1164/1164/1164
f 1159/1159/1159 1170/1170/1170 1162/1162/1162
f 1171/1171/1171 1168/1168/1168 1162/1162/1162
f 1171/1171/1171 1162/1162/1162 1170/1170/1170
f 1170/1170/1170 1159/1159/1159 1172/1172/1172
f 1158/1158/1158 1172/1172/1172 1159/1159/1159
f 1172/1172/1172 1158/1158/1158 1173/1173/1173
f 1157/1157/1157 1173/1173/1173 1158/1158/1158
f 1173/1173/1173 1157/1157/1157 1174/1174/1174
f 1160/1160/1160 1174/1174/1174 1157/1157/1157
f 1167/1167/1167 1166/1166/1166 1175/1175/1175
f 1169/1169/1169 1167/1167/1167 1176/1176/1176
f 1175/1175/1175 1176/1176/1176 1167/1167/1167
f 1175/1175/1175 1177/1177/1177 1176/1176/1176
f 1178/1178/1178 1175/1175/1175 1166/1166/1166
f 1177/1177/1177 1175/1175/1175 1178/1178/1178
f 1166/1166/1166 1168/1168/1168 1178/1178/1178
f 1179/1179/1179 1178/1178/1178 1168/1168/1168
f 1177/1177/1177 1178/1178/1178 1179/1179/1179
f 1168/1168/1168 1171/1171/1171 1179/1179/1179
f 1169/1169/1169 1176/1176/1176 1180/1180/1180
f 1169/1169/1169 1180/1180/1180 1165/1165/1165
f 1181/1181/1181 1165/1165/1165 1180/1180/1180
f 1165/1165/1165 1181/1181/1181 1156/1156/1156
f 1182/1182/1182 1156/1156/1156 1181/1181/1181
f 1156/1156/1156 1182/1182/1182 1103/1103/1103
f 1183/1183/1183 1103/1103/1103 1182/1182/1182
f 1087/1087/1087 1103/1103/1103 1183/1183/1183
f 1183/1183/1183 1184/1184/1184 1087/1087/1087
f 1087/1087/1087 1184/1184/1184 1091/1091/1091
f 1183/1183/1183 1182/1182/1182 1185/1185/1185
f 1183/1183/1183 1185/1185/1185 1184/1184/1184
f 1186/1186/1186 1091/1091/1091 1184/1184/1184
f 1186/1186/1186 1092/1092/1092 1091/1091/1091
f 1184/1184/1184 1187/1187/1187 1186/1186/1186
f 1187/1187/1187 1184/1184/1184 1185/1185/1185
f 1186/1186/1186 1188/1188/1188 1092/1092/1092
f 1188/1188/1188 1186/1186/1186 1187/1187/1187
f 1189/1189/1189 1092/1092/1092 1188/1188/1188
f 1188/1188/1188 1190/1190/1190 1189/1189/1189
f 1191/1191/1191 1189/1189/1189 1190/1190/1190
f 1190/1190/1190 1188/1188/1188 1192/1192/1192
f 1187/1187/1187 1192/1192/1192 1188/1188/1188
f 1192/1192/1192 1187/1187/1187 1193/1193/1193
f 1185/1185/1185 1193/1193/1193 1187/1187/1187
f 1193/1193/1193 1185/1185/1185 1194/1194/1194
f 1195/1195/1195 1185/1185/1185 1182/1182/1182
f 1195/1195/1195 1194/1194/1194 1185/1185/1185
f 1195/1195/1195 1182/1182/1182 1196/1196/1196
f 1195/1195/1195 1196/1196/1196 1194/1194/1194
f 1197/1197/1197 1194/1194/1194 1196/1196/1196
f 1181/1181/1181 1196/1196/1196 1182/1182/1182
f 1197/1197/1197 1196/1196/1196 1198/1198/1198
f 1196/1196/1196 1181/1181/1181 1199/1199/1199
f 1199/1199/1199 1198/1198/1198 1196/1196/1196
f 1180/1180/1180 1199/1199/1199 1181/1181/1181
f 1198/1198/1198 1199/1199/1199 1200/1200/1200
f 1199/1199/1199 1180/1180/1180 1201/1201/1201
f 1201/1201/1201 1200/1200/1200 1199/1199/1199
f 1201/1201/1201 1180/1180/1180 1176/1176/1176
f 1200/1200/1200 1201/1201/1201 1202/1202/1202
f 1203/1203/1203 1201/1201/1201 1176/1176/1176
f 1203/1203/1203 1202/1202/1202 1201/1201/1201
f 1202/1202/1202 1203/1203/1203 1204/1204/1204
f 1203/1203/1203 1176/1176/1176 1177/1177/1177
f 1205/1205/1205 1204/1204/1204 1203/1203/1203
f 1205/1205/1205 1203/1203/1203 1177/1177/1177
f 1204/1204/1204 1205/1205/1205 1206/1206/1206
f 1205/1205/1205 1177/1177/1177 1207/1207/1207
f 1207/1207/1207 1206/1206/1206 1205/1205/1205
f 1208/1208/1208 1207/1207/1207 1177/1177/1177
f 1208/1208/1208 1209/1209/1209 1207/1207/1207
f 1177/1177/1177 1179/1179/1179 1208/1208/1208
f 1206/1206/1206 1207/1207/1207 1210/1210/1210
f 1210/1210/1210 1207/1207/1207 1209/1209/1209
f 1210/1210/1210 1211/1211/1211 1206/1206/1206
f 1210/1210/1210 1212/1212/1212 1211/1211/1211
f 1212/1212/1212 1210/1210/1210 1209/1209/1209
f 1213/1213/1213 1211/1211/1211 1212/1212/1212
f 1214/1214/1214 1208/1208/1208 1179/1179/1179
f 1214/1214/1214 1179/1179/1179 1171/1171/1171
f 1214/1214/1214 1215/1215/1215 1208/1208/1208
f 1214/1214/1214 1171/1171/1171 1215/1215/1215
f 1209/1209/1209 1208/1208/1208 1215/1215/1215
f 1170/1170/1170 1215/1215/1215 1171/1171/1171
f 1215/1215/1215 1170/1170/1170 1216/1216/1216
f 1216/1216/1216 1209/1209/1209 1215/1215/1215
f 1172/1172/1172 1216/1216/1216 1170/1170/1170
f 1216/1216/1216 1172/1172/1172 1217/1217/1217
f 1217/1217/1217 1209/1209/1209 1216/1216/1216
f 1173/1173/1173 1217/1217/1217 1172/1172/1172
f 1217/1217/1217 1218/1218/1218 1209/1209/1209
f 1217/1217/1217 1173/1173/1173 1218/1218/1218
f 1212/1212/1212 1209/1209/1209 1218/1218/1218
f 1174/1174/1174 1218/1218/1218 1173/1173/1173
f 1212/1212/1212 1219/1219/1219 1213/1213/1213
f 1219/1219/1219 1212/1212/1212 1218/1218/1218
f 1220/1220/1220 1213/1213/1213 1219/1219/1219
f 1174/1174/1174 1221/1221/1221 1218/1218/1218
f 1219/1219/1219 1218/1218/1218 1221/1221/1221
f 1174/1174/1174 1160/1160/1160 1221/1221/1221
f 1219/1219/1219 1222/1222/1222 1220/1220/1220
f 1221/1221/1221 1222/1222/1222 1219/1219/1219
f 1223/1223/1223 1220/1220/1220 1222/1222/1222
f 1224/1224/1224 1221/1221/1221 1160/1160/1160
f 1221/1221/1221 1224/1224/1224 1222/1222/1222
f 1160/1160/1160 1150/1150/1150 1224/1224/1224
f 1222/1222/1222 1225/1225/1225 1223/1223/1223
f 1225/1225/1225 1222/1222/1222 1224/1224/1224
f 1226/1226/1226 1223/1223/1223 1225/1225/1225
f 1226/1226/1226 1225/1225/1225 1227/1227/1227
f 1228/1228/1228 1224/1224/1224 1150/1150/1150
f 1224/1224/1224 1228/1228/1228 1225/1225/1225
f 1150/1150/1150 1139/1139/1139 1228/1228/1228
f 1229/1229/1229 1227/1227/1227 1225/1225/1225
f 1229/1229/1229 1225/1225/1225 1228/1228/1228
f 1229/1229/1229 1230/1230/1230 1227/1227/1227
f 1229/1229/1229 1228/1228/1228 1230/1230/1230
f 1231/1231/1231 1227/1227/1227 1230/1230/1230
f 1232/1232/1232 1228/1228/1228 1139/1139/1139
f 1232/1232/1232 1230/1230/1230 1228/1228/1228
f 1232/1232/1232 1139/1139/1139 1130/1130/1130
f 1233/1233/1233 1232/1232/1232 1130/1130/1130
f 1232/1232/1232 1233/1233/1233 1230/1230/1230
f 1130/1130/1130 1136/1136/1136 1233/1233/1233
f 1230/1230/1230 1234/1234/1234 1231/1231/1231
f 1234/1234/1234 1230/1230/1230 1233/1233/1233
f 1235/1235/1235 1231/1231/1231 1234/1234/1234
f 1236/1236/1236 1233/1233/1233 1136/1136/1136
f 1233/1233/1233 1236/1236/1236 1234/1234/1234
f 1236/1236/1236 1136/1136/1136 1137/1137/1137
f 1234/1234/1234 1237/1237/1237 1235/1235/1235
f 1237/1237/1237 1234/1234/1234 1236/1236/1236
f 1236/1236/1236 1137/1137/1137 1237/1237/1237
f 1238/1238/1238 1235/1235/1235 1237/1237/1237
f 1239/1239/1239 1237/1237/1237 1137/1137/1137
f 1237/1237/1237 1239/1239/1239 1238/1238/1238
f 1240/1240/1240 1238/1238/1238 1239/1239/1239
f 1243/1243/1243 1242/1242/1242 1241/1241/1241
f 1244/1244/1244 1241/1241/1241 1242/1242/1242
f 1245/1245/1245 1241/1241/1241 1244/1244/1244
f 1241/1241/1241 1245/1245/1245 1246/1246/1246
f 1247/1247/1247 1246/1246/1246 1245/1245/1245
f 1248/1248/1248 1246/1246/1246 1247/1247/1247
f 1246/1246/1246 1248/1248/1248 1249/1249/1249
f 1250/1250/1250 1249/1249/1249 1248/1248/1248
f 1251/1251/1251 1249/1249/1249 1250/1250/1250
f 1251/1251/1251 1252/1252/1252 1249/1249/1249
f 1253/1253/1253 1249/1249/1249 1252/1252/1252
f 1254/1254/1254 1253/1253/1253 1252/1252/1252
f 1254/1254/1254 1255/1255/1255 1253/1253/1253
f 1256/1256/1256 1253/1253/1253 1255/1255/1255
f 1257/1257/1257 1256/1256/1256 1255/1255/1255
f 1257/1257/1257 1258/1258/1258 1256/1256/1256
f 1259/1259/1259 1256/1256/1256 1258/1258/1258
f 1260/1260/1260 1259/1259/1259 1258/1258/1258
f 1260/1260/1260 1261/1261/1261 1259/1259/1259
f 1262/1262/1262 1259/1259/1259 1261/1261/1261
f 1263/1263/1263 1262/1262/1262 1261/1261/1261
f 1263/1263/1263 1264/1264/1264 1262/1262/1262
f 1265/1265/1265 1262/1262/1262 1264/1264/1264
f 1266/1266/1266 1265/1265/1265 1264/1264/1264
f 1265/1265/1265 1266/1266/1266 1267/1267/1267
f 1268/1268/1268 1267/1267/1267 1266/1266/1266
f 1269/1269/1269 1267/1267/1267 1268/1268/1268
f 1267/1267/1267 1269/1269/1269 1270/1270/1270
f 1271/1271/1271 1270/1270/1270 1269/1269/1269
f 1272/1272/1272 1270/1270/1270 1271/1271/1271
f 1275/1275/1275 1274/1274/1274 1273/1273/1273
f 1276/1276/1276 1273/1273/1273 1274/1274/1274
f 1274/1274/1274 1277/1277/1277 1276/1276/1276
f 1278/1278/1278 1276/1276/1276 1277/1277/1277
f 1277/1277/1277 1279/1279/1279 1278/1278/1278
f 1280/1280/1280 1278/1278/1278 1279/1279/1279
f 1279/1279/1279 1281/1281/1281 1280/1280/1280
f 1282/1282/1282 1280/1280/1280 1281/1281/1281
f 1281/1281/1281 1283/1283/1283 1282/1282/1282
f 1284/1284/1284 1282/1282/1282 1283/1283/1283
f 1283/1283/1283 1285/1285/1285 1284/1284/1284
f 1286/1286/1286 1284/1284/1284 1285/1285/1285
f 1286/1286/1286 1285/1285/1285 1287/1287/1287
f 1288/1288/1288 1287/1287/1287 1285/1285/1285
f 1287/1287/1287 1288/1288/1288 1289/1289/1289
f 1290/1290/1290 1289/1289/1289 1288/1288/1288
f 1289/1289/1289 1290/1290/1290 1291/1291/1291
f 1292/1292/1292 1291/1291/1291 1290/1290/1290
f 1291/1291/1291 1292/1292/1292 1293/1293/1293
f 1294/1294/1294 1293/1293/1293 1292/1292/1292
f 1293/1293/1293 1294/1294/1294 1295/1295/1295
f 1296/1296/1296 1295/1295/1295 1294/1294/1294
f 1295/1295/1295 1296/1296/1296 1297/1297/1297
f 1298/1298/1298 1297/1297/1297 1296/1296/1296
f 1301/1301/1301 1300/1300/1300 1299/1299/1299
f 1302/1302/1302 1299/1299/1299 1300/1300/1300
f 1299/1299/1299 1302/1302/1302 1303/1303/1303
f 1300/1300/1300 1304/1304/1304 1302/1302/1302
f 1305/1305/1305 1303/1303/1303 1302/1302/1302
f 1303/1303/1303 1305/1305/1305 1306/1306/1306
f 1307/1307/1307 1302/1302/1302 1304/1304/1304
f 1302/1302/1302 1307/1307/1307 1305/1305/1305
f 1307/1307/1307 1304/1304/1304 1308/1308/1308
f 1309/1309/1309 1308/1308/1308 1304/1304/1304
f 1309/1309/1309 1310/1310/1310 1308/1308/1308
f 1311/1311/1311 1308/1308/1308 1310/1310/1310
f 1310/1310/1310 1312/1312/1312 1311/1311/1311
f 1308/1308/1308 1313/1313/1313 1307/1307/1307
f 1308/1308/1308 1311/1311/1311 1313/1313/1313
f 1314/1314/1314 1305/1305/1305 1307/1307/1307
f 1314/1314/1314 1307/1307/1307 1313/1313/1313
f 1315/1315/1315 1306/1306/1306 1305/1305/1305
f 1305/1305/1305 1314/1314/1314 1315/1315/1315
f 1315/1315/1315 1316/1316/1316 1306/1306/1306
f 1317/1317/1317 1306/1306/1306 1316/1316/1316
f 1318/1318/1318 1315/1315/1315 1314/1314/1314
f 1315/1315/1315 1318/1318/1318 1316/1316/1316
f 1316/1316/1316 1319/1319/1319 1317/1317/1317
f 1320/1320/1320 1317/1317/1317 1319/1319/1319
f 1313/1313/1313 1321/1321/1321 1314/1314/1314
f 1318/1318/1318 1314/1314/1314 1321/1321/1321
f 1322/1322/1322 1316/1316/1316 1318/1318/1318
f 1316/1316/1316 1322/1322/1322 1319/1319/1319
f 1322/1322/1322 1318/1318/1318 1323/1323/1323
f 1321/1321/1321 1323/1323/1323 1318/1318/1318
f 1319/1319/1319 1324/1324/1324 1320/1320/1320
f 1325/1325/1325 1320/1320/1320 1324/1324/1324
f 1325/1325/1325 1324/1324/1324 1326/1326/1326
f 1327/1327/1327 1326/1326/1326 1324/1324/1324
f 1327/1327/1327 1324/1324/1324 1328/1328/1328
f 1329/1329/1329 1319/1319/1319 1322/1322/1322
f 1322/1322/1322 1323/1323/1323 1329/1329/1329
f 1324/1324/1324 1319/1319/1319 1330/1330/1330
f 1330/1330/1330 1328/1328/1328 1324/1324/1324
f 1329/1329/1329 1330/1330/1330 1319/1319/1319
f 1330/1330/1330 1331/1331/1331 1328/1328/1328
f 1332/1332/1332 1328/1328/1328 1331/1331/1331
f 1332/1332/1332 1331/1331/1331 1333/1333/1333
f 1329/1329/1329 1334/1334/1334 1330/1330/1330
f 1331/1331/1331 1330/1330/1330 1334/1334/1334
f 1334/1334/1334 1329/1329/1329 1323/1323/1323
f 1335/1335/1335 1333/1333/1333 1331/1331/1331
f 1331/1331/1331 1334/1334/1334 1335/1335/1335
f 1334/1334/1334 1323/1323/1323 1336/1336/1336
f 1336/1336/1336 1335/1335/1335 1334/1334/1334
f 1335/1335/1335 1337/1337/1337 1333/1333/1333
f 1338/1338/1338 1333/1333/1333 1337/1337/1337
f 1338/1338/1338 1337/1337/1337 1339/1339/1339
f 1340/1340/1340 1336/1336/1336 1323/1323/1323
f 1323/1323/1323 1321/1321/1321 1340/1340/1340
f 1336/1336/1336 1341/1341/1341 1335/1335/1335
f 1337/1337/1337 1335/1335/1335 1341/1341/1341
f 1342/1342/1342 1340/1340/1340 1321/1321/1321
f 1321/1321/1321 1313/1313/1313 1342/1342/1342
f 1340/1340/1340 1343/1343/1343 1336/1336/1336
f 1341/1341/1341 1336/1336/1336 1343/1343/1343
f 1343/1343/1343 1340/1340/1340 1344/1344/1344
f 1342/1342/1342 1344/1344/1344 1340/1340/1340
f 1345/1345/1345 1342/1342/1342 1313/1313/1313
f 1345/1345/1345 1313/1313/1313 1311/1311/1311
f 1343/1343/1343 1346/1346/1346 1341/1341/1341
f 1343/1343/1343 1344/1344/1344 1346/1346/1346
f 1341/1341/1341 1347/1347/1347 1337/1337/1337
f 1347/1347/1347 1341/1341/1341 1346/1346/1346
f 1344/1344/1344 1342/1342/1342 1348/1348/1348
f 1345/1345/1345 1348/1348/1348 1342/1342/1342
f 1311/1311/1311 1349/1349/1349 1345/1345/1345
f 1348/1348/1348 1345/1345/1345 1349/1349/1349
f 1349/1349/1349 1311/1311/1311 1312/1312/1312
f 1344/1344/1344 1348/1348/1348 1350/1350/1350
f 1350/1350/1350 1346/1346/1346 1344/1344/1344
f 1349/1349/1349 1312/1312/1312 1351/1351/1351
f 1352/1352/1352 1351/1351/1351 1312/1312/1312
f 1352/1352/1352 1353/1353/1353 1351/1351/1351
f 1348/1348/1348 1349/1349/1349 1354/1354/1354
f 1351/1351/1351 1354/1354/1354 1349/1349/1349
f 1354/1354/1354 1350/1350/1350 1348/1348/1348
f 1355/1355/1355 1351/1351/1351 1353/1353/1353
f 1351/1351/1351 1355/1355/1355 1354/1354/1354
f 1354/1354/1354 1356/1356/1356 1350/1350/1350
f 1356/1356/1356 1354/1354/1354 1355/1355/1355
f 1355/1355/1355 1353/1353/1353 1357/1357/1357
f 1355/1355/1355 1357/1357/1357 1356/1356/1356
f 1358/1358/1358 1357/1357/1357 1353/1353/1353
f 1350/1350/1350 1359/1359/1359 1346/1346/1346
f 1359/1359/1359 1350/1350/1350 1356/1356/1356
f 1360/1360/1360 1356/1356/1356 1357/1357/1357
f 1356/1356/1356 1360/1360/1360 1359/1359/1359
f 1357/1357/1357 1358/1358/1358 1361/1361/1361
f 1357/1357/1357 1361/1361/1361 1360/1360/1360
f 1362/1362/1362 1361/1361/1361 1358/1358/1358
f 1362/1362/1362 1363/1363/1363 1361/1361/1361
f 1364/1364/1364 1346/1346/1346 1359/1359/1359
f 1346/1346/1346 1364/1364/1364 1347/1347/1347
f 1365/1365/1365 1359/1359/1359 1360/1360/1360
f 1359/1359/1359 1365/1365/1365 1364/1364/1364
f 1366/1366/1366 1360/1360/1360 1361/1361/1361
f 1360/1360/1360 1366/1366/1366 1365/1365/1365
f 1367/1367/1367 1361/1361/1361 1363/1363/1363
f 1361/1361/1361 1367/1367/1367 1366/1366/1366
f 1363/1363/1363 1368/1368/1368 1367/1367/1367
f 1369/1369/1369 1347/1347/1347 1364/1364/1364
f 1370/1370/1370 1364/1364/1364 1365/1365/1365
f 1364/1364/1364 1370/1370/1370 1369/1369/1369
f 1371/1371/1371 1365/1365/1365 1366/1366/1366
f 1365/1365/1365 1371/1371/1371 1370/1370/1370
f 1372/1372/1372 1366/1366/1366 1367/1367/1367
f 1366/1366/1366 1372/1372/1372 1371/1371/1371
f 1373/1373/1373 1367/1367/1367 1368/1368/1368
f 1367/1367/1367 1373/1373/1373 1372/1372/1372
f 1347/1347/1347 1369/1369/1369 1374/1374/1374
f 1374/1374/1374 1337/1337/1337 1347/1347/1347
f 1374/1374/1374 1339/1339/1339 1337/1337/1337
f 1374/1374/1374 1375/1375/1375 1339/1339/1339
f 1375/1375/1375 1374/1374/1374 1369/1369/1369
f 1376/1376/1376 1339/1339/1339 1375/1375/1375
f 1377/1377/1377 1369/1369/1369 1370/1370/1370
f 1369/1369/1369 1377/1377/1377 1375/1375/1375
f 1375/1375/1375 1378/1378/1378 1376/1376/1376
f 1378/1378/1378 1375/1375/1375 1377/1377/1377
f 1379/1379/1379 1376/1376/1376 1378/1378/1378
f 1370/1370/1370 1380/1380/1380 1377/1377/1377
f 1380/1380/1380 1370/1370/1370 1371/1371/1371
f 1381/1381/1381 1371/1371/1371 1372/1372/1372
f 1371/1371/1371 1381/1381/1381 1380/1380/1380
f 1378/1378/1378 1382/1382/1382 1379/1379/1379
f 1383/1383/1383 1379/1379/1379 1382/1382/1382
f 1377/1377/1377 1384/1384/1384 1378/1378/1378
f 1384/1384/1384 1377/1377/1377 1380/1380/1380
f 1382/1382/1382 1378/1378/1378 1384/1384/1384
f 1382/1382/1382 1385/1385/1385 1383/1383/1383
f 1386/1386/1386 1383/1383/1383 1385/1385/1385
f 1380/1380/1380 1387/1387/1387 1384/1384/1384
f 1387/1387/1387 1380/1380/1380 1381/1381/1381
f 1384/1384/1384 1388/1388/1388 1382/1382/1382
f 1385/1385/1385 1382/1382/1382 1388/1388/1388
f 1388/1388/1388 1384/1384/1384 1387/1387/1387
f 1372/1372/1372 1389/1389/1389 1381/1381/1381
f 1389/1389/1389 1372/1372/1372 1373/1373/1373
f 1385/1385/1385 1390/1390/1390 1386/1386/1386
f 1391/1391/1391 1386/1386/1386 1390/1390/1390
f 1381/1381/1381 1392/1392/1392 1387/1387/1387
f 1392/1392/1392 1381/1381/1381 1389/1389/1389
f 1388/1388/1388 1393/1393/1393 1385/1385/1385
f 1390/1390/1390 1385/1385/1385 1393/1393/1393
f 1390/1390/1390 1394/1394/1394 1391/1391/1391
f 1390/1390/1390 1393/1393/1393 1394/1394/1394
f 1395/1395/1395 1391/1391/1391 1394/1394/1394
f 1387/1387/1387 1396/1396/1396 1388/1388/1388
f 1393/1393/1393 1388/1388/1388 1396/1396/1396
f 1396/1396/1396 1387/1387/1387 1392/1392/1392
f 1394/1394/1394 1397/1397/1397 1395/1395/1395
f 1398/1398/1398 1395/1395/1395 1397/1397/1397
f 1398/1398/1398 1397/1397/1397 1399/1399/1399
f 1400/1400/1400 1394/1394/1394 1393/1393/1393
f 1393/1393/1393 1396/1396/1396 1400/1400/1400
f 1394/1394/1394 1400/1400/1400 1397/1397/1397
f 1396/1396/1396 1392/1392/1392 1401/1401/1401
f 1401/1401/1401 1400/1400/1400 1396/1396/1396
f 1402/1402/1402 1397/1397/1397 1400/1400/1400
f 1400/1400/1400 1401/1401/1401 1402/1402/1402
f 1403/1403/1403 1399/1399/1399 1397/1397/1397
f 1397/1397/1397 1402/1402/1402 1403/1403/1403
f 1404/1404/1404 1401/1401/1401 1392/1392/1392
f 1392/1392/1392 1389/1389/1389 1404/1404/1404
f 1403/1403/1403 1405/1405/1405 1399/1399/1399
f 1406/1406/1406 1399/1399/1399 1405/1405/1405
f 1406/1406/1406 1405/1405/1405 1407/1407/1407
f 1408/1408/1408 1402/1402/1402 1401/1401/1401
f 1401/1401/1401 1404/1404/1404 1408/1408/1408
f 1409/1409/1409 1403/1403/1403 1402/1402/1402
f 1403/1403/1403 1409/1409/1409 1405/1405/1405
f 1402/1402/1402 1408/1408/1408 1409/1409/1409
f 1410/1410/1410 1404/1404/1404 1389/1389/1389
f 1389/1389/1389 1373/1373/1373 1410/1410/1410
f 1411/1411/1411 1408/1408/1408 1404/1404/1404
f 1404/1404/1404 1410/1410/1410 1411/1411/1411
f 1412/1412/1412 1409/1409/1409 1408/1408/1408
f 1408/1408/1408 1411/1411/1411 1412/1412/1412
f 1413/1413/1413 1405/1405/1405 1409/1409/1409
f 1409/1409/1409 1412/1412/1412 1413/1413/1413
f 1414/1414/1414 1407/1407/1407 1405/1405/1405
f 1405/1405/1405 1413/1413/1413 1414/1414/1414
f 1415/1415/1415 1410/1410/1410 1373/1373/1373
f 1373/1373/1373 1368/1368/1368 1415/1415/1415
f 1416/1416/1416 1415/1415/1415 1368/1368/1368
f 1417/1417/1417 1411/1411/1411 1410/1410/1410
f 1410/1410/1410 1415/1415/1415 1417/1417/1417
f 1415/1415/1415 1416/1416/1416 1418/1418/1418
f 1418/1418/1418 1417/1417/1417 1415/1415/1415
f 1419/1419/1419 1418/1418/1418 1416/1416/1416
f 1420/1420/1420 1412/1412/1412 1411/1411/1411
f 1411/1411/1411 1417/1417/1417 1420/1420/1420
f 1421/1421/1421 1413/1413/1413 1412/1412/1412
f 1412/1412/1412 1420/1420/1420 1421/1421/1421
f 1418/1418/1418 1419/1419/1419 1422/1422/1422
f 1423/1423/1423 1422/1422/1422 1419/1419/1419
f 1417/1417/1417 1418/1418/1418 1424/1424/1424
f 1422/1422/1422 1424/1424/1424 1418/1418/1418
f 1424/1424/1424 1420/1420/1420 1417/1417/1417
f 1422/1422/1422 1423/1423/1423 1425/1425/1425
f 1422/1422/1422 1425/1425/1425 1424/1424/1424
f 1426/1426/1426 1425/1425/1425 1423/1423/1423
f 1424/1424/1424 1427/1427/1427 1420/1420/1420
f 1427/1427/1427 1424/1424/1424 1425/1425/1425
f 1425/1425/1425 1426/1426/1426 1428/1428/1428
f 1429/1429/1429 1428/1428/1428 1426/1426/1426
f 1413/1413/1413 1421/1421/1421 1430/1430/1430
f 1430/1430/1430 1414/1414/1414 1413/1413/1413
f 1431/1431/1431 1421/1421/1421 1420/1420/1420
f 1431/1431/1431 1420/1420/1420 1427/1427/1427
f 1427/1427/1427 1425/1425/1425 1432/1432/1432
f 1428/1428/1428 1432/1432/1432 1425/1425/1425
f 1428/1428/1428 1429/1429/1429 1433/1433/1433
f 1434/1434/1434 1433/1433/1433 1429/1429/1429
f 1421/1421/1421 1431/1431/1431 1435/1435/1435
f 1435/1435/1435 1430/1430/1430 1421/1421/1421
f 1431/1431/1431 1427/1427/1427 1436/1436/1436
f 1436/1436/1436 1435/1435/1435 1431/1431/1431
f 1432/1432/1432 1436/1436/1436 1427/1427/1427
f 1432/1432/1432 1428/1428/1428 1437/1437/1437
f 1433/1433/1433 1437/1437/1437 1428/1428/1428
f 1433/1433/1433 1434/1434/1434 1438/1438/1438
f 1439/1439/1439 1438/1438/1438 1434/1434/1434
f 1438/1438/1438 1440/1440/1440 1433/1433/1433
f 1437/1437/1437 1433/1433/1433 1440/1440/1440
f 1440/1440/1440 1441/1441/1441 1437/1437/1437
f 1437/1437/1437 1442/1442/1442 1432/1432/1432
f 1436/1436/1436 1432/1432/1432 1442/1442/1442
f 1442/1442/1442 1437/1437/1437 1441/1441/1441
f 1435/1435/1435 1436/1436/1436 1443/1443/1443
f 1442/1442/1442 1443/1443/1443 1436/1436/1436
f 1442/1442/1442 1441/1441/1441 1443/1443/1443
f 1435/1435/1435 1443/1443/1443 1430/1430/1430
f 1444/1444/1444 1443/1443/1443 1441/1441/1441
f 1445/1445/1445 1430/1430/1430 1443/1443/1443
f 1443/1443/1443 1444/1444/1444 1445/1445/1445
f 1430/1430/1430 1445/1445/1445 1414/1414/1414
f 1446/1446/1446 1445/1445/1445 1444/1444/1444
f 1447/1447/1447 1414/1414/1414 1445/1445/1445
f 1445/1445/1445 1446/1446/1446 1447/1447/1447
f 1414/1414/1414 1447/1447/1447 1407/1407/1407
f 1448/1448/1448 1447/1447/1447 1446/1446/1446
f 1449/1449/1449 1407/1407/1407 1447/1447/1447
f 1447/1447/1447 1448/1448/1448 1449/1449/1449
f 1450/1450/1450 1449/1449/1449 1448/1448/1448
f 1453/1453/1453 1452/1452/1452 1451/1451/1451
f 1454/1454/1454 1451/1451/1451 1452/1452/1452
f 1451/1451/1451 1454/1454/1454 1455/1455/1455
f 1454/1454/1454 1452/1452/1452 1456/1456/1456
f 1457/1457/1457 1456/1456/1456 1452/1452/1452
f 1458/1458/1458 1455/1455/1455 1454/1454/1454
f 1455/1455/1455 1458/1458/1458 1459/1459/1459
f 1456/1456/1456 1457/1457/1457 1460/1460/1460
f 1461/1461/1461 1460/1460/1460 1457/1457/1457
f 1461/1461/1461 1462/1462/1462 1460/1460/1460
f 1456/1456/1456 1463/1463/1463 1454/1454/1454
f 1458/1458/1458 1454/1454/1454 1463/1463/1463
f 1460/1460/1460 1464/1464/1464 1456/1456/1456
f 1463/1463/1463 1456/1456/1456 1464/1464/1464
f 1465/1465/1465 1460/1460/1460 1462/1462/1462
f 1460/1460/1460 1465/1465/1465 1464/1464/1464
f 1463/1463/1463 1466/1466/1466 1458/1458/1458
f 1463/1463/1463 1464/1464/1464 1466/1466/1466
f 1467/1467/1467 1459/1459/1459 1458/1458/1458
f 1467/1467/1467 1458/1458/1458 1466/1466/1466
f 1467/1467/1467 1468/1468/1468 1459/1459/1459
f 1469/1469/1469 1459/1459/1459 1468/1468/1468
f 1466/1466/1466 1470/1470/1470 1467/1467/1467
f 1468/1468/1468 1467/1467/1467 1470/1470/1470
f 1471/1471/1471 1466/1466/1466 1464/1464/1464
f 1466/1466/1466 1471/1471/1471 1470/1470/1470
f 1468/1468/1468 1472/1472/1472 1469/1469/1469
f 1473/1473/1473 1469/1469/1469 1472/1472/1472
f 1473/1473/1473 1472/1472/1472 1474/1474/1474
f 1470/1470/1470 1475/1475/1475 1468/1468/1468
f 1472/1472/1472 1468/1468/1468 1475/1475/1475
f 1476/1476/1476 1474/1474/1474 1472/1472/1472
f 1474/1474/1474 1476/1476/1476 1477/1477/1477
f 1478/1478/1478 1477/1477/1477 1476/1476/1476
f 1476/1476/1476 1472/1472/1472 1479/1479/1479
f 1476/1476/1476 1479/1479/1479 1478/1478/1478
f 1475/1475/1475 1479/1479/1479 1472/1472/1472
f 1480/1480/1480 1478/1478/1478 1479/1479/1479
f 1470/1470/1470 1481/1481/1481 1475/1475/1475
f 1481/1481/1481 1470/1470/1470 1471/1471/1471
f 1464/1464/1464 1482/1482/1482 1471/1471/1471
f 1482/1482/1482 1464/1464/1464 1465/1465/1465
f 1475/1475/1475 1483/1483/1483 1479/1479/1479
f 1483/1483/1483 1475/1475/1475 1481/1481/1481
f 1479/1479/1479 1484/1484/1484 1480/1480/1480
f 1484/1484/1484 1479/1479/1479 1483/1483/1483
f 1485/1485/1485 1480/1480/1480 1484/1484/1484
f 1485/1485/1485 1484/1484/1484 1486/1486/1486
f 1484/1484/1484 1483/1483/1483 1487/1487/1487
f 1487/1487/1487 1486/1486/1486 1484/1484/1484
f 1487/1487/1487 1488/1488/1488 1486/1486/1486
f 1489/1489/1489 1486/1486/1486 1488/1488/1488
f 1489/1489/1489 1488/1488/1488 1490/1490/1490
f 1491/1491/1491 1487/1487/1487 1483/1483/1483
f 1483/1483/1483 1481/1481/1481 1491/1491/1491
f 1487/1487/1487 1491/1491/1491 1488/1488/1488
f 1492/1492/1492 1490/1490/1490 1488/1488/1488
f 1490/1490/1490 1492/1492/1492 1493/1493/1493
f 1494/1494/1494 1493/1493/1493 1492/1492/1492
f 1493/1493/1493 1494/1494/1494 1495/1495/1495
f 1492/1492/1492 1488/1488/1488 1496/1496/1496
f 1492/1492/1492 1496/1496/1496 1494/1494/1494
f 1497/1497/1497 1488/1488/1488 1491/1491/1491
f 1497/1497/1497 1496/1496/1496 1488/1488/1488
f 1498/1498/1498 1491/1491/1491 1481/1481/1481
f 1491/1491/1491 1498/1498/1498 1497/1497/1497
f 1499/1499/1499 1495/1495/1495 1494/1494/1494
f 1495/1495/1495 1499/1499/1499 1500/1500/1500
f 1501/1501/1501 1494/1494/1494 1496/1496/1496
f 1494/1494/1494 1501/1501/1501 1499/1499/1499
f 1498/1498/1498 1481/1481/1481 1502/1502/1502
f 1471/1471/1471 1502/1502/1502 1481/1481/1481
f 1502/1502/1502 1471/1471/1471 1482/1482/1482
f 1496/1496/1496 1497/1497/1497 1503/1503/1503
f 1496/1496/1496 1503/1503/1503 1501/1501/1501
f 1504/1504/1504 1497/1497/1497 1498/1498/1498
f 1498/1498/1498 1502/1502/1502 1504/1504/1504
f 1504/1504/1504 1503/1503/1503 1497/1497/1497
f 1505/1505/1505 1500/1500/1500 1499/1499/1499
f 1500/1500/1500 1505/1505/1505 1506/1506/1506
f 1502/1502/1502 1482/1482/1482 1507/1507/1507
f 1507/1507/1507 1504/1504/1504 1502/1502/1502
f 1508/1508/1508 1499/1499/1499 1501/1501/1501
f 1499/1499/1499 1508/1508/1508 1505/1505/1505
f 1509/1509/1509 1501/1501/1501 1503/1503/1503
f 1501/1501/1501 1509/1509/1509 1508/1508/1508
f 1503/1503/1503 1504/1504/1504 1510/1510/1510
f 1507/1507/1507 1510/1510/1510 1504/1504/1504
f 1503/1503/1503 1510/1510/1510 1509/1509/1509
f 1511/1511/1511 1507/1507/1507 1482/1482/1482
f 1507/1507/1507 1511/1511/1511 1510/1510/1510
f 1482/1482/1482 1465/1465/1465 1511/1511/1511
f 1512/1512/1512 1511/1511/1511 1465/1465/1465
f 1465/1465/1465 1462/1462/1462 1512/1512/1512
f 1513/1513/1513 1512/1512/1512 1462/1462/1462
f 1514/1514/1514 1510/1510/1510 1511/1511/1511
f 1511/1511/1511 1512/1512/1512 1514/1514/1514
f 1512/1512/1512 1513/1513/1513 1515/1515/1515
f 1515/1515/1515 1514/1514/1514 1512/1512/1512
f 1516/1516/1516 1515/1515/1515 1513/1513/1513
f 1517/1517/1517 1509/1509/1509 1510/1510/1510
f 1510/1510/1510 1514/1514/1514 1517/1517/1517
f 1514/1514/1514 1515/1515/1515 1518/1518/1518
f 1518/1518/1518 1517/1517/1517 1514/1514/1514
f 1515/1515/1515 1516/1516/1516 1519/1519/1519
f 1519/1519/1519 1518/1518/1518 1515/1515/1515
f 1520/1520/1520 1519/1519/1519 1516/1516/1516
f 1509/1509/1509 1517/1517/1517 1521/1521/1521
f 1521/1521/1521 1508/1508/1508 1509/1509/1509
f 1517/1517/1517 1518/1518/1518 1522/1522/1522
f 1522/1522/1522 1521/1521/1521 1517/1517/1517
f 1518/1518/1518 1519/1519/1519 1523/1523/1523
f 1523/1523/1523 1522/1522/1522 1518/1518/1518
f 1519/1519/1519 1520/1520/1520 1524/1524/1524
f 1524/1524/1524 1523/1523/1523 1519/1519/1519
f 1525/1525/1525 1524/1524/1524 1520/1520/1520
f 1508/1508/1508 1521/1521/1521 1526/1526/1526
f 1526/1526/1526 1505/1505/1505 1508/1508/1508
f 1521/1521/1521 1522/1522/1522 1527/1527/1527
f 1527/1527/1527 1526/1526/1526 1521/1521/1521
f 1522/1522/1522 1523/1523/1523 1528/1528/1528
f 1528/1528/1528 1527/1527/1527 1522/1522/1522
f 1523/1523/1523 1524/1524/1524 1529/1529/1529
f 1529/1529/1529 1528/1528/1528 1523/1523/1523
f 1524/1524/1524 1525/1525/1525 1530/1530/1530
f 1530/1530/1530 1529/1529/1529 1524/1524/1524
f 1531/1531/1531 1530/1530/1530 1525/1525/1525
f 1526/1526/1526 1532/1532/1532 1505/1505/1505
f 1526/1526/1526 1527/1527/1527 1532/1532/1532
f 1527/1527/1527 1528/1528/1528 1533/1533/1533
f 1533/1533/1533 1532/1532/1532 1527/1527/1527
f 1528/1528/1528 1529/1529/1529 1534/1534/1534
f 1534/1534/1534 1533/1533/1533 1528/1528/1528
f 1529/1529/1529 1530/1530/1530 1535/1535/1535
f 1535/1535/1535 1534/1534/1534 1529/1529/1529
f 1530/1530/1530 1531/1531/1531 1536/1536/1536
f 1536/1536/1536 1535/1535/1535 1530/1530/1530
f 1537/1537/1537 1536/1536/1536 1531/1531/1531
f 1536/1536/1536 1537/1537/1537 1538/1538/1538
f 1539/1539/1539 1538/1538/1538 1537/1537/1537
f 1539/1539/1539 1540/1540/1540 1538/1538/1538
f 1535/1535/1535 1536/1536/1536 1541/1541/1541
f 1538/1538/1538 1541/1541/1541 1536/1536/1536
f 1542/1542/1542 1538/1538/1538 1540/1540/1540
f 1538/1538/1538 1542/1542/1542 1541/1541/1541
f 1540/1540/1540 1543/1543/1543 1542/1542/1542
f 1534/1534/1534 1535/1535/1535 1544/1544/1544
f 1541/1541/1541 1544/1544/1544 1535/1535/1535
f 1533/1533/1533 1534/1534/1534 1545/1545/1545
f 1544/1544/1544 1545/1545/1545 1534/1534/1534
f 1546/1546/1546 1542/1542/1542 1543/1543/1543
f 1543/1543/1543 1547/1547/1547 1546/1546/1546
f 1548/1548/1548 1541/1541/1541 1542/1542/1542
f 1541/1541/1541 1548/1548/1548 1544/1544/1544
f 1542/1542/1542 1546/1546/1546 1548/1548/1548
f 1549/1549/1549 1546/1546/1546 1547/1547/1547
f 1547/1547/1547 1550/1550/1550 1549/1549/1549
f 1551/1551/1551 1544/1544/1544 1548/1548/1548
f 1544/1544/1544 1551/1551/1551 1545/1545/1545
f 1552/1552/1552 1548/1548/1548 1546/1546/1546
f 1546/1546/1546 1549/1549/1549 1552/1552/1552
f 1548/1548/1548 1552/1552/1552 1551/1551/1551
f 1545/1545/1545 1553/1553/1553 1533/1533/1533
f 1532/1532/1532 1533/1533/1533 1553/1553/1553
f 1554/1554/1554 1549/1549/1549 1550/1550/1550
f 1550/1550/1550 1555/1555/1555 1554/1554/1554
f 1556/1556/1556 1545/1545/1545 1551/1551/1551
f 1545/1545/1545 1556/1556/1556 1553/1553/1553
f 1557/1557/1557 1552/1552/1552 1549/1549/1549
f 1549/1549/1549 1554/1554/1554 1557/1557/1557
f 1558/1558/1558 1551/1551/1551 1552/1552/1552
f 1551/1551/1551 1558/1558/1558 1556/1556/1556
f 1552/1552/1552 1557/1557/1557 1558/1558/1558
f 1553/1553/1553 1559/1559/1559 1532/1532/1532
f 1560/1560/1560 1553/1553/1553 1556/1556/1556
f 1553/1553/1553 1560/1560/1560 1559/1559/1559
f 1561/1561/1561 1556/1556/1556 1558/1558/1558
f 1556/1556/1556 1561/1561/1561 1560/1560/1560
f 1562/1562/1562 1558/1558/1558 1557/1557/1557
f 1558/1558/1558 1562/1562/1562 1561/1561/1561
f 1563/1563/1563 1557/1557/1557 1554/1554/1554
f 1557/1557/1557 1563/1563/1563 1562/1562/1562
f 1564/1564/1564 1532/1532/1532 1559/1559/1559
f 1564/1564/1564 1505/1505/1505 1532/1532/1532
f 1564/1564/1564 1506/1506/1506 1505/1505/1505
f 1506/1506/1506 1564/1564/1564 1565/1565/1565
f 1559/1559/1559 1565/1565/1565 1564/1564/1564
f 1559/1559/1559 1566/1566/1566 1565/1565/1565
f 1566/1566/1566 1559/1559/1559 1560/1560/1560
f 1567/1567/1567 1565/1565/1565 1566/1566/1566
f 1567/1567/1567 1566/1566/1566 1568/1568/1568
f 1569/1569/1569 1560/1560/1560 1561/1561/1561
f 1560/1560/1560 1569/1569/1569 1566/1566/1566
f 1570/1570/1570 1561/1561/1561 1562/1562/1562
f 1561/1561/1561 1570/1570/1570 1569/1569/1569
f 1571/1571/1571 1568/1568/1568 1566/1566/1566
f 1571/1571/1571 1566/1566/1566 1569/1569/1569
f 1571/1571/1571 1572/1572/1572 1568/1568/1568
f 1573/1573/1573 1568/1568/1568 1572/1572/1572
f 1573/1573/1573 1572/1572/1572 1574/1574/1574
f 1569/1569/1569 1575/1575/1575 1571/1571/1571
f 1572/1572/1572 1571/1571/1571 1575/1575/1575
f 1575/1575/1575 1569/1569/1569 1570/1570/1570
f 1576/1576/1576 1574/1574/1574 1572/1572/1572
f 1572/1572/1572 1575/1575/1575 1576/1576/1576
f 1562/1562/1562 1577/1577/1577 1570/1570/1570
f 1577/1577/1577 1562/1562/1562 1563/1563/1563
f 1575/1575/1575 1570/1570/1570 1578/1578/1578
f 1578/1578/1578 1576/1576/1576 1575/1575/1575
f 1576/1576/1576 1579/1579/1579 1574/1574/1574
f 1580/1580/1580 1574/1574/1574 1579/1579/1579
f 1581/1581/1581 1570/1570/1570 1577/1577/1577
f 1581/1581/1581 1578/1578/1578 1570/1570/1570
f 1578/1578/1578 1582/1582/1582 1576/1576/1576
f 1579/1579/1579 1576/1576/1576 1582/1582/1582
f 1579/1579/1579 1583/1583/1583 1580/1580/1580
f 1584/1584/1584 1580/1580/1580 1583/1583/1583
f 1584/1584/1584 1583/1583/1583 1585/1585/1585
f 1586/1586/1586 1585/1585/1585 1583/1583/1583
f 1586/1586/1586 1583/1583/1583 1587/1587/1587
f 1583/1583/1583 1579/1579/1579 1588/1588/1588
f 1588/1588/1588 1587/1587/1587 1583/1583/1583
f 1582/1582/1582 1588/1588/1588 1579/1579/1579
f 1587/1587/1587 1588/1588/1588 1589/1589/1589
f 1590/1590/1590 1589/1589/1589 1588/1588/1588
f 1588/1588/1588 1582/1582/1582 1590/1590/1590
f 1589/1589/1589 1590/1590/1590 1591/1591/1591
f 1582/1582/1582 1578/1578/1578 1592/1592/1592
f 1581/1581/1581 1592/1592/1592 1578/1578/1578
f 1592/1592/1592 1590/1590/1590 1582/1582/1582
f 1593/1593/1593 1591/1591/1591 1590/1590/1590
f 1590/1590/1590 1592/1592/1592 1593/1593/1593
f 1591/1591/1591 1593/1593/1593 1594/1594/1594
f 1592/1592/1592 1581/1581/1581 1595/1595/1595
f 1595/1595/1595 1593/1593/1593 1592/1592/1592
f 1577/1577/1577 1595/1595/1595 1581/1581/1581
f 1596/1596/1596 1594/1594/1594 1593/1593/1593
f 1593/1593/1593 1595/1595/1595 1596/1596/1596
f 1595/1595/1595 1577/1577/1577 1597/1597/1597
f 1597/1597/1597 1596/1596/1596 1595/1595/1595
f 1563/1563/1563 1597/1597/1597 1577/1577/1577
f 1597/1597/1597 1563/1563/1563 1598/1598/1598
f 1597/1597/1597 1598/1598/1598 1596/1596/1596
f 1554/1554/1554 1598/1598/1598 1563/1563/1563
f 1598/1598/1598 1554/1554/1554 1555/1555/1555
f 1596/1596/1596 1599/1599/1599 1594/1594/1594
f 1599/1599/1599 1596/1596/1596 1598/1598/1598
f 1598/1598/1598 1555/1555/1555 1599/1599/1599
f 1600/1600/1600 1594/1594/1594 1599/1599/1599
f 1601/1601/1601 1599/1599/1599 1555/1555/1555
f 1599/1599/1599 1601/1601/1601 1600/1600/1600
f 1602/1602/1602 1600/1600/1600 1601/1601/1601
f 1605/1605/1605 1604/1604/1604 1603/1603/1603
f 1606/1606/1606 1603/1603/1603 1604/1604/1604
f 1604/1604/1604 1607/1607/1607 1606/1606/1606
f 1603/1603/1603 1606/1606/1606 1608/1608/1608
f 1609/1609/1609 1606/1606/1606 1607/1607/1607
f 1607/1607/1607 1610/1610/1610 1609/1609/1609
f 1611/1611/1611 1608/1608/1608 1606/1606/1606
f 1606/1606/1606 1609/1609/1609 1611/1611/1611
f 1608/1608/1608 1611/1611/1611 1612/1612/1612
f 1613/1613/1613 1609/1609/1609 1610/1610/1610
f 1610/1610/1610 1614/1614/1614 1613/1613/1613
f 1615/1615/1615 1612/1612/1612 1611/1611/1611
f 1612/1612/1612 1615/1615/1615 1616/1616/1616
f 1617/1617/1617 1611/1611/1611 1609/1609/1609
f 1609/1609/1609 1613/1613/1613 1617/1617/1617
f 1611/1611/1611 1617/1617/1617 1615/1615/1615
f 1618/1618/1618 1613/1613/1613 1614/1614/1614
f 1614/1614/1614 1619/1619/1619 1618/1618/1618
f 1620/1620/1620 1616/1616/1616 1615/1615/1615
f 1616/1616/1616 1620/1620/1620 1621/1621/1621
f 1622/1622/1622 1617/1617/1617 1613/1613/1613
f 1613/1613/1613 1618/1618/1618 1622/1622/1622
f 1623/1623/1623 1615/1615/1615 1617/1617/1617
f 1615/1615/1615 1623/1623/1623 1620/1620/1620
f 1617/1617/1617 1622/1622/1622 1623/1623/1623
f 1624/1624/1624 1618/1618/1618 1619/1619/1619
f 1619/1619/1619 1625/1625/1625 1624/1624/1624
f 1626/1626/1626 1621/1621/1621 1620/1620/1620
f 1621/1621/1621 1626/1626/1626 1627/1627/1627
f 1628/1628/1628 1620/1620/1620 1623/1623/1623
f 1620/1620/1620 1628/1628/1628 1626/1626/1626
f 1629/1629/1629 1622/1622/1622 1618/1618/1618
f 1618/1618/1618 1624/1624/1624 1629/1629/1629
f 1630/1630/1630 1623/1623/1623 1622/1622/1622
f 1623/1623/1623 1630/1630/1630 1628/1628/1628
f 1622/1622/1622 1629/1629/1629 1630/1630/1630
f 1631/1631/1631 1624/1624/1624 1625/1625/1625
f 1625/1625/1625 1632/1632/1632 1631/1631/1631
f 1633/1633/1633 1627/1627/1627 1626/1626/1626
f 1627/1627/1627 1633/1633/1633 1634/1634/1634
f 1635/1635/1635 1626/1626/1626 1628/1628/1628
f 1626/1626/1626 1635/1635/1635 1633/1633/1633
f 1636/1636/1636 1628/1628/1628 1630/1630/1630
f 1628/1628/1628 1636/1636/1636 1635/1635/1635
f 1637/1637/1637 1630/1630/1630 1629/1629/1629
f 1630/1630/1630 1637/1637/1637 1636/1636/1636
f 1638/1638/1638 1629/1629/1629 1624/1624/1624
f 1624/1624/1624 1631/1631/1631 1638/1638/1638
f 1629/1629/1629 1638/1638/1638 1637/1637/1637
f 1639/1639/1639 1631/1631/1631 1632/1632/1632
f 1632/1632/1632 1640/1640/1640 1639/1639/1639
f 1641/1641/1641 1639/1639/1639 1640/1640/1640
f 1642/1642/1642 1638/1638/1638 1631/1631/1631
f 1631/1631/1631 1639/1639/1639 1642/1642/1642
f 1639/1639/1639 1641/1641/1641 1643/1643/1643
f 1643/1643/1643 1642/1642/1642 1639/1639/1639
f 1644/1644/1644 1643/1643/1643 1641/1641/1641
f 1645/1645/1645 1637/1637/1637 1638/1638/1638
f 1638/1638/1638 1642/1642/1642 1645/1645/1645
f 1646/1646/1646 1636/1636/1636 1637/1637/1637
f 1637/1637/1637 1645/1645/1645 1646/1646/1646
f 1642/1642/1642 1643/1643/1643 1647/1647/1647
f 1647/1647/1647 1645/1645/1645 1642/1642/1642
f 1643/1643/1643 1644/1644/1644 1648/1648/1648
f 1648/1648/1648 1647/1647/1647 1643/1643/1643
f 1649/1649/1649 1648/1648/1648 1644/1644/1644
f 1645/1645/1645 1647/1647/1647 1650/1650/1650
f 1650/1650/1650 1646/1646/1646 1645/1645/1645
f 1636/1636/1636 1646/1646/1646 1651/1651/1651
f 1651/1651/1651 1635/1635/1635 1636/1636/1636
f 1647/1647/1647 1648/1648/1648 1652/1652/1652
f 1652/1652/1652 1650/1650/1650 1647/1647/1647
f 1648/1648/1648 1649/1649/1649 1653/1653/1653
f 1653/1653/1653 1652/1652/1652 1648/1648/1648
f 1654/1654/1654 1653/1653/1653 1649/1649/1649
f 1646/1646/1646 1650/1650/1650 1655/1655/1655
f 1655/1655/1655 1651/1651/1651 1646/1646/1646
f 1635/1635/1635 1651/1651/1651 1656/1656/1656
f 1656/1656/1656 1633/1633/1633 1635/1635/1635
f 1650/1650/1650 1652/1652/1652 1657/1657/1657
f 1657/1657/1657 1655/1655/1655 1650/1650/1650
f 1652/1652/1652 1653/1653/1653 1658/1658/1658
f 1658/1658/1658 1657/1657/1657 1652/1652/1652
f 1653/1653/1653 1654/1654/1654 1659/1659/1659
f 1659/1659/1659 1658/1658/1658 1653/1653/1653
f 1660/1660/1660 1659/1659/1659 1654/1654/1654
f 1651/1651/1651 1655/1655/1655 1661/1661/1661
f 1661/1661/1661 1656/1656/1656 1651/1651/1651
f 1633/1633/1633 1656/1656/1656 1662/1662/1662
f 1662/1662/1662 1634/1634/1634 1633/1633/1633
f 1634/1634/1634 1662/1662/1662 1663/1663/1663
f 1655/1655/1655 1657/1657/1657 1664/1664/1664
f 1664/1664/1664 1661/1661/1661 1655/1655/1655
f 1657/1657/1657 1658/1658/1658 1665/1665/1665
f 1665/1665/1665 1664/1664/1664 1657/1657/1657
f 1658/1658/1658 1659/1659/1659 1666/1666/1666
f 1666/1666/1666 1665/1665/1665 1658/1658/1658
f 1659/1659/1659 1660/1660/1660 1667/1667/1667
f 1667/1667/1667 1666/1666/1666 1659/1659/1659
f 1668/1668/1668 1667/1667/1667 1660/1660/1660
f 1656/1656/1656 1661/1661/1661 1669/1669/1669
f 1669/1669/1669 1662/1662/1662 1656/1656/1656
f 1670/1670/1670 1663/1663/1663 1662/1662/1662
f 1662/1662/1662 1669/1669/1669 1670/1670/1670
f 1663/1663/1663 1670/1670/1670 1671/1671/1671
f 1661/1661/1661 1664/1664/1664 1672/1672/1672
f 1672/1672/1672 1669/1669/1669 1661/1661/1661
f 1664/1664/1664 1665/1665/1665 1673/1673/1673
f 1673/1673/1673 1672/1672/1672 1664/1664/1664
f 1665/1665/1665 1666/1666/1666 1674/1674/1674
f 1674/1674/1674 1673/1673/1673 1665/1665/1665
f 1666/1666/1666 1667/1667/1667 1675/1675/1675
f 1675/1675/1675 1674/1674/1674 1666/1666/1666
f 1667/1667/1667 1668/1668/1668 1676/1676/1676
f 1676/1676/1676 1675/1675/1675 1667/1667/1667
f 1677/1677/1677 1676/1676/1676 1668/1668/1668
f 1678/1678/1678 1671/1671/1671 1670/1670/1670
f 1671/1671/1671 1678/1678/1678 1679/1679/1679
f 1680/1680/1680 1670/1670/1670 1669/1669/1669
f 1669/1669/1669 1672/1672/1672 1680/1680/1680
f 1670/1670/1670 1680/1680/1680 1678/1678/1678
f 1672/1672/1672 1673/1673/1673 1681/1681/1681
f 1681/1681/1681 1680/1680/1680 1672/1672/1672
f 1673/1673/1673 1674/1674/1674 1682/1682/1682
f 1682/1682/1682 1681/1681/1681 1673/1673/1673
f 1674/1674/1674 1675/1675/1675 1683/1683/1683
f 1683/1683/1683 1682/1682/1682 1674/1674/1674
f 1675/1675/1675 1676/1676/1676 1684/1684/1684
f 1684/1684/1684 1683/1683/1683 1675/1675/1675
f 1676/1676/1676 1677/1677/1677 1685/1685/1685
f 1685/1685/1685 1684/1684/1684 1676/1676/1676
f 1686/1686/1686 1685/1685/1685 1677/1677/1677
f 1687/1687/1687 1678/1678/1678 1680/1680/1680
f 1680/1680/1680 1681/1681/1681 1687/1687/1687
f 1681/1681/1681 1682/1682/1682 1688/1688/1688
f 1688/1688/1688 1687/1687/1687 1681/1681/1681
f 1682/1682/1682 1683/1683/1683 1689/1689/1689
f 1689/1689/1689 1688/1688/1688 1682/1682/1682
f 1683/1683/1683 1684/1684/1684 1690/1690/1690
f 1690/1690/1690 1689/1689/1689 1683/1683/1683
f 1684/1684/1684 1685/1685/1685 1691/1691/1691
f 1691/1691/1691 1690/1690/1690 1684/1684/1684
f 1685/1685/1685 1686/1686/1686 1692/1692/1692
f 1692/1692/1692 1691/1691/1691 1685/1685/1685
f 1693/1693/1693 1692/1692/1692 1686/1686/1686
f 1678/1678/1678 1687/1687/1687 1694/1694/1694
f 1694/1694/1694 1679/1679/1679 1678/1678/1678
f 1679/1679/1679 1694/1694/1694 1695/1695/1695
f 1687/1687/1687 1688/1688/1688 1696/1696/1696
f 1696/1696/1696 1694/1694/1694 1687/1687/1687
f 1697/1697/1697 1695/1695/1695 1694/1694/1694
f 1694/1694/1694 1696/1696/1696 1697/1697/1697
f 1695/1695/1695 1697/1697/1697 1698/1698/1698
f 1692/1692/1692 1693/1693/1693 1699/1699/1699
f 1700/1700/1700 1699/1699/1699 1693/1693/1693
f 1691/1691/1691 1692/1692/1692 1701/1701/1701
f 1699/1699/1699 1701/1701/1701 1692/1692/1692
f 1702/1702/1702 1696/1696/1696 1688/1688/1688
f 1688/1688/1688 1689/1689/1689 1702/1702/1702
f 1703/1703/1703 1698/1698/1698 1697/1697/1697
f 1698/1698/1698 1703/1703/1703 1704/1704/1704
f 1705/1705/1705 1697/1697/1697 1696/1696/1696
f 1696/1696/1696 1702/1702/1702 1705/1705/1705
f 1697/1697/1697 1705/1705/1705 1703/1703/1703
f 1699/1699/1699 1700/1700/1700 1706/1706/1706
f 1707/1707/1707 1706/1706/1706 1700/1700/1700
f 1708/1708/1708 1702/1702/1702 1689/1689/1689
f 1689/1689/1689 1690/1690/1690 1708/1708/1708
f 1709/1709/1709 1704/1704/1704 1703/1703/1703
f 1704/1704/1704 1709/1709/1709 1710/1710/1710
f 1711/1711/1711 1705/1705/1705 1702/1702/1702
f 1702/1702/1702 1708/1708/1708 1711/1711/1711
f 1712/1712/1712 1703/1703/1703 1705/1705/1705
f 1703/1703/1703 1712/1712/1712 1709/1709/1709
f 1705/1705/1705 1711/1711/1711 1712/1712/1712
f 1713/1713/1713 1708/1708/1708 1690/1690/1690
f 1690/1690/1690 1691/1691/1691 1713/1713/1713
f 1701/1701/1701 1713/1713/1713 1691/1691/1691
f 1714/1714/1714 1710/1710/1710 1709/1709/1709
f 1710/1710/1710 1714/1714/1714 1715/1715/1715
f 1716/1716/1716 1709/1709/1709 1712/1712/1712
f 1709/1709/1709 1716/1716/1716 1714/1714/1714
f 1717/1717/1717 1711/1711/1711 1708/1708/1708
f 1708/1708/1708 1713/1713/1713 1717/1717/1717
f 1718/1718/1718 1712/1712/1712 1711/1711/1711
f 1712/1712/1712 1718/1718/1718 1716/1716/1716
f 1711/1711/1711 1717/1717/1717 1718/1718/1718
f 1713/1713/1713 1701/1701/1701 1719/1719/1719
f 1719/1719/1719 1717/1717/1717 1713/1713/1713
f 1720/1720/1720 1715/1715/1715 1714/1714/1714
f 1715/1715/1715 1720/1720/1720 1721/1721/1721
f 1722/1722/1722 1714/1714/1714 1716/1716/1716
f 1714/1714/1714 1722/1722/1722 1720/1720/1720
f 1723/1723/1723 1718/1718/1718 1717/1717/1717
f 1717/1717/1717 1719/1719/1719 1723/1723/1723
f 1724/1724/1724 1716/1716/1716 1718/1718/1718
f 1716/1716/1716 1724/1724/1724 1722/1722/1722
f 1718/1718/1718 1723/1723/1723 1724/1724/1724
f 1725/1725/1725 1719/1719/1719 1701/1701/1701
f 1701/1701/1701 1699/1699/1699 1725/1725/1725
f 1706/1706/1706 1725/1725/1725 1699/1699/1699
f 1726/1726/1726 1721/1721/1721 1720/1720/1720
f 1721/1721/1721 1726/1726/1726 1727/1727/1727
f 1728/1728/1728 1720/1720/1720 1722/1722/1722
f 1720/1720/1720 1728/1728/1728 1726/1726/1726
f 1729/1729/1729 1722/1722/1722 1724/1724/1724
f 1722/1722/1722 1729/1729/1729 1728/1728/1728
f 1730/1730/1730 1724/1724/1724 1723/1723/1723
f 1724/1724/1724 1730/1730/1730 1729/1729/1729
f 1731/1731/1731 1723/1723/1723 1719/1719/1719
f 1719/1719/1719 1725/1725/1725 1731/1731/1731
f 1723/1723/1723 1731/1731/1731 1730/1730/1730
f 1725/1725/1725 1706/1706/1706 1732/1732/1732
f 1732/1732/1732 1731/1731/1731 1725/1725/1725
f 1733/1733/1733 1727/1727/1727 1726/1726/1726
f 1727/1727/1727 1733/1733/1733 1734/1734/1734
f 1735/1735/1735 1726/1726/1726 1728/1728/1728
f 1726/1726/1726 1735/1735/1735 1733/1733/1733
f 1736/1736/1736 1728/1728/1728 1729/1729/1729
f 1728/1728/1728 1736/1736/1736 1735/1735/1735
f 1737/1737/1737 1729/1729/1729 1730/1730/1730
f 1729/1729/1729 1737/1737/1737 1736/1736/1736
f 1738/1738/1738 1730/1730/1730 1731/1731/1731
f 1731/1731/1731 1732/1732/1732 1738/1738/1738
f 1730/1730/1730 1738/1738/1738 1737/1737/1737
f 1739/1739/1739 1732/1732/1732 1706/1706/1706
f 1706/1706/1706 1707/1707/1707 1739/1739/1739
f 1740/1740/1740 1739/1739/1739 1707/1707/1707
f 1741/1741/1741 1738/1738/1738 1732/1732/1732
f 1732/1732/1732 1739/1739/1739 1741/1741/1741
f 1739/1739/1739 1740/1740/1740 1742/1742/1742
f 1742/1742/1742 1741/1741/1741 1739/1739/1739
f 1743/1743/1743 1742/1742/1742 1740/1740/1740
f 1744/1744/1744 1737/1737/1737 1738/1738/1738
f 1738/1738/1738 1741/1741/1741 1744/1744/1744
f 1745/1745/1745 1736/1736/1736 1737/1737/1737
f 1737/1737/1737 1744/1744/1744 1745/1745/1745
f 1741/1741/1741 1742/1742/1742 1746/1746/1746
f 1746/1746/1746 1744/1744/1744 1741/1741/1741
f 1742/1742/1742 1743/1743/1743 1747/1747/1747
f 1747/1747/1747 1746/1746/1746 1742/1742/1742
f 1748/1748/1748 1747/1747/1747 1743/1743/1743
f 1744/1744/1744 1746/1746/1746 1749/1749/1749
f 1749/1749/1749 1745/1745/1745 1744/1744/1744
f 1736/1736/1736 1745/1745/1745 1750/1750/1750
f 1750/1750/1750 1735/1735/1735 1736/1736/1736
f 1746/1746/1746 1747/1747/1747 1751/1751/1751
f 1751/1751/1751 1749/1749/1749 1746/1746/1746
f 1747/1747/1747 1748/1748/1748 1752/1752/1752
f 1752/1752/1752 1751/1751/1751 1747/1747/1747
f 1753/1753/1753 1752/1752/1752 1748/1748/1748
f 1745/1745/1745 1749/1749/1749 1754/1754/1754
f 1754/1754/1754 1750/1750/1750 1745/1745/1745
f 1735/1735/1735 1750/1750/1750 1755/1755/1755
f 1755/1755/1755 1733/1733/1733 1735/1735/1735
f 1749/1749/1749 1751/1751/1751 1756/1756/1756
f 1756/1756/1756 1754/1754/1754 1749/1749/1749
f 1751/1751/1751 1752/1752/1752 1757/1757/1757
f 1757/1757/1757 1756/1756/1756 1751/1751/1751
f 1752/1752/1752 1753/1753/1753 1758/1758/1758
f 1758/1758/1758 1757/1757/1757 1752/1752/1752
f 1759/1759/1759 1758/1758/1758 1753/1753/1753
f 1750/1750/1750 1754/1754/1754 1760/1760/1760
f 1760/1760/1760 1755/1755/1755 1750/1750/1750
f 1733/1733/1733 1755/1755/1755 1761/1761/1761
f 1761/1761/1761 1734/1734/1734 1733/1733/1733
f 1734/1734/1734 1761/1761/1761 1762/1762/1762
f 1754/1754/1754 1756/1756/1756 1763/1763/1763
f 1763/1763/1763 1760/1760/1760 1754/1754/1754
f 1756/1756/1756 1757/1757/1757 1764/1764/1764
f 1764/1764/1764 1763/1763/1763 1756/1756/1756
f 1757/1757/1757 1758/1758/1758 1765/1765/1765
f 1765/1765/1765 1764/1764/1764 1757/1757/1757
f 1758/1758/1758 1759/1759/1759 1766/1766/1766
f 1766/1766/1766 1765/1765/1765 1758/1758/1758
f 1767/1767/1767 1766/1766/1766 1759/1759/1759
f 1755/1755/1755 1760/1760/1760 1768/1768/1768
f 1768/1768/1768 1761/1761/1761 1755/1755/1755
f 1769/1769/1769 1762/1762/1762 1761/1761/1761
f 1761/1761/1761 1768/1768/1768 1769/1769/1769
f 1762/1762/1762 1769/1769/1769 1770/1770/1770
f 1760/1760/1760 1763/1763/1763 1771/1771/1771
f 1771/1771/1771 1768/1768/1768 1760/1760/1760
f 1763/1763/1763 1764/1764/1764 1772/1772/1772
f 1772/1772/1772 1771/1771/1771 1763/1763/1763
f 1764/1764/1764 1765/1765/1765 1773/1773/1773
f 1773/1773/1773 1772/1772/1772 1764/1764/1764
f 1765/1765/1765 1766/1766/1766 1774/1774/1774
f 1774/1774/1774 1773/1773/1773 1765/1765/1765
f 1766/1766/1766 1767/1767/1767 1775/1775/1775
f 1775/1775/1775 1774/1774/1774 1766/1766/1766
f 1776/1776/1776 1775/1775/1775 1767/1767/1767
f 1777/1777/1777 1770/1770/1770 1769/1769/1769
f 1770/1770/1770 1777/1777/1777 1778/1778/1778
f 1779/1779/1779 1769/1769/1769 1768/1768/1768
f 1768/1768/1768 1771/1771/1771 1779/1779/1779
f 1769/1769/1769 1779/1779/1779 1777/1777/1777
f 1771/1771/1771 1772/1772/1772 1780/1780/1780
f 1780/1780/1780 1779/1779/1779 1771/1771/1771
f 1772/1772/1772 1773/1773/1773 1781/1781/1781
f 1781/1781/1781 1780/1780/1780 1772/1772/1772
f 1773/1773/1773 1774/1774/1774 1782/1782/1782
f 1782/1782/1782 1781/1781/1781 1773/1773/1773
f 1774/1774/1774 1775/1775/1775 1783/1783/1783
f 1783/1783/1783 1782/1782/1782 1774/1774/1774
f 1775/1775/1775 1776/1776/1776 1784/1784/1784
f 1784/1784/1784 1783/1783/1783 1775/1775/1775
f 1785/1785/1785 1784/1784/1784 1776/1776/1776
f 1786/1786/1786 1777/1777/1777 1779/1779/1779
f 1779/1779/1779 1780/1780/1780 1786/1786/1786
f 1780/1780/1780 1781/1781/1781 1787/1787/1787
f 1787/1787/1787 1786/1786/1786 1780/1780/1780
f 1781/1781/1781 1782/1782/1782 1788/1788/1788
f 1788/1788/1788 1787/1787/1787 1781/1781/1781
f 1782/1782/1782 1783/1783/1783 1789/1789/1789
f 1789/1789/1789 1788/1788/1788 1782/1782/1782
f 1783/1783/1783 1784/1784/1784 1790/1790/1790
f 1790/1790/1790 1789/1789/1789 1783/1783/1783
f 1784/1784/1784 1785/1785/1785 1791/1791/1791
f 1791/1791/1791 1790/1790/1790 1784/1784/1784
f 1792/1792/1792 1791/1791/1791 1785/1785/1785
f 1777/1777/1777 1786/1786/1786 1793/1793/1793
f 1793/1793/1793 1778/1778/1778 1777/1777/1777
f 1778/1778/1778 1793/1793/1793 1794/1794/1794
f 1786/1786/1786 1787/1787/1787 1795/1795/1795
f 1795/1795/1795 1793/1793/1793 1786/1786/1786
f 1796/1796/1796 1794/1794/1794 1793/1793/1793
f 1793/1793/1793 1795/1795/1795 1796/1796/1796
f 1794/1794/1794 1796/1796/1796 1797/1797/1797
f 1791/1791/1791 1792/1792/1792 1798/1798/1798
f 1799/1799/1799 1798/1798/1798 1792/1792/1792
f 1790/1790/1790 1791/1791/1791 1800/1800/1800
f 1798/1798/1798 1800/1800/1800 1791/1791/1791
f 1801/1801/1801 1795/1795/1795 1787/1787/1787
f 1787/1787/1787 1788/1788/1788 1801/1801/1801
f 1802/1802/1802 1797/1797/1797 1796/1796/1796
f 1797/1797/1797 1802/1802/1802 1803/1803/1803
f 1804/1804/1804 1803/1803/1803 1802/1802/1802
f 1805/1805/1805 1796/1796/1796 1795/1795/1795
f 1796/1796/1796 1805/1805/1805 1802/1802/1802
f 1795/1795/1795 1801/1801/1801 1805/1805/1805
f 1802/1802/1802 1806/1806/1806 1804/1804/1804
f 1806/1806/1806 1802/1802/1802 1805/1805/1805
f 1807/1807/1807 1804/1804/1804 1806/1806/1806
f 1808/1808/1808 1801/1801/1801 1788/1788/1788
f 1788/1788/1788 1789/1789/1789 1808/1808/1808
f 1809/1809/1809 1805/1805/1805 1801/1801/1801
f 1805/1805/1805 1809/1809/1809 1806/1806/1806
f 1801/1801/1801 1808/1808/1808 1809/1809/1809
f 1806/1806/1806 1810/1810/1810 1807/1807/1807
f 1810/1810/1810 1806/1806/1806 1809/1809/1809
f 1811/1811/1811 1807/1807/1807 1810/1810/1810
f 1812/1812/1812 1808/1808/1808 1789/1789/1789
f 1789/1789/1789 1790/1790/1790 1812/1812/1812
f 1800/1800/1800 1812/1812/1812 1790/1790/1790
f 1813/1813/1813 1809/1809/1809 1808/1808/1808
f 1809/1809/1809 1813/1813/1813 1810/1810/1810
f 1808/1808/1808 1812/1812/1812 1813/1813/1813
f 1810/1810/1810 1814/1814/1814 1811/1811/1811
f 1814/1814/1814 1810/1810/1810 1813/1813/1813
f 1815/1815/1815 1811/1811/1811 1814/1814/1814
f 1816/1816/1816 1813/1813/1813 1812/1812/1812
f 1812/1812/1812 1800/1800/1800 1816/1816/1816
f 1813/1813/1813 1816/1816/1816 1814/1814/1814
f 1814/1814/1814 1817/1817/1817 1815/1815/1815
f 1817/1817/1817 1814/1814/1814 1816/1816/1816
f 1818/1818/1818 1815/1815/1815 1817/1817/1817
f 1819/1819/1819 1816/1816/1816 1800/1800/1800
f 1816/1816/1816 1819/1819/1819 1817/1817/1817
f 1800/1800/1800 1798/1798/1798 1819/1819/1819
f 1817/1817/1817 1820/1820/1820 1818/1818/1818
f 1820/1820/1820 1817/1817/1817 1819/1819/1819
f 1821/1821/1821 1818/1818/1818 1820/1820/1820
f 1822/1822/1822 1819/1819/1819 1798/1798/1798
f 1819/1819/1819 1822/1822/1822 1820/1820/1820
f 1798/1798/1798 1799/1799/1799 1822/1822/1822
f 1823/1823/1823 1822/1822/1822 1799/1799/1799
f 1820/1820/1820 1824/1824/1824 1821/1821/1821
f 1824/1824/1824 1820/1820/1820 1822/1822/1822
f 1822/1822/1822 1823/1823/1823 1824/1824/1824
f 1825/1825/1825 1821/1821/1821 1824/1824/1824
f 1826/1826/1826 1824/1824/1824 1823/1823/1823
f 1824/1824/1824 1826/1826/1826 1825/1825/1825
f 1827/1827/1827 1825/1825/1825 1826/1826/1826
f 1830/1830/1830 1829/1829/1829 1828/1828/1828
f 1831/1831/1831 1828/1828/1828 1829/1829/1829
f 1828/1828/1828 1831/1831/1831 1832/1832/1832
f 1833/1833/1833 1832/1832/1832 1831/1831/1831
f 1832/1832/1832 1833/1833/1833 1834/1834/1834
f 1835/1835/1835 1834/1834/1834 1833/1833/1833
f 1834/1834/1834 1835/1835/1835 1836/1836/1836
f 1837/1837/1837 1836/1836/1836 1835/1835/1835
f 1836/1836/1836 1837/1837/1837 1838/1838/1838
f 1839/1839/1839 1838/1838/1838 1837/1837/1837
f 1838/1838/1838 1839/1839/1839 1840/1840/1840
f 1841/1841/1841 1840/1840/1840 1839/1839/1839
f 1840/1840/1840 1841/1841/1841 1842/1842/1842
f 1843/1843/1843 1842/1842/1842 1841/1841/1841
f 1842/1842/1842 1843/1843/1843 1844/1844/1844
f 1845/1845/1845 1844/1844/1844 1843/1843/1843
f 1844/1844/1844 1845/1845/1845 1846/1846/1846
f 1847/1847/1847 1846/1846/1846 1845/1845/1845
f 1846/1846/1846 1847/1847/1847 1848/1848/1848
f 1849/1849/1849 1848/1848/1848 1847/1847/1847
f 1848/1848/1848 1849/1849/1849 1850/1850/1850
f 1851/1851/1851 1850/1850/1850 1849/1849/1849
f 1850/1850/1850 1851/1851/1851 1852/1852/1852
f 1853/1853/1853 1852/1852/1852 1851/1851/1851
f 1852/1852/1852 1853/1853/1853 1854/1854/1854
f 1855/1855/1855 1854/1854/1854 1853/1853/1853
f 1854/1854/1854 1855/1855/1855 1856/1856/1856
f 1857/1857/1857 1856/1856/1856 1855/1855/1855
f 1856/1856/1856 1857/1857/1857 1858/1858/1858
f 1859/1859/1859 1858/1858/1858 1857/1857/1857
f 1858/1858/1858 1859/1859/1859 1860/1860/1860
f 1861/1861/1861 1860/1860/1860 1859/1859/1859
f 1860/1860/1860 1861/1861/1861 1862/1862/1862
f 1863/1863/1863 1862/1862/1862 1861/1861/1861
f 1862/1862/1862 1863/1863/1863 1864/1864/1864
f 1865/1865/1865 1864/1864/1864 1863/1863/1863
f 1864/1864/1864 1865/1865/1865 1866/1866/1866
f 1867/1867/1867 1866/1866/1866 1865/1865/1865
f 1866/1866/1866 1867/1867/1867 1868/1868/1868
f 1869/1869/1869 1868/1868/1868 1867/1867/1867
f 1868/1868/1868 1869/1869/1869 1870/1870/1870
f 1871/1871/1871 1870/1870/1870 1869/1869/1869
f 1870/1870/1870 1871/1871/1871 1872/1872/1872
f 1873/1873/1873 1872/1872/1872 1871/1871/1871
f 1872/1872/1872 1873/1873/1873 1874/1874/1874
f 1875/1875/1875 1874/1874/1874 1873/1873/1873
f 1874/1874/1874 1875/1875/1875 1876/1876/1876
f 1877/1877/1877 1876/1876/1876 1875/1875/1875
f 1880/1880/1880 1879/1879/1879 1878/1878/1878
f 1881/1881/1881 1878/1878/1878 1879/1879/1879
f 1879/1879/1879 1882/1882/1882 1881/1881/1881
f 1878/1878/1878 1881/1881/1881 1883/1883/1883
f 1884/1884/1884 1881/1881/1881 1882/1882/1882
f 1882/1882/1882 1885/1885/1885 1884/1884/1884
f 1886/1886/1886 1883/1883/1883 1881/1881/1881
f 1881/1881/1881 1884/1884/1884 1886/1886/1886
f 1883/1883/1883 1886/1886/1886 1887/1887/1887
f 1888/1888/1888 1884/1884/1884 1885/1885/1885
f 1885/1885/1885 1889/1889/1889 1888/1888/1888
f 1890/1890/1890 1887/1887/1887 1886/1886/1886
f 1887/1887/1887 1890/1890/1890 1891/1891/1891
f 1892/1892/1892 1886/1886/1886 1884/1884/1884
f 1884/1884/1884 1888/1888/1888 1892/1892/1892
f 1886/1886/1886 1892/1892/1892 1890/1890/1890
f 1893/1893/1893 1888/1888/1888 1889/1889/1889
f 1889/1889/1889 1894/1894/1894 1893/1893/1893
f 1895/1895/1895 1891/1891/1891 1890/1890/1890
f 1891/1891/1891 1895/1895/1895 1896/1896/1896
f 1897/1897/1897 1890/1890/1890 1892/1892/1892
f 1890/1890/1890 1897/1897/1897 1895/1895/1895
f 1898/1898/1898 1892/1892/1892 1888/1888/1888
f 1888/1888/1888 1893/1893/1893 1898/1898/1898
f 1892/1892/1892 1898/1898/1898 1897/1897/1897
f 1899/1899/1899 1893/1893/1893 1894/1894/1894
f 1894/1894/1894 1900/1900/1900 1899/1899/1899
f 1901/1901/1901 1896/1896/1896 1895/1895/1895
f 1896/1896/1896 1901/1901/1901 1902/1902/1902
f 1903/1903/1903 1895/1895/1895 1897/1897/1897
f 1895/1895/1895 1903/1903/1903 1901/1901/1901
f 1904/1904/1904 1897/1897/1897 1898/1898/1898
f 1897/1897/1897 1904/1904/1904 1903/1903/1903
f 1905/1905/1905 1898/1898/1898 1893/1893/1893
f 1893/1893/1893 1899/1899/1899 1905/1905/1905
f 1898/1898/1898 1905/1905/1905 1904/1904/1904
f 1906/1906/1906 1899/1899/1899 1900/1900/1900
f 1900/1900/1900 1907/1907/1907 1906/1906/1906
f 1908/1908/1908 1902/1902/1902 1901/1901/1901
f 1902/1902/1902 1908/1908/1908 1909/1909/1909
f 1910/1910/1910 1901/1901/1901 1903/1903/1903
f 1901/1901/1901 1910/1910/1910 1908/1908/1908
f 1911/1911/1911 1903/1903/1903 1904/1904/1904
f 1903/1903/1903 1911/1911/1911 1910/1910/1910
f 1912/1912/1912 1904/1904/1904 1905/1905/1905
f 1904/1904/1904 1912/1912/1912 1911/1911/1911
f 1913/1913/1913 1905/1905/1905 1899/1899/1899
f 1899/1899/1899 1906/1906/1906 1913/1913/1913
f 1905/1905/1905 1913/1913/1913 1912/1912/1912
f 1914/1914/1914 1906/1906/1906 1907/1907/1907
f 1907/1907/1907 1915/1915/1915 1914/1914/1914
f 1916/1916/1916 1909/1909/1909 1908/1908/1908
f 1909/1909/1909 1916/1916/1916 1917/1917/1917
f 1918/1918/1918 1917/1917/1917 1916/1916/1916
f 1919/1919/1919 1913/1913/1913 1906/1906/1906
f 1906/1906/1906 1914/1914/1914 1919/1919/1919
f 1920/1920/1920 1912/1912/1912 1913/1913/1913
f 1913/1913/1913 1919/1919/1919 1920/1920/1920
f 1921/1921/1921 1914/1914/1914 1915/1915/1915
f 1915/1915/1915 1922/1922/1922 1921/1921/1921
f 1908/1908/1908 1923/1923/1923 1916/1916/1916
f 1923/1923/1923 1908/1908/1908 1910/1910/1910
f 1916/1916/1916 1924/1924/1924 1918/1918/1918
f 1924/1924/1924 1916/1916/1916 1923/1923/1923
f 1925/1925/1925 1918/1918/1918 1924/1924/1924
f 1926/1926/1926 1919/1919/1919 1914/1914/1914
f 1914/1914/1914 1921/1921/1921 1926/1926/1926
f 1927/1927/1927 1921/1921/1921 1922/1922/1922
f 1922/1922/1922 1928/1928/1928 1927/1927/1927
f 1910/1910/1910 1929/1929/1929 1923/1923/1923
f 1929/1929/1929 1910/1910/1910 1911/1911/1911
f 1923/1923/1923 1930/1930/1930 1924/1924/1924
f 1930/1930/1930 1923/1923/1923 1929/1929/1929
f 1924/1924/1924 1931/1931/1931 1925/1925/1925
f 1931/1931/1931 1924/1924/1924 1930/1930/1930
f 1932/1932/1932 1925/1925/1925 1931/1931/1931
f 1911/1911/1911 1933/1933/1933 1929/1929/1929
f 1933/1933/1933 1911/1911/1911 1912/1912/1912
f 1912/1912/1912 1920/1920/1920 1933/1933/1933
f 1929/1929/1929 1934/1934/1934 1930/1930/1930
f 1934/1934/1934 1929/1929/1929 1933/1933/1933
f 1930/1930/1930 1935/1935/1935 1931/1931/1931
f 1935/1935/1935 1930/1930/1930 1934/1934/1934
f 1931/1931/1931 1936/1936/1936 1932/1932/1932
f 1936/1936/1936 1931/1931/1931 1935/1935/1935
f 1937/1937/1937 1932/1932/1932 1936/1936/1936
f 1938/1938/1938 1933/1933/1933 1920/1920/1920
f 1933/1933/1933 1938/1938/1938 1934/1934/1934
f 1934/1934/1934 1939/1939/1939 1935/1935/1935
f 1939/1939/1939 1934/1934/1934 1938/1938/1938
f 1935/1935/1935 1940/1940/1940 1936/1936/1936
f 1940/1940/1940 1935/1935/1935 1939/1939/1939
f 1936/1936/1936 1941/1941/1941 1937/1937/1937
f 1941/1941/1941 1936/1936/1936 1940/1940/1940
f 1942/1942/1942 1937/1937/1937 1941/1941/1941
f 1920/1920/1920 1943/1943/1943 1938/1938/1938
f 1943/1943/1943 1920/1920/1920 1919/1919/1919
f 1919/1919/1919 1926/1926/1926 1943/1943/1943
f 1938/1938/1938 1944/1944/1944 1939/1939/1939
f 1944/1944/1944 1938/1938/1938 1943/1943/1943
f 1939/1939/1939 1945/1945/1945 1940/1940/1940
f 1945/1945/1945 1939/1939/1939 1944/1944/1944
f 1940/1940/1940 1946/1946/1946 1941/1941/1941
f 1946/1946/1946 1940/1940/1940 1945/1945/1945
f 1941/1941/1941 1947/1947/1947 1942/1942/1942
f 1947/1947/1947 1941/1941/1941 1946/1946/1946
f 1948/1948/1948 1942/1942/1942 1947/1947/1947
f 1949/1949/1949 1943/1943/1943 1926/1926/1926
f 1943/1943/1943 1949/1949/1949 1944/1944/1944
f 1944/1944/1944 1950/1950/1950 1945/1945/1945
f 1950/1950/1950 1944/1944/1944 1949/1949/1949
f 1945/1945/1945 1951/1951/1951 1946/1946/1946
f 1951/1951/1951 1945/1945/1945 1950/1950/1950
f 1946/1946/1946 1952/1952/1952 1947/1947/1947
f 1952/1952/1952 1946/1946/1946 1951/1951/1951
f 1947/1947/1947 1953/1953/1953 1948/1948/1948
f 1953/1953/1953 1947/1947/1947 1952/1952/1952
f 1954/1954/1954 1948/1948/1948 1953/1953/1953
f 1926/1926/1926 1955/1955/1955 1949/1949/1949
f 1955/1955/1955 1926/1926/1926 1921/1921/1921
f 1921/1921/1921 1927/1927/1927 1955/1955/1955
f 1949/1949/1949 1956/1956/1956 1950/1950/1950
f 1956/1956/1956 1949/1949/1949 1955/1955/1955
f 1950/1950/1950 1957/1957/1957 1951/1951/1951
f 1957/1957/1957 1950/1950/1950 1956/1956/1956
f 1951/1951/1951 1958/1958/1958 1952/1952/1952
f 1958/1958/1958 1951/1951/1951 1957/1957/1957
f 1952/1952/1952 1959/1959/1959 1953/1953/1953
f 1959/1959/1959 1952/1952/1952 1958/1958/1958
f 1953/1953/1953 1960/1960/1960 1954/1954/1954
f 1960/1960/1960 1953/1953/1953 1959/1959/1959
f 1961/1961/1961 1954/1954/1954 1960/1960/1960
f 1962/1962/1962 1955/1955/1955 1927/1927/1927
f 1955/1955/1955 1962/1962/1962 1956/1956/1956
f 1956/1956/1956 1963/1963/1963 1957/1957/1957
f 1963/1963/1963 1956/1956/1956 1962/1962/1962
f 1957/1957/1957 1964/1964/1964 1958/1958/1958
f 1964/1964/1964 1957/1957/1957 1963/1963/1963
f 1958/1958/1958 1965/1965/1965 1959/1959/1959
f 1965/1965/1965 1958/1958/1958 1964/1964/1964
f 1959/1959/1959 1966/1966/1966 1960/1960/1960
f 1966/1966/1966 1959/1959/1959 1965/1965/1965
f 1960/1960/1960 1967/1967/1967 1961/1961/1961
f 1967/1967/1967 1960/1960/1960 1966/1966/1966
f 1968/1968/1968 1961/1961/1961 1967/1967/1967
f 1927/1927/1927 1969/1969/1969 1962/1962/1962
f 1969/1969/1969 1927/1927/1927 1928/1928/1928
f 1928/1928/1928 1970/1970/1970 1969/1969/1969
f 1962/1962/1962 1971/1971/1971 1963/1963/1963
f 1971/1971/1971 1962/1962/1962 1969/1969/1969
f 1972/1972/1972 1969/1969/1969 1970/1970/1970
f 1969/1969/1969 1972/1972/1972 1971/1971/1971
f 1970/1970/1970 1973/1973/1973 1972/1972/1972
f 1967/1967/1967 1974/1974/1974 1968/1968/1968
f 1975/1975/1975 1968/1968/1968 1974/1974/1974
f 1966/1966/1966 1976/1976/1976 1967/1967/1967
f 1974/1974/1974 1967/1967/1967 1976/1976/1976
f 1977/1977/1977 1963/1963/1963 1971/1971/1971
f 1963/1963/1963 1977/1977/1977 1964/1964/1964
f 1978/1978/1978 1971/1971/1971 1972/1972/1972
f 1971/1971/1971 1978/1978/1978 1977/1977/1977
f 1979/1979/1979 1972/1972/1972 1973/1973/1973
f 1972/1972/1972 1979/1979/1979 1978/1978/1978
f 1973/1973/1973 1980/1980/1980 1979/1979/1979
f 1974/1974/1974 1981/1981/1981 1975/1975/1975
f 1982/1982/1982 1975/1975/1975 1981/1981/1981
f 1983/1983/1983 1964/1964/1964 1977/1977/1977
f 1964/1964/1964 1983/1983/1983 1965/1965/1965
f 1984/1984/1984 1977/1977/1977 1978/1978/1978
f 1977/1977/1977 1984/1984/1984 1983/1983/1983
f 1985/1985/1985 1978/1978/1978 1979/1979/1979
f 1978/1978/1978 1985/1985/1985 1984/1984/1984
f 1986/1986/1986 1979/1979/1979 1980/1980/1980
f 1979/1979/1979 1986/1986/1986 1985/1985/1985
f 1980/1980/1980 1987/1987/1987 1986/1986/1986
f 1988/1988/1988 1965/1965/1965 1983/1983/1983
f 1965/1965/1965 1988/1988/1988 1966/1966/1966
f 1976/1976/1976 1966/1966/1966 1988/1988/1988
f 1989/1989/1989 1983/1983/1983 1984/1984/1984
f 1983/1983/1983 1989/1989/1989 1988/1988/1988
f 1990/1990/1990 1984/1984/1984 1985/1985/1985
f 1984/1984/1984 1990/1990/1990 1989/1989/1989
f 1991/1991/1991 1985/1985/1985 1986/1986/1986
f 1985/1985/1985 1991/1991/1991 1990/1990/1990
f 1992/1992/1992 1986/1986/1986 1987/1987/1987
f 1986/1986/1986 1992/1992/1992 1991/1991/1991
f 1987/1987/1987 1993/1993/1993 1992/1992/1992
f 1988/1988/1988 1994/1994/1994 1976/1976/1976
f 1994/1994/1994 1988/1988/1988 1989/1989/1989
f 1995/1995/1995 1989/1989/1989 1990/1990/1990
f 1989/1989/1989 1995/1995/1995 1994/1994/1994
f 1996/1996/1996 1990/1990/1990 1991/1991/1991
f 1990/1990/1990 1996/1996/1996 1995/1995/1995
f 1997/1997/1997 1991/1991/1991 1992/1992/1992
f 1991/1991/1991 1997/1997/1997 1996/1996/1996
f 1998/1998/1998 1992/1992/1992 1993/1993/1993
f 1992/1992/1992 1998/1998/1998 1997/1997/1997
f 1993/1993/1993 1999/1999/1999 1998/1998/1998
f 2000/2000/2000 1976/1976/1976 1994/1994/1994
f 1976/1976/1976 2000/2000/2000 1974/1974/1974
f 1981/1981/1981 1974/1974/1974 2000/2000/2000
f 2001/2001/2001 1994/1994/1994 1995/1995/1995
f 1994/1994/1994 2001/2001/2001 2000/2000/2000
f 2002/2002/2002 1995/1995/1995 1996/1996/1996
f 1995/1995/1995 2002/2002/2002 2001/2001/2001
f 2003/2003/2003 1996/1996/1996 1997/1997/1997
f 1996/1996/1996 2003/2003/2003 2002/2002/2002
f 2004/2004/2004 1997/1997/1997 1998/1998/1998
f 1997/1997/1997 2004/2004/2004 2003/2003/2003
f 2005/2005/2005 1998/1998/1998 1999/1999/1999
f 1998/1998/1998 2005/2005/2005 2004/2004/2004
f 1999/1999/1999 2006/2006/2006 2005/2005/2005
f 2000/2000/2000 2007/2007/2007 1981/1981/1981
f 2007/2007/2007 2000/2000/2000 2001/2001/2001
f 2008/2008/2008 2001/2001/2001 2002/2002/2002
f 2001/2001/2001 2008/2008/2008 2007/2007/2007
f 2009/2009/2009 2002/2002/2002 2003/2003/2003
f 2002/2002/2002 2009/2009/2009 2008/2008/2008
f 2010/2010/2010 2003/2003/2003 2004/2004/2004
f 2003/2003/2003 2010/2010/2010 2009/2009/2009
f 2011/2011/2011 2004/2004/2004 2005/2005/2005
f 2004/2004/2004 2011/2011/2011 2010/2010/2010
f 2012/2012/2012 2005/2005/2005 2006/2006/2006
f 2005/2005/2005 2012/2012/2012 2011/2011/2011
f 2006/2006/2006 2013/2013/2013 2012/2012/2012
f 2014/2014/2014 1981/1981/1981 2007/2007/2007
f 1981/1981/1981 2014/2014/2014 1982/1982/1982
f 2015/2015/2015 1982/1982/1982 2014/2014/2014
f 2016/2016/2016 2007/2007/2007 2008/2008/2008
f 2007/2007/2007 2016/2016/2016 2014/2014/2014
f 2014/2014/2014 2017/2017/2017 2015/2015/2015
f 2017/2017/2017 2014/2014/2014 2016/2016/2016
f 2018/2018/2018 2015/2015/2015 2017/2017/2017
f 2019/2019/2019 2012/2012/2012 2013/2013/2013
f 2013/2013/2013 2020/2020/2020 2019/2019/2019
f 2021/2021/2021 2011/2011/2011 2012/2012/2012
f 2012/2012/2012 2019/2019/2019 2021/2021/2021
f 2008/2008/2008 2022/2022/2022 2016/2016/2016
f 2022/2022/2022 2008/2008/2008 2009/2009/2009
f 2016/2016/2016 2023/2023/2023 2017/2017/2017
f 2023/2023/2023 2016/2016/2016 2022/2022/2022
f 2017/2017/2017 2024/2024/2024 2018/2018/2018
f 2024/2024/2024 2017/2017/2017 2023/2023/2023
f 2025/2025/2025 2018/2018/2018 2024/2024/2024
f 2026/2026/2026 2019/2019/2019 2020/2020/2020
f 2020/2020/2020 2027/2027/2027 2026/2026/2026
f 2009/2009/2009 2028/2028/2028 2022/2022/2022
f 2028/2028/2028 2009/2009/2009 2010/2010/2010
f 2022/2022/2022 2029/2029/2029 2023/2023/2023
f 2029/2029/2029 2022/2022/2022 2028/2028/2028
f 2023/2023/2023 2030/2030/2030 2024/2024/2024
f 2030/2030/2030 2023/2023/2023 2029/2029/2029
f 2024/2024/2024 2031/2031/2031 2025/2025/2025
f 2031/2031/2031 2024/2024/2024 2030/2030/2030
f 2032/2032/2032 2025/2025/2025 2031/2031/2031
f 2010/2010/2010 2033/2033/2033 2028/2028/2028
f 2033/2033/2033 2010/2010/2010 2011/2011/2011
f 2011/2011/2011 2021/2021/2021 2033/2033/2033
f 2028/2028/2028 2034/2034/2034 2029/2029/2029
f 2034/2034/2034 2028/2028/2028 2033/2033/2033
f 2029/2029/2029 2035/2035/2035 2030/2030/2030
f 2035/2035/2035 2029/2029/2029 2034/2034/2034
f 2030/2030/2030 2036/2036/2036 2031/2031/2031
f 2036/2036/2036 2030/2030/2030 2035/2035/2035
f 2031/2031/2031 2037/2037/2037 2032/2032/2032
f 2037/2037/2037 2031/2031/2031 2036/2036/2036
f 2038/2038/2038 2032/2032/2032 2037/2037/2037
f 2039/2039/2039 2033/2033/2033 2021/2021/2021
f 2033/2033/2033 2039/2039/2039 2034/2034/2034
f 2034/2034/2034 2040/2040/2040 2035/2035/2035
f 2040/2040/2040 2034/2034/2034 2039/2039/2039
f 2035/2035/2035 2041/2041/2041 2036/2036/2036
f 2041/2041/2041 2035/2035/2035 2040/2040/2040
f 2036/2036/2036 2042/2042/2042 2037/2037/2037
f 2042/2042/2042 2036/2036/2036 2041/2041/2041
f 2037/2037/2037 2043/2043/2043 2038/2038/2038
f 2043/2043/2043 2037/2037/2037 2042/2042/2042
f 2044/2044/2044 2038/2038/2038 2043/2043/2043
f 2021/2021/2021 2045/2045/2045 2039/2039/2039
f 2045/2045/2045 2021/2021/2021 2019/2019/2019
f 2019/2019/2019 2026/2026/2026 2045/2045/2045
f 2039/2039/2039 2046/2046/2046 2040/2040/2040
f 2046/2046/2046 2039/2039/2039 2045/2045/2045
f 2040/2040/2040 2047/2047/2047 2041/2041/2041
f 2047/2047/2047 2040/2040/2040 2046/2046/2046
f 2041/2041/2041 2048/2048/2048 2042/2042/2042
f 2048/2048/2048 2041/2041/2041 2047/2047/2047
f 2042/2042/2042 2049/2049/2049 2043/2043/2043
f 2049/2049/2049 2042/2042/2042 2048/2048/2048
f 2043/2043/2043 2050/2050/2050 2044/2044/2044
f 2050/2050/2050 2043/2043/2043 2049/2049/2049
f 2051/2051/2051 2044/2044/2044 2050/2050/2050
f 2052/2052/2052 2045/2045/2045 2026/2026/2026
f 2045/2045/2045 2052/2052/2052 2046/2046/2046
f 2046/2046/2046 2053/2053/2053 2047/2047/2047
f 2053/2053/2053 2046/2046/2046 2052/2052/2052
f 2047/2047/2047 2054/2054/2054 2048/2048/2048
f 2054/2054/2054 2047/2047/2047 2053/2053/2053
f 2048/2048/2048 2055/2055/2055 2049/2049/2049
f 2055/2055/2055 2048/2048/2048 2054/2054/2054
f 2049/2049/2049 2056/2056/2056 2050/2050/2050
f 2056/2056/2056 2049/2049/2049 2055/2055/2055
f 2050/2050/2050 2057/2057/2057 2051/2051/2051
f 2057/2057/2057 2050/2050/2050 2056/2056/2056
f 2058/2058/2058 2051/2051/2051 2057/2057/2057
f 2026/2026/2026 2059/2059/2059 2052/2052/2052
f 2059/2059/2059 2026/2026/2026 2027/2027/2027
f 2027/2027/2027 2060/2060/2060 2059/2059/2059
f 2052/2052/2052 2061/2061/2061 2053/2053/2053
f 2061/2061/2061 2052/2052/2052 2059/2059/2059
f 2062/2062/2062 2059/2059/2059 2060/2060/2060
f 2059/2059/2059 2062/2062/2062 2061/2061/2061
f 2060/2060/2060 2063/2063/2063 2062/2062/2062
f 2057/2057/2057 2064/2064/2064 2058/2058/2058
f 2065/2065/2065 2058/2058/2058 2064/2064/2064
f 2056/2056/2056 2066/2066/2066 2057/2057/2057
f 2064/2064/2064 2057/2057/2057 2066/2066/2066
f 2067/2067/2067 2053/2053/2053 2061/2061/2061
f 2053/2053/2053 2067/2067/2067 2054/2054/2054
f 2068/2068/2068 2061/2061/2061 2062/2062/2062
f 2061/2061/2061 2068/2068/2068 2067/2067/2067
f 2069/2069/2069 2062/2062/2062 2063/2063/2063
f 2062/2062/2062 2069/2069/2069 2068/2068/2068
f 2063/2063/2063 2070/2070/2070 2069/2069/2069
f 2064/2064/2064 2071/2071/2071 2065/2065/2065
f 2072/2072/2072 2065/2065/2065 2071/2071/2071
f 2073/2073/2073 2054/2054/2054 2067/2067/2067
f 2054/2054/2054 2073/2073/2073 2055/2055/2055
f 2074/2074/2074 2067/2067/2067 2068/2068/2068
f 2067/2067/2067 2074/2074/2074 2073/2073/2073
f 2075/2075/2075 2068/2068/2068 2069/2069/2069
f 2068/2068/2068 2075/2075/2075 2074/2074/2074
f 2076/2076/2076 2069/2069/2069 2070/2070/2070
f 2069/2069/2069 2076/2076/2076 2075/2075/2075
f 2070/2070/2070 2077/2077/2077 2076/2076/2076
f 2078/2078/2078 2076/2076/2076 2077/2077/2077
f 2076/2076/2076 2078/2078/2078 2079/2079/2079
f 2079/2079/2079 2075/2075/2075 2076/2076/2076
f 2080/2080/2080 2079/2079/2079 2078/2078/2078
f 2081/2081/2081 2055/2055/2055 2073/2073/2073
f 2055/2055/2055 2081/2081/2081 2056/2056/2056
f 2066/2066/2066 2056/2056/2056 2081/2081/2081
f 2082/2082/2082 2073/2073/2073 2074/2074/2074
f 2073/2073/2073 2082/2082/2082 2081/2081/2081
f 2083/2083/2083 2074/2074/2074 2075/2075/2075
f 2075/2075/2075 2079/2079/2079 2083/2083/2083
f 2074/2074/2074 2083/2083/2083 2082/2082/2082
f 2079/2079/2079 2080/2080/2080 2084/2084/2084
f 2084/2084/2084 2083/2083/2083 2079/2079/2079
f 2085/2085/2085 2084/2084/2084 2080/2080/2080
f 2081/2081/2081 2086/2086/2086 2066/2066/2066
f 2086/2086/2086 2081/2081/2081 2082/2082/2082
f 2087/2087/2087 2082/2082/2082 2083/2083/2083
f 2083/2083/2083 2084/2084/2084 2087/2087/2087
f 2082/2082/2082 2087/2087/2087 2086/2086/2086
f 2084/2084/2084 2085/2085/2085 2088/2088/2088
f 2088/2088/2088 2087/2087/2087 2084/2084/2084
f 2089/2089/2089 2088/2088/2088 2085/2085/2085
f 2090/2090/2090 2066/2066/2066 2086/2086/2086
f 2066/2066/2066 2090/2090/2090 2064/2064/2064
f 2071/2071/2071 2064/2064/2064 2090/2090/2090
f 2091/2091/2091 2086/2086/2086 2087/2087/2087
f 2087/2087/2087 2088/2088/2088 2091/2091/2091
f 2086/2086/2086 2091/2091/2091 2090/2090/2090
f 2088/2088/2088 2089/2089/2089 2092/2092/2092
f 2092/2092/2092 2091/2091/2091 2088/2088/2088
f 2093/2093/2093 2092/2092/2092 2089/2089/2089
f 2094/2094/2094 2090/2090/2090 2091/2091/2091
f 2090/2090/2090 2094/2094/2094 2071/2071/2071
f 2091/2091/2091 2092/2092/2092 2094/2094/2094
f 2092/2092/2092 2093/2093/2093 2095/2095/2095
f 2095/2095/2095 2094/2094/2094 2092/2092/2092
f 2096/2096/2096 2095/2095/2095 2093/2093/2093
f 2097/2097/2097 2071/2071/2071 2094/2094/2094
f 2094/2094/2094 2095/2095/2095 2097/2097/2097
f 2071/2071/2071 2097/2097/2097 2072/2072/2072
f 2098/2098/2098 2072/2072/2072 2097/2097/2097
f 2095/2095/2095 2096/2096/2096 2099/2099/2099
f 2099/2099/2099 2097/2097/2097 2095/2095/2095
f 2097/2097/2097 2099/2099/2099 2098/2098/2098
f 2100/2100/2100 2099/2099/2099 2096/2096/2096
f 2101/2101/2101 2098/2098/2098 2099/2099/2099
f 2099/2099/2099 2100/2100/2100 2101/2101/2101
f 2102/2102/2102 2101/2101/2101 2100/2100/2100
f 2105/2105/2105 2104/2104/2104 2103/2103/2103
f 2106/2106/2106 2103/2103/2103 2104/2104/2104
f 2104/2104/2104 2107/2107/2107 2106/2106/2106
f 2108/2108/2108 2106/2106/2106 2107/2107/2107
f 2107/2107/2107 2109/2109/2109 2108/2108/2108
f 2110/2110/2110 2108/2108/2108 2109/2109/2109
f 2109/2109/2109 2111/2111/2111 2110/2110/2110
f 2112/2112/2112 2110/2110/2110 2111/2111/2111
f 2111/2111/2111 2113/2113/2113 2112/2112/2112
f 2114/2114/2114 2112/2112/2112 2113/2113/2113
f 2113/2113/2113 2115/2115/2115 2114/2114/2114
f 2116/2116/2116 2114/2114/2114 2115/2115/2115
f 2115/2115/2115 2117/2117/2117 2116/2116/2116
f 2118/2118/2118 2116/2116/2116 2117/2117/2117
f 2117/2117/2117 2119/2119/2119 2118/2118/2118
f 2120/2120/2120 2118/2118/2118 2119/2119/2119
f 2119/2119/2119 2121/2121/2121 2120/2120/2120
f 2122/2122/2122 2120/2120/2120 2121/2121/2121
f 2121/2121/2121 2123/2123/2123 2122/2122/2122
f 2124/2124/2124 2122/2122/2122 2123/2123/2123
f 2123/2123/2123 2125/2125/2125 2124/2124/2124
f 2126/2126/2126 2124/2124/2124 2125/2125/2125
f 2125/2125/2125 2127/2127/2127 2126/2126/2126
f 2128/2128/2128 2126/2126/2126 2127/2127/2127
f 2127/2127/2127 2129/2129/2129 2128/2128/2128
f 2130/2130/2130 2128/2128/2128 2129/2129/2129
f 2129/2129/2129 2131/2131/2131 2130/2130/2130
f 2132/2132/2132 2130/2130/2130 2131/2131/2131
f 2131/2131/2131 2133/2133/2133 2132/2132/2132
f 2134/2134/2134 2132/2132/2132 2133/2133/2133
f 2133/2133/2133 2135/2135/2135 2134/2134/2134
f 2136/2136/2136 2134/2134/2134 2135/2135/2135
f 2135/2135/2135 2137/2137/2137 2136/2136/2136
f 2138/2138/2138 2136/2136/2136 2137/2137/2137
f 2137/2137/2137 2139/2139/2139 2138/2138/2138
f 2140/2140/2140 2138/2138/2138 2139/2139/2139
f 2139/2139/2139 2141/2141/2141 2140/2140/2140
f 2142/2142/2142 2140/2140/2140 2141/2141/2141
f 2141/2141/2141 2143/2143/2143 2142/2142/2142
f 2144/2144/2144 2142/2142/2142 2143/2143/2143
f 2143/2143/2143 2145/2145/2145 2144/2144/2144
f 2146/2146/2146 2144/2144/2144 2145/2145/2145
f 2145/2145/2145 2147/2147/2147 2146/2146/2146
f 2148/2148/2148 2146/2146/2146 2147/2147/2147
f 2147/2147/2147 2149/2149/2149 2148/2148/2148
f 2150/2150/2150 2148/2148/2148 2149/2149/2149
f 2149/2149/2149 2151/2151/2151 2150/2150/2150
f 2152/2152/2152 2150/2150/2150 2151/2151/2151
f 2155/2155/2155 2154/2154/2154 2153/2153/2153
f 2156/2156/2156 2153/2153/2153 2154/2154/2154
f 2154/2154/2154 2157/2157/2157 2156/2156/2156
f 2153/2153/2153 2156/2156/2156 2158/2158/2158
f 2159/2159/2159 2156/2156/2156 2157/2157/2157
f 2157/2157/2157 2160/2160/2160 2159/2159/2159
f 2161/2161/2161 2158/2158/2158 2156/2156/2156
f 2156/2156/2156 2159/2159/2159 2161/2161/2161
f 2161/2161/2161 2162/2162/2162 2158/2158/2158
f 2163/2163/2163 2158/2158/2158 2162/2162/2162
f 2163/2163/2163 2162/2162/2162 2164/2164/2164
f 2165/2165/2165 2164/2164/2164 2162/2162/2162
f 2164/2164/2164 2165/2165/2165 2166/2166/2166
f 2162/2162/2162 2161/2161/2161 2167/2167/2167
f 2162/2162/2162 2167/2167/2167 2165/2165/2165
f 2168/2168/2168 2161/2161/2161 2159/2159/2159
f 2168/2168/2168 2167/2167/2167 2161/2161/2161
f 2169/2169/2169 2159/2159/2159 2160/2160/2160
f 2159/2159/2159 2169/2169/2169 2168/2168/2168
f 2169/2169/2169 2160/2160/2160 2170/2170/2170
f 2171/2171/2171 2170/2170/2170 2160/2160/2160
f 2172/2172/2172 2168/2168/2168 2169/2169/2169
f 2169/2169/2169 2170/2170/2170 2172/2172/2172
f 2170/2170/2170 2171/2171/2171 2173/2173/2173
f 2174/2174/2174 2173/2173/2173 2171/2171/2171
f 2167/2167/2167 2168/2168/2168 2175/2175/2175
f 2172/2172/2172 2175/2175/2175 2168/2168/2168
f 2176/2176/2176 2172/2172/2172 2170/2170/2170
f 2170/2170/2170 2173/2173/2173 2176/2176/2176
f 2176/2176/2176 2177/2177/2177 2172/2172/2172
f 2175/2175/2175 2172/2172/2172 2177/2177/2177
f 2173/2173/2173 2174/2174/2174 2178/2178/2178
f 2179/2179/2179 2178/2178/2178 2174/2174/2174
f 2179/2179/2179 2180/2180/2180 2178/2178/2178
f 2181/2181/2181 2178/2178/2178 2180/2180/2180
f 2181/2181/2181 2182/2182/2182 2178/2178/2178
f 2183/2183/2183 2176/2176/2176 2173/2173/2173
f 2176/2176/2176 2183/2183/2183 2177/2177/2177
f 2178/2178/2178 2184/2184/2184 2173/2173/2173
f 2184/2184/2184 2178/2178/2178 2182/2182/2182
f 2183/2183/2183 2173/2173/2173 2184/2184/2184
f 2184/2184/2184 2182/2182/2182 2185/2185/2185
f 2186/2186/2186 2185/2185/2185 2182/2182/2182
f 2186/2186/2186 2187/2187/2187 2185/2185/2185
f 2183/2183/2183 2184/2184/2184 2188/2188/2188
f 2185/2185/2185 2188/2188/2188 2184/2184/2184
f 2188/2188/2188 2177/2177/2177 2183/2183/2183
f 2189/2189/2189 2185/2185/2185 2187/2187/2187
f 2185/2185/2185 2189/2189/2189 2188/2188/2188
f 2188/2188/2188 2190/2190/2190 2177/2177/2177
f 2190/2190/2190 2188/2188/2188 2189/2189/2189
f 2189/2189/2189 2187/2187/2187 2191/2191/2191
f 2192/2192/2192 2191/2191/2191 2187/2187/2187
f 2192/2192/2192 2193/2193/2193 2191/2191/2191
f 2194/2194/2194 2177/2177/2177 2190/2190/2190
f 2177/2177/2177 2194/2194/2194 2175/2175/2175
f 2190/2190/2190 2189/2189/2189 2195/2195/2195
f 2191/2191/2191 2195/2195/2195 2189/2189/2189
f 2196/2196/2196 2175/2175/2175 2194/2194/2194
f 2175/2175/2175 2196/2196/2196 2167/2167/2167
f 2194/2194/2194 2190/2190/2190 2197/2197/2197
f 2195/2195/2195 2197/2197/2197 2190/2190/2190
f 2197/2197/2197 2198/2198/2198 2194/2194/2194
f 2196/2196/2196 2194/2194/2194 2198/2198/2198
f 2199/2199/2199 2167/2167/2167 2196/2196/2196
f 2199/2199/2199 2165/2165/2165 2167/2167/2167
f 2197/2197/2197 2195/2195/2195 2200/2200/2200
f 2197/2197/2197 2200/2200/2200 2198/2198/2198
f 2195/2195/2195 2191/2191/2191 2201/2201/2201
f 2201/2201/2201 2200/2200/2200 2195/2195/2195
f 2199/2199/2199 2196/2196/2196 2202/2202/2202
f 2198/2198/2198 2202/2202/2202 2196/2196/2196
f 2165/2165/2165 2199/2199/2199 2203/2203/2203
f 2202/2202/2202 2203/2203/2203 2199/2199/2199
f 2203/2203/2203 2166/2166/2166 2165/2165/2165
f 2198/2198/2198 2204/2204/2204 2202/2202/2202
f 2204/2204/2204 2198/2198/2198 2200/2200/2200
f 2203/2203/2203 2205/2205/2205 2166/2166/2166
f 2206/2206/2206 2166/2166/2166 2205/2205/2205
f 2206/2206/2206 2205/2205/2205 2207/2207/2207
f 2202/2202/2202 2208/2208/2208 2203/2203/2203
f 2205/2205/2205 2203/2203/2203 2208/2208/2208
f 2208/2208/2208 2202/2202/2202 2204/2204/2204
f 2209/2209/2209 2207/2207/2207 2205/2205/2205
f 2205/2205/2205 2208/2208/2208 2209/2209/2209
f 2208/2208/2208 2204/2204/2204 2210/2210/2210
f 2210/2210/2210 2209/2209/2209 2208/2208/2208
f 2209/2209/2209 2211/2211/2211 2207/2207/2207
f 2209/2209/2209 2210/2210/2210 2211/2211/2211
f 2212/2212/2212 2207/2207/2207 2211/2211/2211
f 2204/2204/2204 2200/2200/2200 2213/2213/2213
f 2213/2213/2213 2210/2210/2210 2204/2204/2204
f 2214/2214/2214 2211/2211/2211 2210/2210/2210
f 2210/2210/2210 2213/2213/2213 2214/2214/2214
f 2211/2211/2211 2215/2215/2215 2212/2212/2212
f 2211/2211/2211 2214/2214/2214 2215/2215/2215
f 2216/2216/2216 2212/2212/2212 2215/2215/2215
f 2216/2216/2216 2215/2215/2215 2217/2217/2217
f 2218/2218/2218 2213/2213/2213 2200/2200/2200
f 2200/2200/2200 2201/2201/2201 2218/2218/2218
f 2219/2219/2219 2214/2214/2214 2213/2213/2213
f 2213/2213/2213 2218/2218/2218 2219/2219/2219
f 2220/2220/2220 2217/2217/2217 2215/2215/2215
f 2217/2217/2217 2220/2220/2220 2221/2221/2221
f 2222/2222/2222 2215/2215/2215 2214/2214/2214
f 2214/2214/2214 2219/2219/2219 2222/2222/2222
f 2215/2215/2215 2222/2222/2222 2220/2220/2220
f 2223/2223/2223 2218/2218/2218 2201/2201/2201
f 2224/2224/2224 2219/2219/2219 2218/2218/2218
f 2218/2218/2218 2223/2223/2223 2224/2224/2224
f 2225/2225/2225 2222/2222/2222 2219/2219/2219
f 2219/2219/2219 2224/2224/2224 2225/2225/2225
f 2226/2226/2226 2220/2220/2220 2222/2222/2222
f 2222/2222/2222 2225/2225/2225 2226/2226/2226
f 2227/2227/2227 2221/2221/2221 2220/2220/2220
f 2220/2220/2220 2226/2226/2226 2227/2227/2227
f 2201/2201/2201 2228/2228/2228 2223/2223/2223
f 2228/2228/2228 2201/2201/2201 2191/2191/2191
f 2228/2228/2228 2191/2191/2191 2193/2193/2193
f 2228/2228/2228 2193/2193/2193 2229/2229/2229
f 2229/2229/2229 2223/2223/2223 2228/2228/2228
f 2230/2230/2230 2229/2229/2229 2193/2193/2193
f 2231/2231/2231 2224/2224/2224 2223/2223/2223
f 2223/2223/2223 2229/2229/2229 2231/2231/2231
f 2229/2229/2229 2230/2230/2230 2232/2232/2232
f 2232/2232/2232 2231/2231/2231 2229/2229/2229
f 2233/2233/2233 2232/2232/2232 2230/2230/2230
f 2224/2224/2224 2231/2231/2231 2234/2234/2234
f 2234/2234/2234 2225/2225/2225 2224/2224/2224
f 2235/2235/2235 2226/2226/2226 2225/2225/2225
f 2225/2225/2225 2234/2234/2234 2235/2235/2235
f 2232/2232/2232 2233/2233/2233 2236/2236/2236
f 2237/2237/2237 2236/2236/2236 2233/2233/2233
f 2231/2231/2231 2232/2232/2232 2238/2238/2238
f 2238/2238/2238 2234/2234/2234 2231/2231/2231
f 2236/2236/2236 2238/2238/2238 2232/2232/2232
f 2236/2236/2236 2237/2237/2237 2239/2239/2239
f 2240/2240/2240 2239/2239/2239 2237/2237/2237
f 2234/2234/2234 2238/2238/2238 2241/2241/2241
f 2241/2241/2241 2235/2235/2235 2234/2234/2234
f 2238/2238/2238 2236/2236/2236 2242/2242/2242
f 2239/2239/2239 2242/2242/2242 2236/2236/2236
f 2242/2242/2242 2241/2241/2241 2238/2238/2238
f 2226/2226/2226 2235/2235/2235 2243/2243/2243
f 2243/2243/2243 2227/2227/2227 2226/2226/2226
f 2239/2239/2239 2240/2240/2240 2244/2244/2244
f 2245/2245/2245 2244/2244/2244 2240/2240/2240
f 2235/2235/2235 2241/2241/2241 2246/2246/2246
f 2246/2246/2246 2243/2243/2243 2235/2235/2235
f 2242/2242/2242 2239/2239/2239 2247/2247/2247
f 2244/2244/2244 2247/2247/2247 2239/2239/2239
f 2244/2244/2244 2245/2245/2245 2248/2248/2248
f 2244/2244/2244 2248/2248/2248 2247/2247/2247
f 2249/2249/2249 2248/2248/2248 2245/2245/2245
f 2241/2241/2241 2242/2242/2242 2250/2250/2250
f 2247/2247/2247 2250/2250/2250 2242/2242/2242
f 2250/2250/2250 2246/2246/2246 2241/2241/2241
f 2248/2248/2248 2249/2249/2249 2251/2251/2251
f 2252/2252/2252 2251/2251/2251 2249/2249/2249
f 2252/2252/2252 2253/2253/2253 2251/2251/2251
f 2254/2254/2254 2247/2247/2247 2248/2248/2248
f 2247/2247/2247 2254/2254/2254 2250/2250/2250
f 2248/2248/2248 2251/2251/2251 2254/2254/2254
f 2250/2250/2250 2255/2255/2255 2246/2246/2246
f 2255/2255/2255 2250/2250/2250 2254/2254/2254
f 2246/2246/2246 2256/2256/2256 2243/2243/2243
f 2256/2256/2256 2246/2246/2246 2255/2255/2255
f 2257/2257/2257 2254/2254/2254 2251/2251/2251
f 2254/2254/2254 2257/2257/2257 2255/2255/2255
f 2258/2258/2258 2251/2251/2251 2253/2253/2253
f 2251/2251/2251 2258/2258/2258 2257/2257/2257
f 2259/2259/2259 2255/2255/2255 2257/2257/2257
f 2255/2255/2255 2259/2259/2259 2256/2256/2256
f 2260/2260/2260 2243/2243/2243 2256/2256/2256
f 2243/2243/2243 2260/2260/2260 2227/2227/2227
f 2258/2258/2258 2253/2253/2253 2261/2261/2261
f 2262/2262/2262 2261/2261/2261 2253/2253/2253
f 2262/2262/2262 2263/2263/2263 2261/2261/2261
f 2264/2264/2264 2257/2257/2257 2258/2258/2258
f 2257/2257/2257 2264/2264/2264 2259/2259/2259
f 2258/2258/2258 2261/2261/2261 2264/2264/2264
f 2265/2265/2265 2256/2256/2256 2259/2259/2259
f 2256/2256/2256 2265/2265/2265 2260/2260/2260
f 2266/2266/2266 2227/2227/2227 2260/2260/2260
f 2227/2227/2227 2266/2266/2266 2221/2221/2221
f 2267/2267/2267 2221/2221/2221 2266/2266/2266
f 2268/2268/2268 2259/2259/2259 2264/2264/2264
f 2259/2259/2259 2268/2268/2268 2265/2265/2265
f 2269/2269/2269 2264/2264/2264 2261/2261/2261
f 2264/2264/2264 2269/2269/2269 2268/2268/2268
f 2270/2270/2270 2261/2261/2261 2263/2263/2263
f 2261/2261/2261 2270/2270/2270 2269/2269/2269
f 2271/2271/2271 2260/2260/2260 2265/2265/2265
f 2260/2260/2260 2271/2271/2271 2266/2266/2266
f 2266/2266/2266 2272/2272/2272 2267/2267/2267
f 2272/2272/2272 2266/2266/2266 2271/2271/2271
f 2273/2273/2273 2267/2267/2267 2272/2272/2272
f 2274/2274/2274 2265/2265/2265 2268/2268/2268
f 2265/2265/2265 2274/2274/2274 2271/2271/2271
f 2275/2275/2275 2268/2268/2268 2269/2269/2269
f 2268/2268/2268 2275/2275/2275 2274/2274/2274
f 2272/2272/2272 2276/2276/2276 2273/2273/2273
f 2277/2277/2277 2273/2273/2273 2276/2276/2276
f 2271/2271/2271 2278/2278/2278 2272/2272/2272
f 2276/2276/2276 2272/2272/2272 2278/2278/2278
f 2278/2278/2278 2271/2271/2271 2274/2274/2274
f 2276/2276/2276 2279/2279/2279 2277/2277/2277
f 2276/2276/2276 2278/2278/2278 2279/2279/2279
f 2280/2280/2280 2277/2277/2277 2279/2279/2279
f 2278/2278/2278 2274/2274/2274 2281/2281/2281
f 2281/2281/2281 2279/2279/2279 2278/2278/2278
f 2279/2279/2279 2282/2282/2282 2280/2280/2280
f 2283/2283/2283 2280/2280/2280 2282/2282/2282
f 2269/2269/2269 2284/2284/2284 2275/2275/2275
f 2284/2284/2284 2269/2269/2269 2270/2270/2270
f 2285/2285/2285 2274/2274/2274 2275/2275/2275
f 2285/2285/2285 2281/2281/2281 2274/2274/2274
f 2281/2281/2281 2286/2286/2286 2279/2279/2279
f 2282/2282/2282 2279/2279/2279 2286/2286/2286
f 2282/2282/2282 2287/2287/2287 2283/2283/2283
f 2288/2288/2288 2283/2283/2283 2287/2287/2287
f 2275/2275/2275 2289/2289/2289 2285/2285/2285
f 2289/2289/2289 2275/2275/2275 2284/2284/2284
f 2285/2285/2285 2290/2290/2290 2281/2281/2281
f 2290/2290/2290 2285/2285/2285 2289/2289/2289
f 2286/2286/2286 2281/2281/2281 2290/2290/2290
f 2286/2286/2286 2291/2291/2291 2282/2282/2282
f 2287/2287/2287 2282/2282/2282 2291/2291/2291
f 2287/2287/2287 2292/2292/2292 2288/2288/2288
f 2293/2293/2293 2288/2288/2288 2292/2292/2292
f 2292/2292/2292 2287/2287/2287 2294/2294/2294
f 2291/2291/2291 2294/2294/2294 2287/2287/2287
f 2294/2294/2294 2291/2291/2291 2295/2295/2295
f 2291/2291/2291 2286/2286/2286 2296/2296/2296
f 2290/2290/2290 2296/2296/2296 2286/2286/2286
f 2296/2296/2296 2295/2295/2295 2291/2291/2291
f 2289/2289/2289 2297/2297/2297 2290/2290/2290
f 2296/2296/2296 2290/2290/2290 2297/2297/2297
f 2296/2296/2296 2297/2297/2297 2295/2295/2295
f 2289/2289/2289 2284/2284/2284 2297/2297/2297
f 2298/2298/2298 2295/2295/2295 2297/2297/2297
f 2299/2299/2299 2297/2297/2297 2284/2284/2284
f 2297/2297/2297 2299/2299/2299 2298/2298/2298
f 2284/2284/2284 2270/2270/2270 2299/2299/2299
f 2300/2300/2300 2298/2298/2298 2299/2299/2299
f 2301/2301/2301 2299/2299/2299 2270/2270/2270
f 2299/2299/2299 2301/2301/2301 2300/2300/2300
f 2270/2270/2270 2263/2263/2263 2301/2301/2301
f 2302/2302/2302 2300/2300/2300 2301/2301/2301
f 2303/2303/2303 2301/2301/2301 2263/2263/2263
f 2301/2301/2301 2303/2303/2303 2302/2302/2302
f 2304/2304/2304 2302/2302/2302 2303/2303/2303
f 2307/2307/2307 2306/2306/2306 2305/2305/2305
f 2308/2308/2308 2305/2305/2305 2306/2306/2306
f 2306/2306/2306 2309/2309/2309 2308/2308/2308
f 2308/2308/2308 2310/2310/2310 2305/2305/2305
f 2311/2311/2311 2305/2305/2305 2310/2310/2310
f 2312/2312/2312 2308/2308/2308 2309/2309/2309
f 2309/2309/2309 2313/2313/2313 2312/2312/2312
f 2310/2310/2310 2314/2314/2314 2311/2311/2311
f 2315/2315/2315 2311/2311/2311 2314/2314/2314
f 2315/2315/2315 2314/2314/2314 2316/2316/2316
f 2310/2310/2310 2308/2308/2308 2317/2317/2317
f 2312/2312/2312 2317/2317/2317 2308/2308/2308
f 2314/2314/2314 2310/2310/2310 2318/2318/2318
f 2317/2317/2317 2318/2318/2318 2310/2310/2310
f 2319/2319/2319 2316/2316/2316 2314/2314/2314
f 2314/2314/2314 2318/2318/2318 2319/2319/2319
f 2317/2317/2317 2312/2312/2312 2320/2320/2320
f 2317/2317/2317 2320/2320/2320 2318/2318/2318
f 2321/2321/2321 2312/2312/2312 2313/2313/2313
f 2321/2321/2321 2320/2320/2320 2312/2312/2312
f 2321/2321/2321 2313/2313/2313 2322/2322/2322
f 2323/2323/2323 2322/2322/2322 2313/2313/2313
f 2320/2320/2320 2321/2321/2321 2324/2324/2324
f 2322/2322/2322 2324/2324/2324 2321/2321/2321
f 2325/2325/2325 2318/2318/2318 2320/2320/2320
f 2320/2320/2320 2324/2324/2324 2325/2325/2325
f 2322/2322/2322 2323/2323/2323 2326/2326/2326
f 2327/2327/2327 2326/2326/2326 2323/2323/2323
f 2327/2327/2327 2328/2328/2328 2326/2326/2326
f 2324/2324/2324 2322/2322/2322 2329/2329/2329
f 2326/2326/2326 2329/2329/2329 2322/2322/2322
f 2330/2330/2330 2326/2326/2326 2328/2328/2328
f 2328/2328/2328 2331/2331/2331 2330/2330/2330
f 2332/2332/2332 2330/2330/2330 2331/2331/2331
f 2330/2330/2330 2333/2333/2333 2326/2326/2326
f 2330/2330/2330 2332/2332/2332 2333/2333/2333
f 2329/2329/2329 2326/2326/2326 2333/2333/2333
f 2334/2334/2334 2333/2333/2333 2332/2332/2332
f 2324/2324/2324 2329/2329/2329 2335/2335/2335
f 2335/2335/2335 2325/2325/2325 2324/2324/2324
f 2318/2318/2318 2325/2325/2325 2336/2336/2336
f 2336/2336/2336 2319/2319/2319 2318/2318/2318
f 2329/2329/2329 2333/2333/2333 2337/2337/2337
f 2337/2337/2337 2335/2335/2335 2329/2329/2329
f 2333/2333/2333 2334/2334/2334 2338/2338/2338
f 2338/2338/2338 2337/2337/2337 2333/2333/2333
f 2339/2339/2339 2338/2338/2338 2334/2334/2334
f 2339/2339/2339 2340/2340/2340 2338/2338/2338
f 2338/2338/2338 2341/2341/2341 2337/2337/2337
f 2341/2341/2341 2338/2338/2338 2340/2340/2340
f 2341/2341/2341 2340/2340/2340 2342/2342/2342
f 2343/2343/2343 2342/2342/2342 2340/2340/2340
f 2343/2343/2343 2344/2344/2344 2342/2342/2342
f 2345/2345/2345 2337/2337/2337 2341/2341/2341
f 2337/2337/2337 2345/2345/2345 2335/2335/2335
f 2341/2341/2341 2342/2342/2342 2345/2345/2345
f 2346/2346/2346 2342/2342/2342 2344/2344/2344
f 2344/2344/2344 2347/2347/2347 2346/2346/2346
f 2348/2348/2348 2346/2346/2346 2347/2347/2347
f 2347/2347/2347 2349/2349/2349 2348/2348/2348
f 2346/2346/2346 2350/2350/2350 2342/2342/2342
f 2346/2346/2346 2348/2348/2348 2350/2350/2350
f 2351/2351/2351 2345/2345/2345 2342/2342/2342
f 2351/2351/2351 2342/2342/2342 2350/2350/2350
f 2352/2352/2352 2335/2335/2335 2345/2345/2345
f 2345/2345/2345 2351/2351/2351 2352/2352/2352
f 2353/2353/2353 2348/2348/2348 2349/2349/2349
f 2349/2349/2349 2354/2354/2354 2353/2353/2353
f 2355/2355/2355 2350/2350/2350 2348/2348/2348
f 2348/2348/2348 2353/2353/2353 2355/2355/2355
f 2352/2352/2352 2356/2356/2356 2335/2335/2335
f 2325/2325/2325 2335/2335/2335 2356/2356/2356
f 2356/2356/2356 2336/2336/2336 2325/2325/2325
f 2350/2350/2350 2357/2357/2357 2351/2351/2351
f 2350/2350/2350 2355/2355/2355 2357/2357/2357
f 2358/2358/2358 2352/2352/2352 2351/2351/2351
f 2352/2352/2352 2358/2358/2358 2356/2356/2356
f 2358/2358/2358 2351/2351/2351 2357/2357/2357
f 2359/2359/2359 2353/2353/2353 2354/2354/2354
f 2354/2354/2354 2360/2360/2360 2359/2359/2359
f 2356/2356/2356 2361/2361/2361 2336/2336/2336
f 2361/2361/2361 2356/2356/2356 2358/2358/2358
f 2362/2362/2362 2355/2355/2355 2353/2353/2353
f 2353/2353/2353 2359/2359/2359 2362/2362/2362
f 2363/2363/2363 2357/2357/2357 2355/2355/2355
f 2355/2355/2355 2362/2362/2362 2363/2363/2363
f 2357/2357/2357 2364/2364/2364 2358/2358/2358
f 2361/2361/2361 2358/2358/2358 2364/2364/2364
f 2357/2357/2357 2363/2363/2363 2364/2364/2364
f 2365/2365/2365 2336/2336/2336 2361/2361/2361
f 2361/2361/2361 2364/2364/2364 2365/2365/2365
f 2336/2336/2336 2365/2365/2365 2319/2319/2319
f 2366/2366/2366 2319/2319/2319 2365/2365/2365
f 2319/2319/2319 2366/2366/2366 2316/2316/2316
f 2367/2367/2367 2316/2316/2316 2366/2366/2366
f 2368/2368/2368 2365/2365/2365 2364/2364/2364
f 2365/2365/2365 2368/2368/2368 2366/2366/2366
f 2366/2366/2366 2369/2369/2369 2367/2367/2367
f 2369/2369/2369 2366/2366/2366 2368/2368/2368
f 2370/2370/2370 2367/2367/2367 2369/2369/2369
f 2371/2371/2371 2364/2364/2364 2363/2363/2363
f 2364/2364/2364 2371/2371/2371 2368/2368/2368
f 2368/2368/2368 2372/2372/2372 2369/2369/2369
f 2372/2372/2372 2368/2368/2368 2371/2371/2371
f 2369/2369/2369 2373/2373/2373 2370/2370/2370
f 2373/2373/2373 2369/2369/2369 2372/2372/2372
f 2374/2374/2374 2370/2370/2370 2373/2373/2373
f 2363/2363/2363 2375/2375/2375 2371/2371/2371
f 2375/2375/2375 2363/2363/2363 2362/2362/2362
f 2371/2371/2371 2376/2376/2376 2372/2372/2372
f 2376/2376/2376 2371/2371/2371 2375/2375/2375
f 2372/2372/2372 2377/2377/2377 2373/2373/2373
f 2377/2377/2377 2372/2372/2372 2376/2376/2376
f 2373/2373/2373 2378/2378/2378 2374/2374/2374
f 2378/2378/2378 2373/2373/2373 2377/2377/2377
f 2379/2379/2379 2374/2374/2374 2378/2378/2378
f 2362/2362/2362 2380/2380/2380 2375/2375/2375
f 2380/2380/2380 2362/2362/2362 2359/2359/2359
f 2375/2375/2375 2381/2381/2381 2376/2376/2376
f 2381/2381/2381 2375/2375/2375 2380/2380/2380
f 2376/2376/2376 2382/2382/2382 2377/2377/2377
f 2382/2382/2382 2376/2376/2376 2381/2381/2381
f 2377/2377/2377 2383/2383/2383 2378/2378/2378
f 2383/2383/2383 2377/2377/2377 2382/2382/2382
f 2378/2378/2378 2384/2384/2384 2379/2379/2379
f 2384/2384/2384 2378/2378/2378 2383/2383/2383
f 2385/2385/2385 2379/2379/2379 2384/2384/2384
f 2380/2380/2380 2359/2359/2359 2386/2386/2386
f 2380/2380/2380 2386/2386/2386 2381/2381/2381
f 2381/2381/2381 2387/2387/2387 2382/2382/2382
f 2387/2387/2387 2381/2381/2381 2386/2386/2386
f 2382/2382/2382 2388/2388/2388 2383/2383/2383
f 2388/2388/2388 2382/2382/2382 2387/2387/2387
f 2383/2383/2383 2389/2389/2389 2384/2384/2384
f 2389/2389/2389 2383/2383/2383 2388/2388/2388
f 2384/2384/2384 2390/2390/2390 2385/2385/2385
f 2390/2390/2390 2384/2384/2384 2389/2389/2389
f 2391/2391/2391 2385/2385/2385 2390/2390/2390
f 2390/2390/2390 2392/2392/2392 2391/2391/2391
f 2393/2393/2393 2391/2391/2391 2392/2392/2392
f 2393/2393/2393 2392/2392/2392 2394/2394/2394
f 2389/2389/2389 2395/2395/2395 2390/2390/2390
f 2392/2392/2392 2390/2390/2390 2395/2395/2395
f 2396/2396/2396 2394/2394/2394 2392/2392/2392
f 2392/2392/2392 2395/2395/2395 2396/2396/2396
f 2394/2394/2394 2396/2396/2396 2397/2397/2397
f 2388/2388/2388 2398/2398/2398 2389/2389/2389
f 2395/2395/2395 2389/2389/2389 2398/2398/2398
f 2387/2387/2387 2399/2399/2399 2388/2388/2388
f 2398/2398/2398 2388/2388/2388 2399/2399/2399
f 2400/2400/2400 2397/2397/2397 2396/2396/2396
f 2397/2397/2397 2400/2400/2400 2401/2401/2401
f 2402/2402/2402 2396/2396/2396 2395/2395/2395
f 2395/2395/2395 2398/2398/2398 2402/2402/2402
f 2396/2396/2396 2402/2402/2402 2400/2400/2400
f 2403/2403/2403 2401/2401/2401 2400/2400/2400
f 2401/2401/2401 2403/2403/2403 2404/2404/2404
f 2405/2405/2405 2402/2402/2402 2398/2398/2398
f 2398/2398/2398 2399/2399/2399 2405/2405/2405
f 2406/2406/2406 2400/2400/2400 2402/2402/2402
f 2400/2400/2400 2406/2406/2406 2403/2403/2403
f 2402/2402/2402 2405/2405/2405 2406/2406/2406
f 2399/2399/2399 2387/2387/2387 2407/2407/2407
f 2386/2386/2386 2407/2407/2407 2387/2387/2387
f 2408/2408/2408 2404/2404/2404 2403/2403/2403
f 2404/2404/2404 2408/2408/2408 2409/2409/2409
f 2410/2410/2410 2403/2403/2403 2406/2406/2406
f 2403/2403/2403 2410/2410/2410 2408/2408/2408
f 2411/2411/2411 2406/2406/2406 2405/2405/2405
f 2406/2406/2406 2411/2411/2411 2410/2410/2410
f 2412/2412/2412 2405/2405/2405 2399/2399/2399
f 2399/2399/2399 2407/2407/2407 2412/2412/2412
f 2405/2405/2405 2412/2412/2412 2411/2411/2411
f 2407/2407/2407 2386/2386/2386 2413/2413/2413
f 2414/2414/2414 2412/2412/2412 2407/2407/2407
f 2407/2407/2407 2413/2413/2413 2414/2414/2414
f 2415/2415/2415 2411/2411/2411 2412/2412/2412
f 2412/2412/2412 2414/2414/2414 2415/2415/2415
f 2416/2416/2416 2410/2410/2410 2411/2411/2411
f 2411/2411/2411 2415/2415/2415 2416/2416/2416
f 2417/2417/2417 2408/2408/2408 2410/2410/2410
f 2410/2410/2410 2416/2416/2416 2417/2417/2417
f 2418/2418/2418 2413/2413/2413 2386/2386/2386
f 2418/2418/2418 2386/2386/2386 2359/2359/2359
f 2418/2418/2418 2359/2359/2359 2360/2360/2360
f 2360/2360/2360 2419/2419/2419 2418/2418/2418
f 2413/2413/2413 2418/2418/2418 2419/2419/2419
f 2413/2413/2413 2419/2419/2419 2420/2420/2420
f 2420/2420/2420 2414/2414/2414 2413/2413/2413
f 2421/2421/2421 2420/2420/2420 2419/2419/2419
f 2421/2421/2421 2422/2422/2422 2420/2420/2420
f 2423/2423/2423 2415/2415/2415 2414/2414/2414
f 2414/2414/2414 2420/2420/2420 2423/2423/2423
f 2424/2424/2424 2416/2416/2416 2415/2415/2415
f 2415/2415/2415 2423/2423/2423 2424/2424/2424
f 2425/2425/2425 2420/2420/2420 2422/2422/2422
f 2425/2425/2425 2423/2423/2423 2420/2420/2420
f 2425/2425/2425 2422/2422/2422 2426/2426/2426
f 2427/2427/2427 2426/2426/2426 2422/2422/2422
f 2427/2427/2427 2428/2428/2428 2426/2426/2426
f 2423/2423/2423 2425/2425/2425 2429/2429/2429
f 2426/2426/2426 2429/2429/2429 2425/2425/2425
f 2429/2429/2429 2424/2424/2424 2423/2423/2423
f 2430/2430/2430 2426/2426/2426 2428/2428/2428
f 2426/2426/2426 2430/2430/2430 2429/2429/2429
f 2416/2416/2416 2424/2424/2424 2431/2431/2431
f 2431/2431/2431 2417/2417/2417 2416/2416/2416
f 2429/2429/2429 2432/2432/2432 2424/2424/2424
f 2432/2432/2432 2429/2429/2429 2430/2430/2430
f 2430/2430/2430 2428/2428/2428 2433/2433/2433
f 2434/2434/2434 2433/2433/2433 2428/2428/2428
f 2435/2435/2435 2431/2431/2431 2424/2424/2424
f 2435/2435/2435 2424/2424/2424 2432/2432/2432
f 2432/2432/2432 2430/2430/2430 2436/2436/2436
f 2433/2433/2433 2436/2436/2436 2430/2430/2430
f 2433/2433/2433 2434/2434/2434 2437/2437/2437
f 2438/2438/2438 2437/2437/2437 2434/2434/2434
f 2438/2438/2438 2439/2439/2439 2437/2437/2437
f 2440/2440/2440 2437/2437/2437 2439/2439/2439
f 2440/2440/2440 2441/2441/2441 2437/2437/2437
f 2437/2437/2437 2442/2442/2442 2433/2433/2433
f 2442/2442/2442 2437/2437/2437 2441/2441/2441
f 2436/2436/2436 2433/2433/2433 2442/2442/2442
f 2441/2441/2441 2443/2443/2443 2442/2442/2442
f 2444/2444/2444 2442/2442/2442 2443/2443/2443
f 2442/2442/2442 2444/2444/2444 2436/2436/2436
f 2443/2443/2443 2445/2445/2445 2444/2444/2444
f 2436/2436/2436 2446/2446/2446 2432/2432/2432
f 2435/2435/2435 2432/2432/2432 2446/2446/2446
f 2446/2446/2446 2436/2436/2436 2444/2444/2444
f 2447/2447/2447 2444/2444/2444 2445/2445/2445
f 2444/2444/2444 2447/2447/2447 2446/2446/2446
f 2445/2445/2445 2448/2448/2448 2447/2447/2447
f 2446/2446/2446 2449/2449/2449 2435/2435/2435
f 2449/2449/2449 2446/2446/2446 2447/2447/2447
f 2431/2431/2431 2435/2435/2435 2449/2449/2449
f 2450/2450/2450 2447/2447/2447 2448/2448/2448
f 2447/2447/2447 2450/2450/2450 2449/2449/2449
f 2449/2449/2449 2451/2451/2451 2431/2431/2431
f 2451/2451/2451 2449/2449/2449 2450/2450/2450
f 2417/2417/2417 2431/2431/2431 2451/2451/2451
f 2451/2451/2451 2452/2452/2452 2417/2417/2417
f 2451/2451/2451 2450/2450/2450 2452/2452/2452
f 2408/2408/2408 2417/2417/2417 2452/2452/2452
f 2452/2452/2452 2409/2409/2409 2408/2408/2408
f 2450/2450/2450 2448/2448/2448 2453/2453/2453
f 2453/2453/2453 2452/2452/2452 2450/2450/2450
f 2452/2452/2452 2453/2453/2453 2409/2409/2409
f 2454/2454/2454 2453/2453/2453 2448/2448/2448
f 2455/2455/2455 2409/2409/2409 2453/2453/2453
f 2453/2453/2453 2454/2454/2454 2455/2455/2455
f 2456/2456/2456 2455/2455/2455 2454/2454/2454
f 2459/2459/2459 2458/2458/2458 2457/2457/2457
f 2460/2460/2460 2457/2457/2457 2458/2458/2458
f 2458/2458/2458 2461/2461/2461 2460/2460/2460
f 2462/2462/2462 2460/2460/2460 2461/2461/2461
f 2461/2461/2461 2463/2463/2463 2462/2462/2462
f 2464/2464/2464 2462/2462/2462 2463/2463/2463
f 2463/2463/2463 2465/2465/2465 2464/2464/2464
f 2466/2466/2466 2464/2464/2464 2465/2465/2465
f 2465/2465/2465 2467/2467/2467 2466/2466/2466
f 2468/2468/2468 2466/2466/2466 2467/2467/2467
f 2467/2467/2467 2469/2469/2469 2468/2468/2468
f 2470/2470/2470 2468/2468/2468 2469/2469/2469
f 2469/2469/2469 2471/2471/2471 2470/2470/2470
f 2472/2472/2472 2470/2470/2470 2471/2471/2471
f 2471/2471/2471 2473/2473/2473 2472/2472/2472
f 2474/2474/2474 2472/2472/2472 2473/2473/2473
f 2477/2477/2477 2476/2476/2476 2475/2475/2475
f 2478/2478/2478 2475/2475/2475 2476/2476/2476
f 2475/2475/2475 2478/2478/2478 2479/2479/2479
f 2476/2476/2476 2480/2480/2480 2478/2478/2478
f 2481/2481/2481 2479/2479/2479 2478/2478/2478
f 2482/2482/2482 2478/2478/2478 2480/2480/2480
f 2478/2478/2478 2482/2482/2482 2481/2481/2481
f 2480/2480/2480 2483/2483/2483 2482/2482/2482
f 2484/2484/2484 2481/2481/2481 2482/2482/2482
f 2485/2485/2485 2482/2482/2482 2483/2483/2483
f 2482/2482/2482 2485/2485/2485 2484/2484/2484
f 2483/2483/2483 2486/2486/2486 2485/2485/2485
f 2487/2487/2487 2484/2484/2484 2485/2485/2485
f 2488/2488/2488 2485/2485/2485 2486/2486/2486
f 2485/2485/2485 2488/2488/2488 2487/2487/2487
f 2486/2486/2486 2489/2489/2489 2488/2488/2488
f 2490/2490/2490 2487/2487/2487 2488/2488/2488
f 2491/2491/2491 2488/2488/2488 2489/2489/2489
f 2488/2488/2488 2491/2491/2491 2490/2490/2490
f 2489/2489/2489 2492/2492/2492 2491/2491/2491
f 2493/2493/2493 2490/2490/2490 2491/2491/2491
f 2494/2494/2494 2491/2491/2491 2492/2492/2492
f 2491/2491/2491 2494/2494/2494 2493/2493/2493
f 2492/2492/2492 2495/2495/2495 2494/2494/2494
f 2496/2496/2496 2493/2493/2493 2494/2494/2494
f 2497/2497/2497 2494/2494/2494 2495/2495/2495
f 2494/2494/2494 2497/2497/2497 2496/2496/2496
f 2495/2495/2495 2498/2498/2498 2497/2497/2497
f 2499/2499/2499 2496/2496/2496 2497/2497/2497
f 2500/2500/2500 2497/2497/2497 2498/2498/2498
f 2497/2497/2497 2500/2500/2500 2499/2499/2499
f 2501/2501/2501 2499/2499/2499 2500/2500/2500
f 2504/2504/2504 2503/2503/2503 2502/2502/2502
f 2505/2505/2505 2502/2502/2502 2503/2503/2503
f 2506/2506/2506 2505/2505/2505 2503/2503/2503
f 2507/2507/2507 2506/2506/2506 2503/2503/2503
f 2504/2504/2504 2508/2508/2508 2503/2503/2503
f 2507/2507/2507 2503/2503/2503 2509/2509/2509
f 2510/2510/2510 2503/2503/2503 2508/2508/2508
f 2510/2510/2510 2508/2508/2508 2511/2511/2511
f 2510/2510/2510 2511/2511/2511 2512/2512/2512
f 2510/2510/2510 2512/2512/2512 2513/2513/2513
f 2513/2513/2513 2514/2514/2514 2510/2510/2510
f 2510/2510/2510 2515/2515/2515 2503/2503/2503
f 2515/2515/2515 2510/2510/2510 2514/2514/2514
f 2516/2516/2516 2509/2509/2509 2503/2503/2503
f 2516/2516/2516 2503/2503/2503 2515/2515/2515
f 2515/2515/2515 2514/2514/2514 2517/2517/2517
f 2515/2515/2515 2517/2517/2517 2516/2516/2516
f 2518/2518/2518 2517/2517/2517 2514/2514/2514
f 2516/2516/2516 2519/2519/2519 2509/2509/2509
f 2519/2519/2519 2516/2516/2516 2517/2517/2517
f 2520/2520/2520 2509/2509/2509 2519/2519/2519
f 2520/2520/2520 2519/2519/2519 2521/2521/2521
f 2517/2517/2517 2518/2518/2518 2522/2522/2522
f 2523/2523/2523 2522/2522/2522 2518/2518/2518
f 2519/2519/2519 2517/2517/2517 2524/2524/2524
f 2524/2524/2524 2521/2521/2521 2519/2519/2519
f 2522/2522/2522 2524/2524/2524 2517/2517/2517
f 2524/2524/2524 2525/2525/2525 2521/2521/2521
f 2524/2524/2524 2522/2522/2522 2525/2525/2525
f 2526/2526/2526 2521/2521/2521 2525/2525/2525
f 2526/2526/2526 2525/2525/2525 2527/2527/2527
f 2522/2522/2522 2523/2523/2523 2528/2528/2528
f 2528/2528/2528 2525/2525/2525 2522/2522/2522
f 2529/2529/2529 2528/2528/2528 2523/2523/2523
f 2530/2530/2530 2527/2527/2527 2525/2525/2525
f 2525/2525/2525 2528/2528/2528 2530/2530/2530
f 2527/2527/2527 2530/2530/2530 2531/2531/2531
f 2528/2528/2528 2529/2529/2529 2532/2532/2532
f 2532/2532/2532 2530/2530/2530 2528/2528/2528
f 2532/2532/2532 2533/2533/2533 2530/2530/2530
f 2534/2534/2534 2532/2532/2532 2529/2529/2529
f 2532/2532/2532 2534/2534/2534 2533/2533/2533
f 2535/2535/2535 2533/2533/2533 2534/2534/2534
f 2535/2535/2535 2536/2536/2536 2533/2533/2533
f 2537/2537/2537 2531/2531/2531 2530/2530/2530
f 2537/2537/2537 2530/2530/2530 2533/2533/2533
f 2531/2531/2531 2537/2537/2537 2538/2538/2538
f 2539/2539/2539 2538/2538/2538 2537/2537/2537
f 2537/2537/2537 2533/2533/2533 2539/2539/2539
f 2538/2538/2538 2539/2539/2539 2540/2540/2540
f 2541/2541/2541 2533/2533/2533 2536/2536/2536
f 2541/2541/2541 2539/2539/2539 2533/2533/2533
f 2542/2542/2542 2540/2540/2540 2539/2539/2539
f 2539/2539/2539 2541/2541/2541 2542/2542/2542
f 2540/2540/2540 2542/2542/2542 2543/2543/2543
f 2541/2541/2541 2536/2536/2536 2544/2544/2544
f 2544/2544/2544 2542/2542/2542 2541/2541/2541
f 2545/2545/2545 2544/2544/2544 2536/2536/2536
f 2546/2546/2546 2543/2543/2543 2542/2542/2542
f 2542/2542/2542 2544/2544/2544 2546/2546/2546
f 2543/2543/2543 2546/2546/2546 2547/2547/2547
f 2544/2544/2544 2545/2545/2545 2548/2548/2548
f 2548/2548/2548 2546/2546/2546 2544/2544/2544
f 2549/2549/2549 2548/2548/2548 2545/2545/2545
f 2549/2549/2549 2550/2550/2550 2548/2548/2548
f 2551/2551/2551 2547/2547/2547 2546/2546/2546
f 2546/2546/2546 2548/2548/2548 2551/2551/2551
f 2552/2552/2552 2547/2547/2547 2551/2551/2551
f 2551/2551/2551 2553/2553/2553 2552/2552/2552
f 2551/2551/2551 2554/2554/2554 2553/2553/2553
f 2555/2555/2555 2548/2548/2548 2550/2550/2550
f 2555/2555/2555 2551/2551/2551 2548/2548/2548
f 2551/2551/2551 2555/2555/2555 2554/2554/2554
f 2555/2555/2555 2550/2550/2550 2556/2556/2556
f 2557/2557/2557 2554/2554/2554 2555/2555/2555
f 2555/2555/2555 2556/2556/2556 2558/2558/2558
f 2555/2555/2555 2558/2558/2558 2557/2557/2557
f 2561/2561/2561 2560/2560/2560 2559/2559/2559
f 2561/2561/2561 2562/2562/2562 2560/2560/2560
f 2560/2560/2560 2562/2562/2562 2563/2563/2563
f 2562/2562/2562 2564/2564/2564 2563/2563/2563
f 2563/2563/2563 2564/2564/2564 2565/2565/2565
f 2566/2566/2566 2565/2565/2565 2564/2564/2564
f 2566/2566/2566 2567/2567/2567 2565/2565/2565
f 2565/2565/2565 2567/2567/2567 2568/2568/2568
f 2569/2569/2569 2568/2568/2568 2567/2567/2567
f 2569/2569/2569 2570/2570/2570 2568/2568/2568
f 2571/2571/2571 2568/2568/2568 2570/2570/2570
f 2570/2570/2570 2572/2572/2572 2571/2571/2571
f 2568/2568/2568 2573/2573/2573 2565/2565/2565
f 2568/2568/2568 2571/2571/2571 2573/2573/2573
f 2565/2565/2565 2574/2574/2574 2563/2563/2563
f 2574/2574/2574 2565/2565/2565 2573/2573/2573
f 2571/2571/2571 2572/2572/2572 2575/2575/2575
f 2576/2576/2576 2575/2575/2575 2572/2572/2572
f 2576/2576/2576 2577/2577/2577 2575/2575/2575
f 2575/2575/2575 2577/2577/2577 2578/2578/2578
f 2577/2577/2577 2579/2579/2579 2578/2578/2578
f 2579/2579/2579 2580/2580/2580 2578/2578/2578
f 2581/2581/2581 2573/2573/2573 2571/2571/2571
f 2571/2571/2571 2575/2575/2575 2581/2581/2581
f 2582/2582/2582 2563/2563/2563 2574/2574/2574
f 2563/2563/2563 2582/2582/2582 2560/2560/2560
f 2573/2573/2573 2583/2583/2583 2574/2574/2574
f 2573/2573/2573 2581/2581/2581 2583/2583/2583
f 2584/2584/2584 2581/2581/2581 2575/2575/2575
f 2575/2575/2575 2578/2578/2578 2584/2584/2584
f 2585/2585/2585 2578/2578/2578 2580/2580/2580
f 2580/2580/2580 2586/2586/2586 2585/2585/2585
f 2574/2574/2574 2587/2587/2587 2582/2582/2582
f 2587/2587/2587 2574/2574/2574 2583/2583/2583
f 2583/2583/2583 2588/2588/2588 2587/2587/2587
f 2589/2589/2589 2583/2583/2583 2581/2581/2581
f 2581/2581/2581 2584/2584/2584 2589/2589/2589
f 2583/2583/2583 2589/2589/2589 2588/2588/2588
f 2590/2590/2590 2582/2582/2582 2587/2587/2587
f 2590/2590/2590 2587/2587/2587 2588/2588/2588
f 2591/2591/2591 2589/2589/2589 2584/2584/2584
f 2591/2591/2591 2588/2588/2588 2589/2589/2589
f 2592/2592/2592 2584/2584/2584 2578/2578/2578
f 2584/2584/2584 2592/2592/2592 2591/2591/2591
f 2582/2582/2582 2590/2590/2590 2593/2593/2593
f 2593/2593/2593 2560/2560/2560 2582/2582/2582
f 2592/2592/2592 2578/2578/2578 2594/2594/2594
f 2585/2585/2585 2594/2594/2594 2578/2578/2578
f 2595/2595/2595 2591/2591/2591 2592/2592/2592
f 2591/2591/2591 2595/2595/2595 2588/2588/2588
f 2592/2592/2592 2594/2594/2594 2595/2595/2595
f 2590/2590/2590 2588/2588/2588 2596/2596/2596
f 2596/2596/2596 2593/2593/2593 2590/2590/2590
f 2560/2560/2560 2593/2593/2593 2597/2597/2597
f 2597/2597/2597 2559/2559/2559 2560/2560/2560
f 2598/2598/2598 2588/2588/2588 2595/2595/2595
f 2598/2598/2598 2596/2596/2596 2588/2588/2588
f 2593/2593/2593 2596/2596/2596 2599/2599/2599
f 2599/2599/2599 2597/2597/2597 2593/2593/2593
f 2597/2597/2597 2600/2600/2600 2559/2559/2559
f 2601/2601/2601 2559/2559/2559 2600/2600/2600
f 2602/2602/2602 2595/2595/2595 2594/2594/2594
f 2595/2595/2595 2602/2602/2602 2598/2598/2598
f 2596/2596/2596 2598/2598/2598 2603/2603/2603
f 2603/2603/2603 2599/2599/2599 2596/2596/2596
f 2599/2599/2599 2604/2604/2604 2597/2597/2597
f 2600/2600/2600 2597/2597/2597 2604/2604/2604
f 2604/2604/2604 2605/2605/2605 2600/2600/2600
f 2600/2600/2600 2606/2606/2606 2601/2601/2601
f 2606/2606/2606 2600/2600/2600 2605/2605/2605
f 2607/2607/2607 2601/2601/2601 2606/2606/2606
f 2604/2604/2604 2599/2599/2599 2608/2608/2608
f 2603/2603/2603 2608/2608/2608 2599/2599/2599
f 2604/2604/2604 2608/2608/2608 2605/2605/2605
f 2609/2609/2609 2603/2603/2603 2598/2598/2598
f 2609/2609/2609 2598/2598/2598 2602/2602/2602
f 2603/2603/2603 2609/2609/2609 2608/2608/2608
f 2606/2606/2606 2610/2610/2610 2607/2607/2607
f 2606/2606/2606 2605/2605/2605 2610/2610/2610
f 2611/2611/2611 2607/2607/2607 2610/2610/2610
f 2602/2602/2602 2612/2612/2612 2609/2609/2609
f 2602/2602/2602 2594/2594/2594 2612/2612/2612
f 2613/2613/2613 2608/2608/2608 2609/2609/2609
f 2613/2613/2613 2609/2609/2609 2612/2612/2612
f 2614/2614/2614 2605/2605/2605 2608/2608/2608
f 2608/2608/2608 2613/2613/2613 2614/2614/2614
f 2610/2610/2610 2615/2615/2615 2611/2611/2611
f 2616/2616/2616 2611/2611/2611 2615/2615/2615
f 2615/2615/2615 2617/2617/2617 2616/2616/2616
f 2618/2618/2618 2616/2616/2616 2617/2617/2617
f 2615/2615/2615 2610/2610/2610 2619/2619/2619
f 2619/2619/2619 2617/2617/2617 2615/2615/2615
f 2620/2620/2620 2610/2610/2610 2605/2605/2605
f 2620/2620/2620 2619/2619/2619 2610/2610/2610
f 2614/2614/2614 2621/2621/2621 2605/2605/2605
f 2620/2620/2620 2605/2605/2605 2621/2621/2621
f 2622/2622/2622 2614/2614/2614 2613/2613/2613
f 2614/2614/2614 2622/2622/2622 2621/2621/2621
f 2617/2617/2617 2623/2623/2623 2618/2618/2618
f 2624/2624/2624 2618/2618/2618 2623/2623/2623
f 2621/2621/2621 2625/2625/2625 2620/2620/2620
f 2619/2619/2619 2620/2620/2620 2625/2625/2625
f 2623/2623/2623 2617/2617/2617 2626/2626/2626
f 2619/2619/2619 2626/2626/2626 2617/2617/2617
f 2623/2623/2623 2627/2627/2627 2624/2624/2624
f 2623/2623/2623 2626/2626/2626 2627/2627/2627
f 2628/2628/2628 2624/2624/2624 2627/2627/2627
f 2628/2628/2628 2627/2627/2627 2629/2629/2629
f 2621/2621/2621 2630/2630/2630 2625/2625/2625
f 2630/2630/2630 2621/2621/2621 2622/2622/2622
f 2625/2625/2625 2631/2631/2631 2619/2619/2619
f 2626/2626/2626 2619/2619/2619 2631/2631/2631
f 2631/2631/2631 2625/2625/2625 2630/2630/2630
f 2632/2632/2632 2629/2629/2629 2627/2627/2627
f 2629/2629/2629 2632/2632/2632 2633/2633/2633
f 2634/2634/2634 2627/2627/2627 2626/2626/2626
f 2626/2626/2626 2631/2631/2631 2634/2634/2634
f 2632/2632/2632 2627/2627/2627 2634/2634/2634
f 2635/2635/2635 2633/2633/2633 2632/2632/2632
f 2632/2632/2632 2634/2634/2634 2635/2635/2635
f 2633/2633/2633 2635/2635/2635 2636/2636/2636
f 2631/2631/2631 2630/2630/2630 2637/2637/2637
f 2637/2637/2637 2634/2634/2634 2631/2631/2631
f 2630/2630/2630 2622/2622/2622 2638/2638/2638
f 2638/2638/2638 2637/2637/2637 2630/2630/2630
f 2634/2634/2634 2637/2637/2637 2639/2639/2639
f 2639/2639/2639 2635/2635/2635 2634/2634/2634
f 2638/2638/2638 2639/2639/2639 2637/2637/2637
f 2639/2639/2639 2640/2640/2640 2635/2635/2635
f 2639/2639/2639 2638/2638/2638 2640/2640/2640
f 2641/2641/2641 2636/2636/2636 2635/2635/2635
f 2641/2641/2641 2635/2635/2635 2640/2640/2640
f 2636/2636/2636 2641/2641/2641 2586/2586/2586
f 2642/2642/2642 2638/2638/2638 2622/2622/2622
f 2642/2642/2642 2640/2640/2640 2638/2638/2638
f 2622/2622/2622 2613/2613/2613 2642/2642/2642
f 2612/2612/2612 2642/2642/2642 2613/2613/2613
f 2642/2642/2642 2612/2612/2612 2640/2640/2640
f 2643/2643/2643 2586/2586/2586 2641/2641/2641
f 2641/2641/2641 2640/2640/2640 2643/2643/2643
f 2643/2643/2643 2585/2585/2585 2586/2586/2586
f 2644/2644/2644 2640/2640/2640 2612/2612/2612
f 2644/2644/2644 2643/2643/2643 2640/2640/2640
f 2643/2643/2643 2644/2644/2644 2585/2585/2585
f 2644/2644/2644 2612/2612/2612 2594/2594/2594
f 2594/2594/2594 2585/2585/2585 2644/2644/2644
f 2647/2647/2647 2646/2646/2646 2645/2645/2645
f 2648/2648/2648 2645/2645/2645 2646/2646/2646
f 2647/2647/2647 2649/2649/2649 2646/2646/2646
f 2648/2648/2648 2646/2646/2646 2650/2650/2650
f 2651/2651/2651 2646/2646/2646 2649/2649/2649
f 2652/2652/2652 2650/2650/2650 2646/2646/2646
f 2651/2651/2651 2653/2653/2653 2646/2646/2646
f 2652/2652/2652 2646/2646/2646 2654/2654/2654
f 2655/2655/2655 2646/2646/2646 2653/2653/2653
f 2656/2656/2656 2654/2654/2654 2646/2646/2646
f 2655/2655/2655 2657/2657/2657 2646/2646/2646
f 2656/2656/2656 2646/2646/2646 2657/2657/2657
f 2660/2660/2660 2659/2659/2659 2658/2658/2658
f 2658/2658/2658 2661/2661/2661 2660/2660/2660
f 2661/2661/2661 2662/2662/2662 2660/2660/2660
f 2662/2662/2662 2663/2663/2663 2660/2660/2660
f 2659/2659/2659 2660/2660/2660 2664/2664/2664
f 2663/2663/2663 2665/2665/2665 2660/2660/2660
f 2666/2666/2666 2664/2664/2664 2660/2660/2660
f 2664/2664/2664 2666/2666/2666 2667/2667/2667
f 2667/2667/2667 2666/2666/2666 2668/2668/2668
f 2668/2668/2668 2666/2666/2666 2669/2669/2669
f 2669/2669/2669 2666/2666/2666 2670/2670/2670
f 2666/2666/2666 2660/2660/2660 2671/2671/2671
f 2671/2671/2671 2670/2670/2670 2666/2666/2666
f 2672/2672/2672 2660/2660/2660 2665/2665/2665
f 2672/2672/2672 2671/2671/2671 2660/2660/2660
f 2671/2671/2671 2673/2673/2673 2670/2670/2670
f 2671/2671/2671 2672/2672/2672 2673/2673/2673
f 2674/2674/2674 2670/2670/2670 2673/2673/2673
f 2672/2672/2672 2665/2665/2665 2675/2675/2675
f 2675/2675/2675 2673/2673/2673 2672/2672/2672
f 2676/2676/2676 2675/2675/2675 2665/2665/2665
f 2676/2676/2676 2677/2677/2677 2675/2675/2675
f 2673/2673/2673 2678/2678/2678 2674/2674/2674
f 2679/2679/2679 2674/2674/2674 2678/2678/2678
f 2675/2675/2675 2680/2680/2680 2673/2673/2673
f 2680/2680/2680 2675/2675/2675 2677/2677/2677
f 2678/2678/2678 2673/2673/2673 2680/2680/2680
f 2680/2680/2680 2677/2677/2677 2681/2681/2681
f 2680/2680/2680 2681/2681/2681 2678/2678/2678
f 2682/2682/2682 2681/2681/2681 2677/2677/2677
f 2682/2682/2682 2683/2683/2683 2681/2681/2681
f 2678/2678/2678 2684/2684/2684 2679/2679/2679
f 2684/2684/2684 2678/2678/2678 2681/2681/2681
f 2685/2685/2685 2679/2679/2679 2684/2684/2684
f 2686/2686/2686 2681/2681/2681 2683/2683/2683
f 2681/2681/2681 2686/2686/2686 2684/2684/2684
f 2683/2683/2683 2687/2687/2687 2686/2686/2686
f 2684/2684/2684 2688/2688/2688 2685/2685/2685
f 2688/2688/2688 2684/2684/2684 2686/2686/2686
f 2688/2688/2688 2686/2686/2686 2689/2689/2689
f 2690/2690/2690 2685/2685/2685 2688/2688/2688
f 2688/2688/2688 2689/2689/2689 2690/2690/2690
f 2691/2691/2691 2690/2690/2690 2689/2689/2689
f 2691/2691/2691 2689/2689/2689 2692/2692/2692
f 2693/2693/2693 2686/2686/2686 2687/2687/2687
f 2693/2693/2693 2689/2689/2689 2686/2686/2686
f 2687/2687/2687 2694/2694/2694 2693/2693/2693
f 2695/2695/2695 2693/2693/2693 2694/2694/2694
f 2693/2693/2693 2695/2695/2695 2689/2689/2689
f 2694/2694/2694 2696/2696/2696 2695/2695/2695
f 2697/2697/2697 2692/2692/2692 2689/2689/2689
f 2697/2697/2697 2689/2689/2689 2695/2695/2695
f 2698/2698/2698 2695/2695/2695 2696/2696/2696
f 2695/2695/2695 2698/2698/2698 2697/2697/2697
f 2696/2696/2696 2699/2699/2699 2698/2698/2698
f 2697/2697/2697 2700/2700/2700 2692/2692/2692
f 2700/2700/2700 2697/2697/2697 2698/2698/2698
f 2701/2701/2701 2692/2692/2692 2700/2700/2700
f 2702/2702/2702 2698/2698/2698 2699/2699/2699
f 2698/2698/2698 2702/2702/2702 2700/2700/2700
f 2699/2699/2699 2703/2703/2703 2702/2702/2702
f 2700/2700/2700 2704/2704/2704 2701/2701/2701
f 2704/2704/2704 2700/2700/2700 2702/2702/2702
f 2705/2705/2705 2701/2701/2701 2704/2704/2704
f 2705/2705/2705 2704/2704/2704 2706/2706/2706
f 2707/2707/2707 2702/2702/2702 2703/2703/2703
f 2702/2702/2702 2707/2707/2707 2704/2704/2704
f 2703/2703/2703 2708/2708/2708 2707/2707/2707
f 2709/2709/2709 2707/2707/2707 2708/2708/2708
f 2710/2710/2710 2707/2707/2707 2709/2709/2709
f 2711/2711/2711 2706/2706/2706 2704/2704/2704
f 2711/2711/2711 2704/2704/2704 2707/2707/2707
f 2707/2707/2707 2710/2710/2710 2711/2711/2711
f 2706/2706/2706 2711/2711/2711 2712/2712/2712
f 2713/2713/2713 2711/2711/2711 2710/2710/2710
f 2712/2712/2712 2711/2711/2711 2714/2714/2714
f 2714/2714/2714 2711/2711/2711 2713/2713/2713
f 2717/2717/2717 2716/2716/2716 2715/2715/2715
f 2717/2717/2717 2715/2715/2715 2718/2718/2718
f 2719/2719/2719 2718/2718/2718 2715/2715/2715
f 2718/2718/2718 2719/2719/2719 2720/2720/2720
f 2721/2721/2721 2720/2720/2720 2719/2719/2719
f 2720/2720/2720 2721/2721/2721 2722/2722/2722
f 2723/2723/2723 2722/2722/2722 2721/2721/2721
f 2722/2722/2722 2723/2723/2723 2724/2724/2724
f 2725/2725/2725 2724/2724/2724 2723/2723/2723
f 2724/2724/2724 2725/2725/2725 2726/2726/2726
f 2723/2723/2723 2721/2721/2721 2727/2727/2727
f 2727/2727/2727 2725/2725/2725 2723/2723/2723
f 2728/2728/2728 2727/2727/2727 2721/2721/2721
f 2721/2721/2721 2719/2719/2719 2728/2728/2728
f 2729/2729/2729 2728/2728/2728 2719/2719/2719
f 2729/2729/2729 2719/2719/2719 2715/2715/2715
f 2727/2727/2727 2730/2730/2730 2725/2725/2725
f 2729/2729/2729 2715/2715/2715 2731/2731/2731
f 2732/2732/2732 2726/2726/2726 2725/2725/2725
f 2732/2732/2732 2725/2725/2725 2730/2730/2730
f 2726/2726/2726 2732/2732/2732 2733/2733/2733
f 2730/2730/2730 2734/2734/2734 2732/2732/2732
f 2734/2734/2734 2733/2733/2733 2732/2732/2732
f 2730/2730/2730 2735/2735/2735 2734/2734/2734
f 2733/2733/2733 2734/2734/2734 2736/2736/2736
f 2737/2737/2737 2734/2734/2734 2735/2735/2735
f 2737/2737/2737 2736/2736/2736 2734/2734/2734
f 2736/2736/2736 2737/2737/2737 2738/2738/2738
f 2735/2735/2735 2739/2739/2739 2737/2737/2737
f 2740/2740/2740 2738/2738/2738 2737/2737/2737
f 2740/2740/2740 2737/2737/2737 2739/2739/2739
f 2738/2738/2738 2740/2740/2740 2741/2741/2741
f 2739/2739/2739 2742/2742/2742 2740/2740/2740
f 2742/2742/2742 2741/2741/2741 2740/2740/2740
f 2741/2741/2741 2742/2742/2742 2743/2743/2743
f 2739/2739/2739 2744/2744/2744 2742/2742/2742
f 2745/2745/2745 2743/2743/2743 2742/2742/2742
f 2745/2745/2745 2742/2742/2742 2744/2744/2744
f 2743/2743/2743 2745/2745/2745 2746/2746/2746
f 2744/2744/2744 2747/2747/2747 2745/2745/2745
f 2747/2747/2747 2746/2746/2746 2745/2745/2745
f 2744/2744/2744 2748/2748/2748 2747/2747/2747
f 2746/2746/2746 2747/2747/2747 2749/2749/2749
f 2750/2750/2750 2747/2747/2747 2748/2748/2748
f 2750/2750/2750 2749/2749/2749 2747/2747/2747
f 2749/2749/2749 2750/2750/2750 2751/2751/2751
f 2748/2748/2748 2752/2752/2752 2750/2750/2750
f 2753/2753/2753 2751/2751/2751 2750/2750/2750
f 2753/2753/2753 2750/2750/2750 2752/2752/2752
f 2751/2751/2751 2753/2753/2753 2754/2754/2754
f 2752/2752/2752 2755/2755/2755 2753/2753/2753
f 2755/2755/2755 2754/2754/2754 2753/2753/2753
f 2754/2754/2754 2755/2755/2755 2756/2756/2756
f 2752/2752/2752 2757/2757/2757 2755/2755/2755
f 2758/2758/2758 2756/2756/2756 2755/2755/2755
f 2758/2758/2758 2755/2755/2755 2757/2757/2757
f 2756/2756/2756 2758/2758/2758 2759/2759/2759
f 2757/2757/2757 2760/2760/2760 2758/2758/2758
f 2760/2760/2760 2759/2759/2759 2758/2758/2758
f 2757/2757/2757 2761/2761/2761 2760/2760/2760
f 2759/2759/2759 2760/2760/2760 2762/2762/2762
f 2763/2763/2763 2760/2760/2760 2761/2761/2761
f 2763/2763/2763 2762/2762/2762 2760/2760/2760
f 2762/2762/2762 2763/2763/2763 2764/2764/2764
f 2761/2761/2761 2731/2731/2731 2763/2763/2763
f 2765/2765/2765 2764/2764/2764 2763/2763/2763
f 2765/2765/2765 2763/2763/2763 2731/2731/2731
f 2764/2764/2764 2765/2765/2765 2716/2716/2716
f 2731/2731/2731 2766/2766/2766 2765/2765/2765
f 2766/2766/2766 2716/2716/2716 2765/2765/2765
f 2766/2766/2766 2731/2731/2731 2715/2715/2715
f 2766/2766/2766 2715/2715/2715 2716/2716/2716
f 2769/2769/2769 2768/2768/2768 2767/2767/2767
f 2769/2769/2769 2767/2767/2767 2770/2770/2770
f 2771/2771/2771 2770/2770/2770 2767/2767/2767
f 2770/2770/2770 2771/2771/2771 2772/2772/2772
f 2773/2773/2773 2772/2772/2772 2771/2771/2771
f 2772/2772/2772 2773/2773/2773 2774/2774/2774
f 2775/2775/2775 2774/2774/2774 2773/2773/2773
f 2774/2774/2774 2775/2775/2775 2776/2776/2776
f 2777/2777/2777 2776/2776/2776 2775/2775/2775
f 2776/2776/2776 2777/2777/2777 2778/2778/2778
f 2775/2775/2775 2773/2773/2773 2779/2779/2779
f 2779/2779/2779 2777/2777/2777 2775/2775/2775
f 2780/2780/2780 2779/2779/2779 2773/2773/2773
f 2773/2773/2773 2771/2771/2771 2780/2780/2780
f 2781/2781/2781 2780/2780/2780 2771/2771/2771
f 2781/2781/2781 2771/2771/2771 2767/2767/2767
f 2779/2779/2779 2782/2782/2782 2777/2777/2777
f 2781/2781/2781 2767/2767/2767 2783/2783/2783
f 2784/2784/2784 2778/2778/2778 2777/2777/2777
f 2784/2784/2784 2777/2777/2777 2782/2782/2782
f 2778/2778/2778 2784/2784/2784 2785/2785/2785
f 2782/2782/2782 2786/2786/2786 2784/2784/2784
f 2786/2786/2786 2785/2785/2785 2784/2784/2784
f 2782/2782/2782 2787/2787/2787 2786/2786/2786
f 2785/2785/2785 2786/2786/2786 2788/2788/2788
f 2789/2789/2789 2786/2786/2786 2787/2787/2787
f 2789/2789/2789 2788/2788/2788 2786/2786/2786
f 2788/2788/2788 2789/2789/2789 2790/2790/2790
f 2787/2787/2787 2791/2791/2791 2789/2789/2789
f 2792/2792/2792 2790/2790/2790 2789/2789/2789
f 2792/2792/2792 2789/2789/2789 2791/2791/2791
f 2790/2790/2790 2792/2792/2792 2793/2793/2793
f 2791/2791/2791 2794/2794/2794 2792/2792/2792
f 2794/2794/2794 2793/2793/2793 2792/2792/2792
f 2793/2793/2793 2794/2794/2794 2795/2795/2795
f 2791/2791/2791 2796/2796/2796 2794/2794/2794
f 2797/2797/2797 2795/2795/2795 2794/2794/2794
f 2797/2797/2797 2794/2794/2794 2796/2796/2796
f 2795/2795/2795 2797/2797/2797 2798/2798/2798
f 2799/2799/2799 2798/2798/2798 2797/2797/2797
f 2796/2796/2796 2799/2799/2799 2797/2797/2797
f 2798/2798/2798 2799/2799/2799 2800/2800/2800
f 2799/2799/2799 2796/2796/2796 2801/2801/2801
f 2801/2801/2801 2800/2800/2800 2799/2799/2799
f 2802/2802/2802 2801/2801/2801 2796/2796/2796
f 2800/2800/2800 2801/2801/2801 2803/2803/2803
f 2801/2801/2801 2802/2802/2802 2804/2804/2804
f 2804/2804/2804 2803/2803/2803 2801/2801/2801
f 2805/2805/2805 2804/2804/2804 2802/2802/2802
f 2803/2803/2803 2804/2804/2804 2806/2806/2806
f 2805/2805/2805 2807/2807/2807 2804/2804/2804
f 2807/2807/2807 2806/2806/2806 2804/2804/2804
f 2806/2806/2806 2807/2807/2807 2808/2808/2808
f 2805/2805/2805 2809/2809/2809 2807/2807/2807
f 2810/2810/2810 2808/2808/2808 2807/2807/2807
f 2810/2810/2810 2807/2807/2807 2809/2809/2809
f 2808/2808/2808 2810/2810/2810 2811/2811/2811
f 2809/2809/2809 2812/2812/2812 2810/2810/2810
f 2812/2812/2812 2811/2811/2811 2810/2810/2810
f 2809/2809/2809 2813/2813/2813 2812/2812/2812
f 2811/2811/2811 2812/2812/2812 2814/2814/2814
f 2815/2815/2815 2812/2812/2812 2813/2813/2813
f 2815/2815/2815 2814/2814/2814 2812/2812/2812
f 2814/2814/2814 2815/2815/2815 2816/2816/2816
f 2813/2813/2813 2783/2783/2783 2815/2815/2815
f 2817/2817/2817 2816/2816/2816 2815/2815/2815
f 2817/2817/2817 2815/2815/2815 2783/2783/2783
f 2816/2816/2816 2817/2817/2817 2768/2768/2768
f 2783/2783/2783 2818/2818/2818 2817/2817/2817
f 2818/2818/2818 2768/2768/2768 2817/2817/2817
f 2818/2818/2818 2783/2783/2783 2767/2767/2767
f 2818/2818/2818 2767/2767/2767 2768/2768/2768
f 2821/2821/2821 2820/2820/2820 2819/2819/2819
f 2820/2820/2820 2821/2821/2821 2822/2822/2822
f 2823/2823/2823 2819/2819/2819 2820/2820/2820
f 2819/2819/2819 2823/2823/2823 2824/2824/2824
f 2825/2825/2825 2824/2824/2824 2823/2823/2823
f 2826/2826/2826 2824/2824/2824 2825/2825/2825
f 2826/2826/2826 2825/2825/2825 2827/2827/2827
f 2828/2828/2828 2820/2820/2820 2822/2822/2822
f 2828/2828/2828 2822/2822/2822 2829/2829/2829
f 2829/2829/2829 2830/2830/2830 2828/2828/2828
f 2823/2823/2823 2820/2820/2820 2831/2831/2831
f 2823/2823/2823 2831/2831/2831 2825/2825/2825
f 2832/2832/2832 2827/2827/2827 2825/2825/2825
f 2827/2827/2827 2832/2832/2832 2833/2833/2833
f 2834/2834/2834 2828/2828/2828 2830/2830/2830
f 2830/2830/2830 2835/2835/2835 2834/2834/2834
f 2820/2820/2820 2828/2828/2828 2836/2836/2836
f 2836/2836/2836 2831/2831/2831 2820/2820/2820
f 2837/2837/2837 2825/2825/2825 2831/2831/2831
f 2825/2825/2825 2837/2837/2837 2832/2832/2832
f 2832/2832/2832 2838/2838/2838 2833/2833/2833
f 2838/2838/2838 2839/2839/2839 2833/2833/2833
f 2840/2840/2840 2834/2834/2834 2835/2835/2835
f 2835/2835/2835 2841/2841/2841 2840/2840/2840
f 2828/2828/2828 2834/2834/2834 2842/2842/2842
f 2842/2842/2842 2836/2836/2836 2828/2828/2828
f 2843/2843/2843 2842/2842/2842 2834/2834/2834
f 2834/2834/2834 2840/2840/2840 2843/2843/2843
f 2842/2842/2842 2844/2844/2844 2836/2836/2836
f 2842/2842/2842 2843/2843/2843 2844/2844/2844
f 2831/2831/2831 2836/2836/2836 2845/2845/2845
f 2845/2845/2845 2836/2836/2836 2844/2844/2844
f 2845/2845/2845 2846/2846/2846 2831/2831/2831
f 2837/2837/2837 2831/2831/2831 2846/2846/2846
f 2838/2838/2838 2847/2847/2847 2839/2839/2839
f 2848/2848/2848 2839/2839/2839 2847/2847/2847
f 2849/2849/2849 2843/2843/2843 2840/2840/2840
f 2843/2843/2843 2849/2849/2849 2844/2844/2844
f 2845/2845/2845 2844/2844/2844 2850/2850/2850
f 2846/2846/2846 2845/2845/2845 2850/2850/2850
f 2851/2851/2851 2844/2844/2844 2849/2849/2849
f 2844/2844/2844 2851/2851/2851 2850/2850/2850
f 2849/2849/2849 2840/2840/2840 2852/2852/2852
f 2849/2849/2849 2852/2852/2852 2851/2851/2851
f 2851/2851/2851 2853/2853/2853 2850/2850/2850
f 2853/2853/2853 2846/2846/2846 2850/2850/2850
f 2854/2854/2854 2837/2837/2837 2846/2846/2846
f 2854/2854/2854 2832/2832/2832 2837/2837/2837
f 2854/2854/2854 2846/2846/2846 2855/2855/2855
f 2854/2854/2854 2855/2855/2855 2832/2832/2832
f 2853/2853/2853 2855/2855/2855 2846/2846/2846
f 2838/2838/2838 2832/2832/2832 2855/2855/2855
f 2853/2853/2853 2851/2851/2851 2856/2856/2856
f 2856/2856/2856 2855/2855/2855 2853/2853/2853
f 2855/2855/2855 2856/2856/2856 2838/2838/2838
f 2852/2852/2852 2856/2856/2856 2851/2851/2851
f 2847/2847/2847 2838/2838/2838 2856/2856/2856
f 2856/2856/2856 2852/2852/2852 2847/2847/2847
f 2857/2857/2857 2852/2852/2852 2840/2840/2840
f 2857/2857/2857 2847/2847/2847 2852/2852/2852
f 2840/2840/2840 2841/2841/2841 2857/2857/2857
f 2847/2847/2847 2857/2857/2857 2848/2848/2848
f 2841/2841/2841 2858/2858/2858 2857/2857/2857
f 2858/2858/2858 2848/2848/2848 2857/2857/2857
f 2861/2861/2861 2860/2860/2860 2859/2859/2859
f 2861/2861/2861 2859/2859/2859 2862/2862/2862
f 2863/2863/2863 2859/2859/2859 2860/2860/2860
f 2860/2860/2860 2864/2864/2864 2863/2863/2863
f 2865/2865/2865 2863/2863/2863 2864/2864/2864
f 2864/2864/2864 2866/2866/2866 2865/2865/2865
f 2866/2866/2866 2867/2867/2867 2865/2865/2865
f 2859/2859/2859 2868/2868/2868 2862/2862/2862
f 2862/2862/2862 2868/2868/2868 2869/2869/2869
f 2869/2869/2869 2868/2868/2868 2870/2870/2870
f 2863/2863/2863 2871/2871/2871 2859/2859/2859
f 2863/2863/2863 2865/2865/2865 2871/2871/2871
f 2872/2872/2872 2865/2865/2865 2867/2867/2867
f 2872/2872/2872 2867/2867/2867 2873/2873/2873
f 2874/2874/2874 2870/2870/2870 2868/2868/2868
f 2870/2870/2870 2874/2874/2874 2875/2875/2875
f 2859/2859/2859 2876/2876/2876 2868/2868/2868
f 2876/2876/2876 2859/2859/2859 2871/2871/2871
f 2877/2877/2877 2871/2871/2871 2865/2865/2865
f 2865/2865/2865 2872/2872/2872 2877/2877/2877
f 2878/2878/2878 2872/2872/2872 2873/2873/2873
f 2879/2879/2879 2878/2878/2878 2873/2873/2873
f 2880/2880/2880 2875/2875/2875 2874/2874/2874
f 2881/2881/2881 2875/2875/2875 2880/2880/2880
f 2868/2868/2868 2882/2882/2882 2874/2874/2874
f 2882/2882/2882 2868/2868/2868 2876/2876/2876
f 2883/2883/2883 2874/2874/2874 2882/2882/2882
f 2874/2874/2874 2883/2883/2883 2880/2880/2880
f 2882/2882/2882 2876/2876/2876 2884/2884/2884
f 2883/2883/2883 2882/2882/2882 2884/2884/2884
f 2876/2876/2876 2871/2871/2871 2885/2885/2885
f 2885/2885/2885 2884/2884/2884 2876/2876/2876
f 2885/2885/2885 2871/2871/2871 2886/2886/2886
f 2877/2877/2877 2886/2886/2886 2871/2871/2871
f 2878/2878/2878 2879/2879/2879 2887/2887/2887
f 2888/2888/2888 2887/2887/2887 2879/2879/2879
f 2881/2881/2881 2880/2880/2880 2889/2889/2889
f 2887/2887/2887 2888/2888/2888 2889/2889/2889
f 2890/2890/2890 2881/2881/2881 2889/2889/2889
f 2890/2890/2890 2889/2889/2889 2888/2888/2888
f 2891/2891/2891 2880/2880/2880 2883/2883/2883
f 2883/2883/2883 2884/2884/2884 2891/2891/2891
f 2889/2889/2889 2880/2880/2880 2892/2892/2892
f 2889/2889/2889 2892/2892/2892 2887/2887/2887
f 2891/2891/2891 2892/2892/2892 2880/2880/2880
f 2884/2884/2884 2885/2885/2885 2893/2893/2893
f 2885/2885/2885 2886/2886/2886 2893/2893/2893
f 2894/2894/2894 2891/2891/2891 2884/2884/2884
f 2892/2892/2892 2891/2891/2891 2894/2894/2894
f 2894/2894/2894 2884/2884/2884 2893/2893/2893
f 2895/2895/2895 2887/2887/2887 2892/2892/2892
f 2892/2892/2892 2894/2894/2894 2895/2895/2895
f 2887/2887/2887 2895/2895/2895 2878/2878/2878
f 2896/2896/2896 2894/2894/2894 2893/2893/2893
f 2896/2896/2896 2895/2895/2895 2894/2894/2894
f 2886/2886/2886 2896/2896/2896 2893/2893/2893
f 2897/2897/2897 2878/2878/2878 2895/2895/2895
f 2897/2897/2897 2895/2895/2895 2896/2896/2896
f 2896/2896/2896 2886/2886/2886 2897/2897/2897
f 2878/2878/2878 2897/2897/2897 2872/2872/2872
f 2898/2898/2898 2897/2897/2897 2886/2886/2886
f 2898/2898/2898 2872/2872/2872 2897/2897/2897
f 2877/2877/2877 2898/2898/2898 2886/2886/2886
f 2898/2898/2898 2877/2877/2877 2872/2872/2872
f 2901/2901/2901 2900/2900/2900 2899/2899/2899
f 2901/2901/2901 2899/2899/2899 2902/2902/2902
f 2903/2903/2903 2899/2899/2899 2900/2900/2900
f 2900/2900/2900 2904/2904/2904 2903/2903/2903
f 2905/2905/2905 2903/2903/2903 2904/2904/2904
f 2904/2904/2904 2906/2906/2906 2905/2905/2905
f 2907/2907/2907 2902/2902/2902 2899/2899/2899
f 2907/2907/2907 2899/2899/2899 2908/2908/2908
f 2902/2902/2902 2907/2907/2907 2909/2909/2909
f 2903/2903/2903 2910/2910/2910 2899/2899/2899
f 2903/2903/2903 2905/2905/2905 2910/2910/2910
f 2908/2908/2908 2899/2899/2899 2910/2910/2910
f 2911/2911/2911 2909/2909/2909 2907/2907/2907
f 2911/2911/2911 2907/2907/2907 2908/2908/2908
f 2909/2909/2909 2911/2911/2911 2912/2912/2912
f 2913/2913/2913 2912/2912/2912 2911/2911/2911
f 2913/2913/2913 2911/2911/2911 2908/2908/2908
f 2912/2912/2912 2913/2913/2913 2914/2914/2914
f 2915/2915/2915 2914/2914/2914 2913/2913/2913
f 2913/2913/2913 2908/2908/2908 2915/2915/2915
f 2914/2914/2914 2915/2915/2915 2916/2916/2916
f 2917/2917/2917 2905/2905/2905 2906/2906/2906
f 2906/2906/2906 2918/2918/2918 2917/2917/2917
f 2919/2919/2919 2910/2910/2910 2905/2905/2905
f 2905/2905/2905 2917/2917/2917 2919/2919/2919
f 2910/2910/2910 2920/2920/2920 2908/2908/2908
f 2910/2910/2910 2919/2919/2919 2920/2920/2920
f 2921/2921/2921 2915/2915/2915 2908/2908/2908
f 2921/2921/2921 2908/2908/2908 2920/2920/2920
f 2922/2922/2922 2916/2916/2916 2915/2915/2915
f 2915/2915/2915 2921/2921/2921 2922/2922/2922
f 2923/2923/2923 2917/2917/2917 2918/2918/2918
f 2918/2918/2918 2924/2924/2924 2923/2923/2923
f 2925/2925/2925 2919/2919/2919 2917/2917/2917
f 2917/2917/2917 2923/2923/2923 2925/2925/2925
f 2922/2922/2922 2926/2926/2926 2916/2916/2916
f 2927/2927/2927 2916/2916/2916 2926/2926/2926
f 2928/2928/2928 2922/2922/2922 2921/2921/2921
f 2926/2926/2926 2922/2922/2922 2928/2928/2928
f 2921/2921/2921 2920/2920/2920 2928/2928/2928
f 2926/2926/2926 2929/2929/2929 2927/2927/2927
f 2929/2929/2929 2926/2926/2926 2928/2928/2928
f 2930/2930/2930 2927/2927/2927 2929/2929/2929
f 2930/2930/2930 2929/2929/2929 2931/2931/2931
f 2932/2932/2932 2931/2931/2931 2929/2929/2929
f 2932/2932/2932 2929/2929/2929 2928/2928/2928
f 2931/2931/2931 2932/2932/2932 2933/2933/2933
f 2934/2934/2934 2920/2920/2920 2919/2919/2919
f 2919/2919/2919 2925/2925/2925 2934/2934/2934
f 2935/2935/2935 2928/2928/2928 2920/2920/2920
f 2928/2928/2928 2935/2935/2935 2932/2932/2932
f 2920/2920/2920 2934/2934/2934 2935/2935/2935
f 2936/2936/2936 2933/2933/2933 2932/2932/2932
f 2936/2936/2936 2932/2932/2932 2935/2935/2935
f 2933/2933/2933 2936/2936/2936 2937/2937/2937
f 2938/2938/2938 2937/2937/2937 2936/2936/2936
f 2936/2936/2936 2935/2935/2935 2938/2938/2938
f 2937/2937/2937 2938/2938/2938 2939/2939/2939
f 2940/2940/2940 2935/2935/2935 2934/2934/2934
f 2940/2940/2940 2938/2938/2938 2935/2935/2935
f 2941/2941/2941 2939/2939/2939 2938/2938/2938
f 2938/2938/2938 2940/2940/2940 2941/2941/2941
f 2939/2939/2939 2941/2941/2941 2942/2942/2942
f 2943/2943/2943 2934/2934/2934 2925/2925/2925
f 2934/2934/2934 2943/2943/2943 2940/2940/2940
f 2944/2944/2944 2942/2942/2942 2941/2941/2941
f 2942/2942/2942 2944/2944/2944 2945/2945/2945
f 2946/2946/2946 2941/2941/2941 2940/2940/2940
f 2946/2946/2946 2940/2940/2940 2943/2943/2943
f 2941/2941/2941 2946/2946/2946 2944/2944/2944
f 2947/2947/2947 2945/2945/2945 2944/2944/2944
f 2945/2945/2945 2947/2947/2947 2948/2948/2948
f 2949/2949/2949 2944/2944/2944 2946/2946/2946
f 2946/2946/2946 2943/2943/2943 2949/2949/2949
f 2944/2944/2944 2949/2949/2949 2947/2947/2947
f 2925/2925/2925 2950/2950/2950 2943/2943/2943
f 2950/2950/2950 2925/2925/2925 2923/2923/2923
f 2951/2951/2951 2948/2948/2948 2947/2947/2947
f 2948/2948/2948 2951/2951/2951 2952/2952/2952
f 2953/2953/2953 2947/2947/2947 2949/2949/2949
f 2947/2947/2947 2953/2953/2953 2951/2951/2951
f 2954/2954/2954 2949/2949/2949 2943/2943/2943
f 2954/2954/2954 2943/2943/2943 2950/2950/2950
f 2923/2923/2923 2955/2955/2955 2950/2950/2950
f 2955/2955/2955 2923/2923/2923 2924/2924/2924
f 2954/2954/2954 2956/2956/2956 2949/2949/2949
f 2953/2953/2953 2949/2949/2949 2956/2956/2956
f 2950/2950/2950 2957/2957/2957 2954/2954/2954
f 2957/2957/2957 2950/2950/2950 2955/2955/2955
f 2956/2956/2956 2954/2954/2954 2957/2957/2957
f 2955/2955/2955 2924/2924/2924 2958/2958/2958
f 2959/2959/2959 2958/2958/2958 2924/2924/2924
f 2957/2957/2957 2955/2955/2955 2960/2960/2960
f 2957/2957/2957 2960/2960/2960 2956/2956/2956
f 2958/2958/2958 2960/2960/2960 2955/2955/2955
f 2956/2956/2956 2961/2961/2961 2953/2953/2953
f 2961/2961/2961 2956/2956/2956 2960/2960/2960
f 2962/2962/2962 2951/2951/2951 2953/2953/2953
f 2962/2962/2962 2953/2953/2953 2961/2961/2961
f 2958/2958/2958 2959/2959/2959 2963/2963/2963
f 2964/2964/2964 2963/2963/2963 2959/2959/2959
f 2960/2960/2960 2958/2958/2958 2965/2965/2965
f 2960/2960/2960 2965/2965/2965 2961/2961/2961
f 2963/2963/2963 2965/2965/2965 2958/2958/2958
f 2963/2963/2963 2964/2964/2964 2966/2966/2966
f 2967/2967/2967 2966/2966/2966 2964/2964/2964
f 2968/2968/2968 2961/2961/2961 2965/2965/2965
f 2961/2961/2961 2968/2968/2968 2962/2962/2962
f 2965/2965/2965 2963/2963/2963 2969/2969/2969
f 2966/2966/2966 2969/2969/2969 2963/2963/2963
f 2965/2965/2965 2969/2969/2969 2968/2968/2968
f 2951/2951/2951 2962/2962/2962 2970/2970/2970
f 2970/2970/2970 2952/2952/2952 2951/2951/2951
f 2966/2966/2966 2967/2967/2967 2971/2971/2971
f 2972/2972/2972 2971/2971/2971 2967/2967/2967
f 2973/2973/2973 2962/2962/2962 2968/2968/2968
f 2973/2973/2973 2970/2970/2970 2962/2962/2962
f 2970/2970/2970 2974/2974/2974 2952/2952/2952
f 2970/2970/2970 2973/2973/2973 2974/2974/2974
f 2975/2975/2975 2952/2952/2952 2974/2974/2974
f 2976/2976/2976 2968/2968/2968 2969/2969/2969
f 2968/2968/2968 2976/2976/2976 2973/2973/2973
f 2969/2969/2969 2966/2966/2966 2977/2977/2977
f 2971/2971/2971 2977/2977/2977 2966/2966/2966
f 2969/2969/2969 2977/2977/2977 2976/2976/2976
f 2971/2971/2971 2972/2972/2972 2978/2978/2978
f 2979/2979/2979 2978/2978/2978 2972/2972/2972
f 2980/2980/2980 2974/2974/2974 2973/2973/2973
f 2980/2980/2980 2973/2973/2973 2976/2976/2976
f 2974/2974/2974 2981/2981/2981 2975/2975/2975
f 2974/2974/2974 2980/2980/2980 2981/2981/2981
f 2982/2982/2982 2975/2975/2975 2981/2981/2981
f 2977/2977/2977 2971/2971/2971 2983/2983/2983
f 2978/2978/2978 2983/2983/2983 2971/2971/2971
f 2983/2983/2983 2978/2978/2978 2984/2984/2984
f 2978/2978/2978 2979/2979/2979 2985/2985/2985
f 2985/2985/2985 2984/2984/2984 2978/2978/2978
f 2986/2986/2986 2985/2985/2985 2979/2979/2979
f 2987/2987/2987 2976/2976/2976 2977/2977/2977
f 2976/2976/2976 2987/2987/2987 2980/2980/2980
f 2977/2977/2977 2983/2983/2983 2987/2987/2987
f 2985/2985/2985 2986/2986/2986 2988/2988/2988
f 2985/2985/2985 2988/2988/2988 2984/2984/2984
f 2989/2989/2989 2988/2988/2988 2986/2986/2986
f 2989/2989/2989 2990/2990/2990 2988/2988/2988
f 2991/2991/2991 2988/2988/2988 2990/2990/2990
f 2988/2988/2988 2991/2991/2991 2984/2984/2984
f 2990/2990/2990 2992/2992/2992 2991/2991/2991
f 2993/2993/2993 2991/2991/2991 2992/2992/2992
f 2991/2991/2991 2993/2993/2993 2984/2984/2984
f 2992/2992/2992 2994/2994/2994 2993/2993/2993
f 2995/2995/2995 2993/2993/2993 2994/2994/2994
f 2993/2993/2993 2995/2995/2995 2984/2984/2984
f 2994/2994/2994 2996/2996/2996 2995/2995/2995
f 2984/2984/2984 2997/2997/2997 2983/2983/2983
f 2984/2984/2984 2995/2995/2995 2997/2997/2997
f 2998/2998/2998 2987/2987/2987 2983/2983/2983
f 2998/2998/2998 2983/2983/2983 2997/2997/2997
f 2999/2999/2999 2995/2995/2995 2996/2996/2996
f 2999/2999/2999 2997/2997/2997 2995/2995/2995
f 2997/2997/2997 2999/2999/2999 3000/3000/3000
f 3000/3000/3000 3001/3001/3001 2997/2997/2997
f 2998/2998/2998 2997/2997/2997 3001/3001/3001
f 2987/2987/2987 2998/2998/2998 3002/3002/3002
f 3001/3001/3001 3002/3002/3002 2998/2998/2998
f 3002/3002/3002 2980/2980/2980 2987/2987/2987
f 3002/3002/3002 2981/2981/2981 2980/2980/2980
f 3002/3002/3002 3001/3001/3001 2981/2981/2981
f 2999/2999/2999 2996/2996/2996 3003/3003/3003
f 3003/3003/3003 3000/3000/3000 2999/2999/2999
f 3004/3004/3004 3003/3003/3003 2996/2996/2996
f 3005/3005/3005 2981/2981/2981 3001/3001/3001
f 3001/3001/3001 3000/3000/3000 3005/3005/3005
f 2981/2981/2981 3005/3005/3005 2982/2982/2982
f 3006/3006/3006 2982/2982/2982 3005/3005/3005
f 3003/3003/3003 3004/3004/3004 3007/3007/3007
f 3003/3003/3003 3007/3007/3007 3000/3000/3000
f 3008/3008/3008 3007/3007/3007 3004/3004/3004
f 3005/3005/3005 3009/3009/3009 3006/3006/3006
f 3009/3009/3009 3005/3005/3005 3000/3000/3000
f 3010/3010/3010 3006/3006/3006 3009/3009/3009
f 3007/3007/3007 3008/3008/3008 3011/3011/3011
f 3007/3007/3007 3011/3011/3011 3000/3000/3000
f 3012/3012/3012 3011/3011/3011 3008/3008/3008
f 3009/3009/3009 3013/3013/3013 3010/3010/3010
f 3013/3013/3013 3009/3009/3009 3000/3000/3000
f 3011/3011/3011 3013/3013/3013 3000/3000/3000
f 3011/3011/3011 3012/3012/3012 3013/3013/3013
f 3014/3014/3014 3010/3010/3010 3013/3013/3013
f 3014/3014/3014 3013/3013/3013 3012/3012/3012
f 3017/3017/3017 3016/3016/3016 3015/3015/3015
f 3017/3017/3017 3015/3015/3015 3018/3018/3018
f 3019/3019/3019 3015/3015/3015 3016/3016/3016
f 3016/3016/3016 3020/3020/3020 3019/3019/3019
f 3021/3021/3021 3019/3019/3019 3020/3020/3020
f 3020/3020/3020 3022/3022/3022 3021/3021/3021
f 3023/3023/3023 3018/3018/3018 3015/3015/3015
f 3023/3023/3023 3015/3015/3015 3024/3024/3024
f 3018/3018/3018 3023/3023/3023 3025/3025/3025
f 3019/3019/3019 3026/3026/3026 3015/3015/3015
f 3019/3019/3019 3021/3021/3021 3026/3026/3026
f 3024/3024/3024 3015/3015/3015 3026/3026/3026
f 3027/3027/3027 3025/3025/3025 3023/3023/3023
f 3027/3027/3027 3023/3023/3023 3024/3024/3024
f 3025/3025/3025 3027/3027/3027 3028/3028/3028
f 3029/3029/3029 3028/3028/3028 3027/3027/3027
f 3029/3029/3029 3027/3027/3027 3024/3024/3024
f 3028/3028/3028 3029/3029/3029 3030/3030/3030
f 3031/3031/3031 3030/3030/3030 3029/3029/3029
f 3029/3029/3029 3024/3024/3024 3031/3031/3031
f 3030/3030/3030 3031/3031/3031 3032/3032/3032
f 3033/3033/3033 3021/3021/3021 3022/3022/3022
f 3022/3022/3022 3034/3034/3034 3033/3033/3033
f 3035/3035/3035 3026/3026/3026 3021/3021/3021
f 3021/3021/3021 3033/3033/3033 3035/3035/3035
f 3026/3026/3026 3036/3036/3036 3024/3024/3024
f 3026/3026/3026 3035/3035/3035 3036/3036/3036
f 3037/3037/3037 3031/3031/3031 3024/3024/3024
f 3037/3037/3037 3024/3024/3024 3036/3036/3036
f 3038/3038/3038 3032/3032/3032 3031/3031/3031
f 3031/3031/3031 3037/3037/3037 3038/3038/3038
f 3039/3039/3039 3033/3033/3033 3034/3034/3034
f 3034/3034/3034 3040/3040/3040 3039/3039/3039
f 3041/3041/3041 3035/3035/3035 3033/3033/3033
f 3033/3033/3033 3039/3039/3039 3041/3041/3041
f 3038/3038/3038 3042/3042/3042 3032/3032/3032
f 3043/3043/3043 3032/3032/3032 3042/3042/3042
f 3044/3044/3044 3038/3038/3038 3037/3037/3037
f 3042/3042/3042 3038/3038/3038 3044/3044/3044
f 3037/3037/3037 3036/3036/3036 3044/3044/3044
f 3042/3042/3042 3045/3045/3045 3043/3043/3043
f 3045/3045/3045 3042/3042/3042 3044/3044/3044
f 3046/3046/3046 3043/3043/3043 3045/3045/3045
f 3046/3046/3046 3045/3045/3045 3047/3047/3047
f 3048/3048/3048 3047/3047/3047 3045/3045/3045
f 3048/3048/3048 3045/3045/3045 3044/3044/3044
f 3047/3047/3047 3048/3048/3048 3049/3049/3049
f 3050/3050/3050 3036/3036/3036 3035/3035/3035
f 3035/3035/3035 3041/3041/3041 3050/3050/3050
f 3051/3051/3051 3044/3044/3044 3036/3036/3036
f 3044/3044/3044 3051/3051/3051 3048/3048/3048
f 3036/3036/3036 3050/3050/3050 3051/3051/3051
f 3052/3052/3052 3049/3049/3049 3048/3048/3048
f 3052/3052/3052 3048/3048/3048 3051/3051/3051
f 3049/3049/3049 3052/3052/3052 3053/3053/3053
f 3054/3054/3054 3053/3053/3053 3052/3052/3052
f 3052/3052/3052 3051/3051/3051 3054/3054/3054
f 3053/3053/3053 3054/3054/3054 3055/3055/3055
f 3056/3056/3056 3051/3051/3051 3050/3050/3050
f 3056/3056/3056 3054/3054/3054 3051/3051/3051
f 3057/3057/3057 3055/3055/3055 3054/3054/3054
f 3054/3054/3054 3056/3056/3056 3057/3057/3057
f 3055/3055/3055 3057/3057/3057 3058/3058/3058
f 3059/3059/3059 3050/3050/3050 3041/3041/3041
f 3050/3050/3050 3059/3059/3059 3056/3056/3056
f 3060/3060/3060 3058/3058/3058 3057/3057/3057
f 3058/3058/3058 3060/3060/3060 3061/3061/3061
f 3062/3062/3062 3057/3057/3057 3056/3056/3056
f 3062/3062/3062 3056/3056/3056 3059/3059/3059
f 3057/3057/3057 3062/3062/3062 3060/3060/3060
f 3063/3063/3063 3061/3061/3061 3060/3060/3060
f 3061/3061/3061 3063/3063/3063 3064/3064/3064
f 3065/3065/3065 3060/3060/3060 3062/3062/3062
f 3062/3062/3062 3059/3059/3059 3065/3065/3065
f 3060/3060/3060 3065/3065/3065 3063/3063/3063
f 3041/3041/3041 3066/3066/3066 3059/3059/3059
f 3066/3066/3066 3041/3041/3041 3039/3039/3039
f 3067/3067/3067 3064/3064/3064 3063/3063/3063
f 3064/3064/3064 3067/3067/3067 3068/3068/3068
f 3069/3069/3069 3063/3063/3063 3065/3065/3065
f 3063/3063/3063 3069/3069/3069 3067/3067/3067
f 3070/3070/3070 3065/3065/3065 3059/3059/3059
f 3070/3070/3070 3059/3059/3059 3066/3066/3066
f 3039/3039/3039 3071/3071/3071 3066/3066/3066
f 3071/3071/3071 3039/3039/3039 3040/3040/3040
f 3070/3070/3070 3072/3072/3072 3065/3065/3065
f 3069/3069/3069 3065/3065/3065 3072/3072/3072
f 3066/3066/3066 3073/3073/3073 3070/3070/3070
f 3073/3073/3073 3066/3066/3066 3071/3071/3071
f 3072/3072/3072 3070/3070/3070 3073/3073/3073
f 3071/3071/3071 3040/3040/3040 3074/3074/3074
f 3075/3075/3075 3074/3074/3074 3040/3040/3040
f 3073/3073/3073 3071/3071/3071 3076/3076/3076
f 3073/3073/3073 3076/3076/3076 3072/3072/3072
f 3074/3074/3074 3076/3076/3076 3071/3071/3071
f 3072/3072/3072 3077/3077/3077 3069/3069/3069
f 3077/3077/3077 3072/3072/3072 3076/3076/3076
f 3078/3078/3078 3067/3067/3067 3069/3069/3069
f 3078/3078/3078 3069/3069/3069 3077/3077/3077
f 3074/3074/3074 3075/3075/3075 3079/3079/3079
f 3080/3080/3080 3079/3079/3079 3075/3075/3075
f 3076/3076/3076 3074/3074/3074 3081/3081/3081
f 3076/3076/3076 3081/3081/3081 3077/3077/3077
f 3079/3079/3079 3081/3081/3081 3074/3074/3074
f 3079/3079/3079 3080/3080/3080 3082/3082/3082
f 3083/3083/3083 3082/3082/3082 3080/3080/3080
f 3084/3084/3084 3077/3077/3077 3081/3081/3081
f 3077/3077/3077 3084/3084/3084 3078/3078/3078
f 3081/3081/3081 3079/3079/3079 3085/3085/3085
f 3082/3082/3082 3085/3085/3085 3079/3079/3079
f 3081/3081/3081 3085/3085/3085 3084/3084/3084
f 3067/3067/3067 3078/3078/3078 3086/3086/3086
f 3086/3086/3086 3068/3068/3068 3067/3067/3067
f 3082/3082/3082 3083/3083/3083 3087/3087/3087
f 3088/3088/3088 3087/3087/3087 3083/3083/3083
f 3089/3089/3089 3078/3078/3078 3084/3084/3084
f 3089/3089/3089 3086/3086/3086 3078/3078/3078
f 3086/3086/3086 3090/3090/3090 3068/3068/3068
f 3086/3086/3086 3089/3089/3089 3090/3090/3090
f 3091/3091/3091 3068/3068/3068 3090/3090/3090
f 3092/3092/3092 3084/3084/3084 3085/3085/3085
f 3084/3084/3084 3092/3092/3092 3089/3089/3089
f 3085/3085/3085 3082/3082/3082 3093/3093/3093
f 3087/3087/3087 3093/3093/3093 3082/3082/3082
f 3085/3085/3085 3093/3093/3093 3092/3092/3092
f 3087/3087/3087 3088/3088/3088 3094/3094/3094
f 3095/3095/3095 3094/3094/3094 3088/3088/3088
f 3096/3096/3096 3090/3090/3090 3089/3089/3089
f 3096/3096/3096 3089/3089/3089 3092/3092/3092
f 3090/3090/3090 3097/3097/3097 3091/3091/3091
f 3090/3090/3090 3096/3096/3096 3097/3097/3097
f 3098/3098/3098 3091/3091/3091 3097/3097/3097
f 3093/3093/3093 3087/3087/3087 3099/3099/3099
f 3094/3094/3094 3099/3099/3099 3087/3087/3087
f 3099/3099/3099 3094/3094/3094 3100/3100/3100
f 3094/3094/3094 3095/3095/3095 3101/3101/3101
f 3101/3101/3101 3100/3100/3100 3094/3094/3094
f 3102/3102/3102 3101/3101/3101 3095/3095/3095
f 3103/3103/3103 3092/3092/3092 3093/3093/3093
f 3092/3092/3092 3103/3103/3103 3096/3096/3096
f 3093/3093/3093 3099/3099/3099 3103/3103/3103
f 3101/3101/3101 3102/3102/3102 3104/3104/3104
f 3101/3101/3101 3104/3104/3104 3100/3100/3100
f 3105/3105/3105 3104/3104/3104 3102/3102/3102
f 3105/3105/3105 3106/3106/3106 3104/3104/3104
f 3107/3107/3107 3104/3104/3104 3106/3106/3106
f 3104/3104/3104 3107/3107/3107 3100/3100/3100
f 3106/3106/3106 3108/3108/3108 3107/3107/3107
f 3109/3109/3109 3107/3107/3107 3108/3108/3108
f 3107/3107/3107 3109/3109/3109 3100/3100/3100
f 3108/3108/3108 3110/3110/3110 3109/3109/3109
f 3111/3111/3111 3109/3109/3109 3110/3110/3110
f 3109/3109/3109 3111/3111/3111 3100/3100/3100
f 3110/3110/3110 3112/3112/3112 3111/3111/3111
f 3100/3100/3100 3113/3113/3113 3099/3099/3099
f 3100/3100/3100 3111/3111/3111 3113/3113/3113
f 3114/3114/3114 3103/3103/3103 3099/3099/3099
f 3114/3114/3114 3099/3099/3099 3113/3113/3113
f 3115/3115/3115 3111/3111/3111 3112/3112/3112
f 3115/3115/3115 3113/3113/3113 3111/3111/3111
f 3113/3113/3113 3115/3115/3115 3116/3116/3116
f 3116/3116/3116 3117/3117/3117 3113/3113/3113
f 3114/3114/3114 3113/3113/3113 3117/3117/3117
f 3103/3103/3103 3114/3114/3114 3118/3118/3118
f 3117/3117/3117 3118/3118/3118 3114/3114/3114
f 3118/3118/3118 3096/3096/3096 3103/3103/3103
f 3118/3118/3118 3097/3097/3097 3096/3096/3096
f 3118/3118/3118 3117/3117/3117 3097/3097/3097
f 3115/3115/3115 3112/3112/3112 3119/3119/3119
f 3119/3119/3119 3116/3116/3116 3115/3115/3115
f 3120/3120/3120 3119/3119/3119 3112/3112/3112
f 3121/3121/3121 3097/3097/3097 3117/3117/3117
f 3117/3117/3117 3116/3116/3116 3121/3121/3121
f 3097/3097/3097 3121/3121/3121 3098/3098/3098
f 3122/3122/3122 3098/3098/3098 3121/3121/3121
f 3119/3119/3119 3120/3120/3120 3123/3123/3123
f 3119/3119/3119 3123/3123/3123 3116/3116/3116
f 3124/3124/3124 3123/3123/3123 3120/3120/3120
f 3121/3121/3121 3125/3125/3125 3122/3122/3122
f 3125/3125/3125 3121/3121/3121 3116/3116/3116
f 3126/3126/3126 3122/3122/3122 3125/3125/3125
f 3123/3123/3123 3124/3124/3124 3127/3127/3127
f 3123/3123/3123 3127/3127/3127 3116/3116/3116
f 3128/3128/3128 3127/3127/3127 3124/3124/3124
f 3125/3125/3125 3129/3129/3129 3126/3126/3126
f 3129/3129/3129 3125/3125/3125 3116/3116/3116
f 3127/3127/3127 3129/3129/3129 3116/3116/3116
f 3127/3127/3127 3128/3128/3128 3129/3129/3129
f 3130/3130/3130 3126/3126/3126 3129/3129/3129
f 3130/3130/3130 3129/3129/3129 3128/3128/3128
f 3133/3133/3133 3132/3132/3132 3131/3131/3131
f 3133/3133/3133 3131/3131/3131 3134/3134/3134
f 3132/3132/3132 3133/3133/3133 3135/3135/3135
f 3133/3133/3133 3134/3134/3134 3136/3136/3136
f 3135/3135/3135 3133/3133/3133 3137/3137/3137
f 3133/3133/3133 3136/3136/3136 3138/3138/3138
f 3137/3137/3137 3133/3133/3133 3139/3139/3139
f 3133/3133/3133 3138/3138/3138 3140/3140/3140
f 3139/3139/3139 3133/3133/3133 3141/3141/3141
f 3141/3141/3141 3133/3133/3133 3140/3140/3140
f 3144/3144/3144 3143/3143/3143 3142/3142/3142
f 3143/3143/3143 3145/3145/3145 3142/3142/3142
f 3142/3142/3142 3146/3146/3146 3144/3144/3144
f 3147/3147/3147 3144/3144/3144 3146/3146/3146
f 3147/3147/3147 3146/3146/3146 3148/3148/3148
f 3149/3149/3149 3148/3148/3148 3146/3146/3146
f 3150/3150/3150 3148/3148/3148 3149/3149/3149
f 3151/3151/3151 3142/3142/3142 3145/3145/3145
f 3145/3145/3145 3152/3152/3152 3151/3151/3151
f 3146/3146/3146 3142/3142/3142 3153/3153/3153
f 3146/3146/3146 3153/3153/3153 3149/3149/3149
f 3149/3149/3149 3154/3154/3154 3150/3150/3150
f 3155/3155/3155 3150/3150/3150 3154/3154/3154
f 3156/3156/3156 3155/3155/3155 3154/3154/3154
f 3156/3156/3156 3154/3154/3154 3157/3157/3157
f 3158/3158/3158 3156/3156/3156 3157/3157/3157
f 3158/3158/3158 3157/3157/3157 3159/3159/3159
f 3149/3149/3149 3160/3160/3160 3154/3154/3154
f 3160/3160/3160 3149/3149/3149 3153/3153/3153
f 3161/3161/3161 3153/3153/3153 3142/3142/3142
f 3142/3142/3142 3151/3151/3151 3161/3161/3161
f 3152/3152/3152 3162/3162/3162 3151/3151/3151
f 3152/3152/3152 3163/3163/3163 3162/3162/3162
f 3163/3163/3163 3164/3164/3164 3162/3162/3162
f 3165/3165/3165 3159/3159/3159 3157/3157/3157
f 3159/3159/3159 3165/3165/3165 3166/3166/3166
f 3154/3154/3154 3167/3167/3167 3157/3157/3157
f 3167/3167/3167 3154/3154/3154 3160/3160/3160
f 3153/3153/3153 3168/3168/3168 3160/3160/3160
f 3153/3153/3153 3161/3161/3161 3168/3168/3168
f 3169/3169/3169 3161/3161/3161 3151/3151/3151
f 3151/3151/3151 3162/3162/3162 3169/3169/3169
f 3160/3160/3160 3170/3170/3170 3167/3167/3167
f 3170/3170/3170 3160/3160/3160 3168/3168/3168
f 3168/3168/3168 3171/3171/3171 3170/3170/3170
f 3172/3172/3172 3168/3168/3168 3161/3161/3161
f 3161/3161/3161 3169/3169/3169 3172/3172/3172
f 3168/3168/3168 3172/3172/3172 3171/3171/3171
f 3173/3173/3173 3167/3167/3167 3170/3170/3170
f 3173/3173/3173 3170/3170/3170 3171/3171/3171
f 3174/3174/3174 3157/3157/3157 3167/3167/3167
f 3167/3167/3167 3173/3173/3173 3174/3174/3174
f 3175/3175/3175 3172/3172/3172 3169/3169/3169
f 3175/3175/3175 3171/3171/3171 3172/3172/3172
f 3176/3176/3176 3169/3169/3169 3162/3162/3162
f 3169/3169/3169 3176/3176/3176 3175/3175/3175
f 3174/3174/3174 3177/3177/3177 3157/3157/3157
f 3165/3165/3165 3157/3157/3157 3177/3177/3177
f 3178/3178/3178 3174/3174/3174 3173/3173/3173
f 3173/3173/3173 3171/3171/3171 3178/3178/3178
f 3174/3174/3174 3178/3178/3178 3177/3177/3177
f 3175/3175/3175 3179/3179/3179 3171/3171/3171
f 3179/3179/3179 3175/3175/3175 3176/3176/3176
f 3162/3162/3162 3180/3180/3180 3176/3176/3176
f 3180/3180/3180 3162/3162/3162 3164/3164/3164
f 3181/3181/3181 3178/3178/3178 3171/3171/3171
f 3181/3181/3181 3171/3171/3171 3179/3179/3179
f 3176/3176/3176 3182/3182/3182 3179/3179/3179
f 3182/3182/3182 3176/3176/3176 3180/3180/3180
f 3180/3180/3180 3164/3164/3164 3183/3183/3183
f 3184/3184/3184 3183/3183/3183 3164/3164/3164
f 3185/3185/3185 3177/3177/3177 3178/3178/3178
f 3178/3178/3178 3181/3181/3181 3185/3185/3185
f 3179/3179/3179 3186/3186/3186 3181/3181/3181
f 3186/3186/3186 3179/3179/3179 3182/3182/3182
f 3182/3182/3182 3180/3180/3180 3187/3187/3187
f 3183/3183/3183 3187/3187/3187 3180/3180/3180
f 3187/3187/3187 3183/3183/3183 3188/3188/3188
f 3183/3183/3183 3184/3184/3184 3189/3189/3189
f 3189/3189/3189 3188/3188/3188 3183/3183/3183
f 3190/3190/3190 3189/3189/3189 3184/3184/3184
f 3187/3187/3187 3191/3191/3191 3182/3182/3182
f 3186/3186/3186 3182/3182/3182 3191/3191/3191
f 3187/3187/3187 3188/3188/3188 3191/3191/3191
f 3192/3192/3192 3181/3181/3181 3186/3186/3186
f 3192/3192/3192 3185/3185/3185 3181/3181/3181
f 3186/3186/3186 3191/3191/3191 3192/3192/3192
f 3189/3189/3189 3190/3190/3190 3193/3193/3193
f 3189/3189/3189 3193/3193/3193 3188/3188/3188
f 3194/3194/3194 3193/3193/3193 3190/3190/3190
f 3185/3185/3185 3192/3192/3192 3195/3195/3195
f 3185/3185/3185 3195/3195/3195 3177/3177/3177
f 3196/3196/3196 3192/3192/3192 3191/3191/3191
f 3196/3196/3196 3195/3195/3195 3192/3192/3192
f 3197/3197/3197 3191/3191/3191 3188/3188/3188
f 3191/3191/3191 3197/3197/3197 3196/3196/3196
f 3193/3193/3193 3194/3194/3194 3198/3198/3198
f 3199/3199/3199 3198/3198/3198 3194/3194/3194
f 3198/3198/3198 3199/3199/3199 3200/3200/3200
f 3201/3201/3201 3200/3200/3200 3199/3199/3199
f 3198/3198/3198 3202/3202/3202 3193/3193/3193
f 3200/3200/3200 3202/3202/3202 3198/3198/3198
f 3203/3203/3203 3188/3188/3188 3193/3193/3193
f 3203/3203/3203 3193/3193/3193 3202/3202/3202
f 3197/3197/3197 3188/3188/3188 3204/3204/3204
f 3203/3203/3203 3204/3204/3204 3188/3188/3188
f 3205/3205/3205 3196/3196/3196 3197/3197/3197
f 3197/3197/3197 3204/3204/3204 3205/3205/3205
f 3200/3200/3200 3201/3201/3201 3206/3206/3206
f 3207/3207/3207 3206/3206/3206 3201/3201/3201
f 3204/3204/3204 3203/3203/3203 3208/3208/3208
f 3202/3202/3202 3208/3208/3208 3203/3203/3203
f 3202/3202/3202 3200/3200/3200 3209/3209/3209
f 3206/3206/3206 3209/3209/3209 3200/3200/3200
f 3206/3206/3206 3207/3207/3207 3210/3210/3210
f 3206/3206/3206 3210/3210/3210 3209/3209/3209
f 3211/3211/3211 3210/3210/3210 3207/3207/3207
f 3211/3211/3211 3212/3212/3212 3210/3210/3210
f 3204/3204/3204 3208/3208/3208 3213/3213/3213
f 3213/3213/3213 3205/3205/3205 3204/3204/3204
f 3208/3208/3208 3202/3202/3202 3214/3214/3214
f 3209/3209/3209 3214/3214/3214 3202/3202/3202
f 3214/3214/3214 3213/3213/3213 3208/3208/3208
f 3215/3215/3215 3210/3210/3210 3212/3212/3212
f 3212/3212/3212 3216/3216/3216 3215/3215/3215
f 3217/3217/3217 3209/3209/3209 3210/3210/3210
f 3209/3209/3209 3217/3217/3217 3214/3214/3214
f 3210/3210/3210 3215/3215/3215 3217/3217/3217
f 3218/3218/3218 3215/3215/3215 3216/3216/3216
f 3215/3215/3215 3218/3218/3218 3217/3217/3217
f 3216/3216/3216 3219/3219/3219 3218/3218/3218
f 3214/3214/3214 3220/3220/3220 3213/3213/3213
f 3220/3220/3220 3214/3214/3214 3217/3217/3217
f 3213/3213/3213 3221/3221/3221 3205/3205/3205
f 3221/3221/3221 3213/3213/3213 3220/3220/3220
f 3217/3217/3217 3222/3222/3222 3220/3220/3220
f 3222/3222/3222 3217/3217/3217 3218/3218/3218
f 3221/3221/3221 3220/3220/3220 3222/3222/3222
f 3222/3222/3222 3218/3218/3218 3223/3223/3223
f 3222/3222/3222 3223/3223/3223 3221/3221/3221
f 3224/3224/3224 3218/3218/3218 3219/3219/3219
f 3224/3224/3224 3223/3223/3223 3218/3218/3218
f 3219/3219/3219 3166/3166/3166 3224/3224/3224
f 3225/3225/3225 3205/3205/3205 3221/3221/3221
f 3225/3225/3225 3221/3221/3221 3223/3223/3223
f 3205/3205/3205 3225/3225/3225 3196/3196/3196
f 3195/3195/3195 3196/3196/3196 3225/3225/3225
f 3225/3225/3225 3223/3223/3223 3195/3195/3195
f 3226/3226/3226 3224/3224/3224 3166/3166/3166
f 3224/3224/3224 3226/3226/3226 3223/3223/3223
f 3226/3226/3226 3166/3166/3166 3165/3165/3165
f 3227/3227/3227 3195/3195/3195 3223/3223/3223
f 3227/3227/3227 3223/3223/3223 3226/3226/3226
f 3226/3226/3226 3165/3165/3165 3227/3227/3227
f 3227/3227/3227 3177/3177/3177 3195/3195/3195
f 3177/3177/3177 3227/3227/3227 3165/3165/3165
f 3230/3230/3230 3229/3229/3229 3228/3228/3228
f 3228/3228/3228 3229/3229/3229 3231/3231/3231
f 3232/3232/3232 3229/3229/3229 3230/3230/3230
f 3231/3231/3231 3229/3229/3229 3233/3233/3233
f 3234/3234/3234 3229/3229/3229 3232/3232/3232
f 3233/3233/3233 3229/3229/3229 3235/3235/3235
f 3236/3236/3236 3229/3229/3229 3234/3234/3234
f 3235/3235/3235 3229/3229/3229 3237/3237/3237
f 3238/3238/3238 3229/3229/3229 3236/3236/3236
f 3237/3237/3237 3229/3229/3229 3239/3239/3239
f 3240/3240/3240 3229/3229/3229 3238/3238/3238
f 3239/3239/3239 3229/3229/3229 3240/3240/3240
f 3243/3243/3243 3242/3242/3242 3241/3241/3241
f 3241/3241/3241 3242/3242/3242 3244/3244/3244
f 3245/3245/3245 3242/3242/3242 3243/3243/3243
f 3244/3244/3244 3242/3242/3242 3246/3246/3246
f 3247/3247/3247 3242/3242/3242 3245/3245/3245
f 3246/3246/3246 3242/3242/3242 3248/3248/3248
f 3249/3249/3249 3242/3242/3242 3247/3247/3247
f 3248/3248/3248 3242/3242/3242 3250/3250/3250
f 3251/3251/3251 3242/3242/3242 3249/3249/3249
f 3250/3250/3250 3242/3242/3242 3252/3252/3252
f 3253/3253/3253 3242/3242/3242 3251/3251/3251
f 3252/3252/3252 3242/3242/3242 3253/3253/3253
f 3256/3256/3256 3255/3255/3255 3254/3254/3254
f 3257/3257/3257 3255/3255/3255 3256/3256/3256
f 3258/3258/3258 3254/3254/3254 3255/3255/3255
f 3258/3258/3258 3259/3259/3259 3254/3254/3254
f 3255/3255/3255 3257/3257/3257 3260/3260/3260
f 3257/3257/3257 3261/3261/3261 3260/3260/3260
f 3258/3258/3258 3262/3262/3262 3259/3259/3259
f 3263/3263/3263 3259/3259/3259 3262/3262/3262
f 3260/3260/3260 3261/3261/3261 3264/3264/3264
f 3265/3265/3265 3264/3264/3264 3261/3261/3261
f 3265/3265/3265 3266/3266/3266 3264/3264/3264
f 3267/3267/3267 3264/3264/3264 3266/3266/3266
f 3267/3267/3267 3266/3266/3266 3268/3268/3268
f 3269/3269/3269 3267/3267/3267 3268/3268/3268
f 3269/3269/3269 3268/3268/3268 3270/3270/3270
f 3270/3270/3270 3271/3271/3271 3269/3269/3269
f 3264/3264/3264 3272/3272/3272 3260/3260/3260
f 3264/3264/3264 3267/3267/3267 3272/3272/3272
f 3262/3262/3262 3273/3273/3273 3263/3263/3263
f 3274/3274/3274 3263/3263/3263 3273/3273/3273
f 3275/3275/3275 3274/3274/3274 3273/3273/3273
f 3276/3276/3276 3275/3275/3275 3273/3273/3273
f 3277/3277/3277 3275/3275/3275 3276/3276/3276
f 3277/3277/3277 3276/3276/3276 3271/3271/3271
f 3273/3273/3273 3262/3262/3262 3278/3278/3278
f 3273/3273/3273 3278/3278/3278 3276/3276/3276
f 3279/3279/3279 3271/3271/3271 3276/3276/3276
f 3279/3279/3279 3269/3269/3269 3271/3271/3271
f 3276/3276/3276 3280/3280/3280 3279/3279/3279
f 3280/3280/3280 3276/3276/3276 3278/3278/3278
f 3281/3281/3281 3279/3279/3279 3280/3280/3280
f 3279/3279/3279 3281/3281/3281 3269/3269/3269
f 3267/3267/3267 3269/3269/3269 3282/3282/3282
f 3282/3282/3282 3272/3272/3272 3267/3267/3267
f 3283/3283/3283 3278/3278/3278 3262/3262/3262
f 3262/3262/3262 3258/3258/3258 3283/3283/3283
f 3278/3278/3278 3284/3284/3284 3280/3280/3280
f 3280/3280/3280 3284/3284/3284 3281/3281/3281
f 3285/3285/3285 3269/3269/3269 3281/3281/3281
f 3285/3285/3285 3282/3282/3282 3269/3269/3269
f 3281/3281/3281 3286/3286/3286 3285/3285/3285
f 3285/3285/3285 3286/3286/3286 3282/3282/3282
f 3286/3286/3286 3281/3281/3281 3284/3284/3284
f 3282/3282/3282 3287/3287/3287 3272/3272/3272
f 3287/3287/3287 3282/3282/3282 3286/3286/3286
f 3288/3288/3288 3283/3283/3283 3258/3258/3258
f 3258/3258/3258 3255/3255/3255 3288/3288/3288
f 3283/3283/3283 3289/3289/3289 3278/3278/3278
f 3284/3284/3284 3278/3278/3278 3289/3289/3289
f 3288/3288/3288 3289/3289/3289 3283/3283/3283
f 3284/3284/3284 3290/3290/3290 3286/3286/3286
f 3289/3289/3289 3290/3290/3290 3284/3284/3284
f 3286/3286/3286 3290/3290/3290 3287/3287/3287
f 3291/3291/3291 3290/3290/3290 3289/3289/3289
f 3289/3289/3289 3288/3288/3288 3291/3291/3291
f 3287/3287/3287 3290/3290/3290 3291/3291/3291
f 3272/3272/3272 3287/3287/3287 3292/3292/3292
f 3291/3291/3291 3292/3292/3292 3287/3287/3287
f 3292/3292/3292 3260/3260/3260 3272/3272/3272
f 3260/3260/3260 3292/3292/3292 3255/3255/3255
f 3293/3293/3293 3288/3288/3288 3255/3255/3255
f 3293/3293/3293 3291/3291/3291 3288/3288/3288
f 3293/3293/3293 3255/3255/3255 3292/3292/3292
f 3293/3293/3293 3292/3292/3292 3291/3291/3291
f 3296/3296/3296 3295/3295/3295 3294/3294/3294
f 3297/3297/3297 3296/3296/3296 3294/3294/3294
f 3297/3297/3297 3298/3298/3298 3296/3296/3296
f 3296/3296/3296 3299/3299/3299 3295/3295/3295
f 3300/3300/3300 3299/3299/3299 3296/3296/3296
f 3301/3301/3301 3295/3295/3295 3299/3299/3299
f 3301/3301/3301 3299/3299/3299 3302/3302/3302
f 3299/3299/3299 3303/3303/3303 3302/3302/3302
f 3304/3304/3304 3296/3296/3296 3298/3298/3298
f 3300/3300/3300 3296/3296/3296 3304/3304/3304
f 3304/3304/3304 3298/3298/3298 3305/3305/3305
f 3306/3306/3306 3304/3304/3304 3305/3305/3305
f 3306/3306/3306 3307/3307/3307 3304/3304/3304
f 3299/3299/3299 3308/3308/3308 3303/3303/3303
f 3300/3300/3300 3308/3308/3308 3299/3299/3299
f 3309/3309/3309 3303/3303/3303 3308/3308/3308
f 3309/3309/3309 3308/3308/3308 3310/3310/3310
f 3308/3308/3308 3311/3311/3311 3310/3310/3310
f 3312/3312/3312 3304/3304/3304 3307/3307/3307
f 3300/3300/3300 3304/3304/3304 3312/3312/3312
f 3312/3312/3312 3307/3307/3307 3313/3313/3313
f 3314/3314/3314 3312/3312/3312 3313/3313/3313
f 3314/3314/3314 3315/3315/3315 3312/3312/3312
f 3308/3308/3308 3316/3316/3316 3311/3311/3311
f 3300/3300/3300 3316/3316/3316 3308/3308/3308
f 3317/3317/3317 3311/3311/3311 3316/3316/3316
f 3317/3317/3317 3316/3316/3316 3318/3318/3318
f 3316/3316/3316 3319/3319/3319 3318/3318/3318
f 3320/3320/3320 3312/3312/3312 3315/3315/3315
f 3300/3300/3300 3312/3312/3312 3320/3320/3320
f 3320/3320/3320 3315/3315/3315 3321/3321/3321
f 3322/3322/3322 3320/3320/3320 3321/3321/3321
f 3322/3322/3322 3323/3323/3323 3320/3320/3320
f 3316/3316/3316 3324/3324/3324 3319/3319/3319
f 3300/3300/3300 3324/3324/3324 3316/3316/3316
f 3300/3300/3300 3320/3320/3320 3324/3324/3324
f 3324/3324/3324 3320/3320/3320 3323/3323/3323
f 3325/3325/3325 3319/3319/3319 3324/3324/3324
f 3324/3324/3324 3323/3323/3323 3326/3326/3326
f 3325/3325/3325 3324/3324/3324 3326/3326/3326
f 3329/3329/3329 3328/3328/3328 3327/3327/3327
f 3330/3330/3330 3328/3328/3328 3329/3329/3329
f 3331/3331/3331 3327/3327/3327 3328/3328/3328
f 3327/3327/3327 3331/3331/3331 3332/3332/3332
f 3333/3333/3333 3332/3332/3332 3331/3331/3331
f 3332/3332/3332 3333/3333/3333 3334/3334/3334
f 3334/3334/3334 3333/3333/3333 3335/3335/3335
f 3328/3328/3328 3330/3330/3330 3336/3336/3336
f 3337/3337/3337 3336/3336/3336 3330/3330/3330
f 3331/3331/3331 3328/3328/3328 3338/3338/3338
f 3331/3331/3331 3338/3338/3338 3333/3333/3333
f 3339/3339/3339 3335/3335/3335 3333/3333/3333
f 3335/3335/3335 3339/3339/3339 3340/3340/3340
f 3336/3336/3336 3341/3341/3341 3328/3328/3328
f 3341/3341/3341 3338/3338/3338 3328/3328/3328
f 3336/3336/3336 3337/3337/3337 3342/3342/3342
f 3336/3336/3336 3342/3342/3342 3341/3341/3341
f 3343/3343/3343 3342/3342/3342 3337/3337/3337
f 3344/3344/3344 3342/3342/3342 3343/3343/3343
f 3339/3339/3339 3333/3333/3333 3345/3345/3345
f 3338/3338/3338 3345/3345/3345 3333/3333/3333
f 3346/3346/3346 3340/3340/3340 3339/3339/3339
f 3339/3339/3339 3345/3345/3345 3346/3346/3346
f 3340/3340/3340 3346/3346/3346 3347/3347/3347
f 3347/3347/3347 3346/3346/3346 3348/3348/3348
f 3342/3342/3342 3344/3344/3344 3349/3349/3349
f 3350/3350/3350 3349/3349/3349 3344/3344/3344
f 3351/3351/3351 3341/3341/3341 3342/3342/3342
f 3349/3349/3349 3351/3351/3351 3342/3342/3342
f 3349/3349/3349 3350/3350/3350 3352/3352/3352
f 3349/3349/3349 3352/3352/3352 3351/3351/3351
f 3353/3353/3353 3352/3352/3352 3350/3350/3350
f 3354/3354/3354 3352/3352/3352 3353/3353/3353
f 3355/3355/3355 3338/3338/3338 3341/3341/3341
f 3341/3341/3341 3351/3351/3351 3355/3355/3355
f 3356/3356/3356 3348/3348/3348 3346/3346/3346
f 3348/3348/3348 3356/3356/3356 3357/3357/3357
f 3352/3352/3352 3354/3354/3354 3358/3358/3358
f 3359/3359/3359 3358/3358/3358 3354/3354/3354
f 3355/3355/3355 3360/3360/3360 3338/3338/3338
f 3345/3345/3345 3338/3338/3338 3360/3360/3360
f 3345/3345/3345 3361/3361/3361 3346/3346/3346
f 3356/3356/3356 3346/3346/3346 3361/3361/3361
f 3360/3360/3360 3361/3361/3361 3345/3345/3345
f 3362/3362/3362 3357/3357/3357 3356/3356/3356
f 3356/3356/3356 3361/3361/3361 3362/3362/3362
f 3357/3357/3357 3362/3362/3362 3363/3363/3363
f 3363/3363/3363 3362/3362/3362 3364/3364/3364
f 3358/3358/3358 3365/3365/3365 3352/3352/3352
f 3365/3365/3365 3351/3351/3351 3352/3352/3352
f 3358/3358/3358 3359/3359/3359 3366/3366/3366
f 3358/3358/3358 3366/3366/3366 3365/3365/3365
f 3367/3367/3367 3366/3366/3366 3359/3359/3359
f 3368/3368/3368 3366/3366/3366 3367/3367/3367
f 3369/3369/3369 3364/3364/3364 3362/3362/3362
f 3364/3364/3364 3369/3369/3369 3370/3370/3370
f 3361/3361/3361 3371/3371/3371 3362/3362/3362
f 3369/3369/3369 3362/3362/3362 3371/3371/3371
f 3372/3372/3372 3370/3370/3370 3369/3369/3369
f 3369/3369/3369 3371/3371/3371 3372/3372/3372
f 3370/3370/3370 3372/3372/3372 3373/3373/3373
f 3373/3373/3373 3372/3372/3372 3374/3374/3374
f 3374/3374/3374 3375/3375/3375 3368/3368/3368
f 3366/3366/3366 3368/3368/3368 3375/3375/3375
f 3375/3375/3375 3374/3374/3374 3372/3372/3372
f 3375/3375/3375 3376/3376/3376 3366/3366/3366
f 3375/3375/3375 3372/3372/3372 3376/3376/3376
f 3371/3371/3371 3376/3376/3376 3372/3372/3372
f 3376/3376/3376 3365/3365/3365 3366/3366/3366
f 3371/3371/3371 3361/3361/3361 3377/3377/3377
f 3377/3377/3377 3376/3376/3376 3371/3371/3371
f 3360/3360/3360 3377/3377/3377 3361/3361/3361
f 3365/3365/3365 3376/3376/3376 3378/3378/3378
f 3377/3377/3377 3378/3378/3378 3376/3376/3376
f 3377/3377/3377 3360/3360/3360 3378/3378/3378
f 3378/3378/3378 3351/3351/3351 3365/3365/3365
f 3355/3355/3355 3378/3378/3378 3360/3360/3360
f 3378/3378/3378 3355/3355/3355 3351/3351/3351
f 3381/3381/3381 3380/3380/3380 3379/3379/3379
f 3380/3380/3380 3382/3382/3382 3379/3379/3379
f 3382/3382/3382 3380/3380/3380 3383/3383/3383
f 3380/3380/3380 3381/3381/3381 3384/3384/3384
f 3384/3384/3384 3385/3385/3385 3380/3380/3380
f 3386/3386/3386 3384/3384/3384 3381/3381/3381
f 3384/3384/3384 3386/3386/3386 3387/3387/3387
f 3388/3388/3388 3384/3384/3384 3387/3387/3387
f 3389/3389/3389 3383/3383/3383 3380/3380/3380
f 3380/3380/3380 3385/3385/3385 3389/3389/3389
f 3383/3383/3383 3389/3389/3389 3390/3390/3390
f 3389/3389/3389 3391/3391/3391 3390/3390/3390
f 3391/3391/3391 3389/3389/3389 3392/3392/3392
f 3384/3384/3384 3388/3388/3388 3393/3393/3393
f 3393/3393/3393 3385/3385/3385 3384/3384/3384
f 3394/3394/3394 3393/3393/3393 3388/3388/3388
f 3393/3393/3393 3394/3394/3394 3395/3395/3395
f 3396/3396/3396 3393/3393/3393 3395/3395/3395
f 3397/3397/3397 3392/3392/3392 3389/3389/3389
f 3389/3389/3389 3385/3385/3385 3397/3397/3397
f 3392/3392/3392 3397/3397/3397 3398/3398/3398
f 3397/3397/3397 3399/3399/3399 3398/3398/3398
f 3399/3399/3399 3397/3397/3397 3400/3400/3400
f 3393/3393/3393 3396/3396/3396 3401/3401/3401
f 3401/3401/3401 3385/3385/3385 3393/3393/3393
f 3402/3402/3402 3401/3401/3401 3396/3396/3396
f 3401/3401/3401 3402/3402/3402 3403/3403/3403
f 3404/3404/3404 3401/3401/3401 3403/3403/3403
f 3405/3405/3405 3400/3400/3400 3397/3397/3397
f 3397/3397/3397 3385/3385/3385 3405/3405/3405
f 3400/3400/3400 3405/3405/3405 3406/3406/3406
f 3405/3405/3405 3407/3407/3407 3406/3406/3406
f 3407/3407/3407 3405/3405/3405 3408/3408/3408
f 3401/3401/3401 3404/3404/3404 3409/3409/3409
f 3409/3409/3409 3385/3385/3385 3401/3401/3401
f 3405/3405/3405 3385/3385/3385 3409/3409/3409
f 3409/3409/3409 3408/3408/3408 3405/3405/3405
f 3410/3410/3410 3409/3409/3409 3404/3404/3404
f 3408/3408/3408 3409/3409/3409 3411/3411/3411
f 3409/3409/3409 3410/3410/3410 3411/3411/3411
f 3414/3414/3414 3413/3413/3413 3412/3412/3412
f 3412/3412/3412 3415/3415/3415 3414/3414/3414
f 3416/3416/3416 3412/3412/3412 3413/3413/3413
f 3413/3413/3413 3417/3417/3417 3416/3416/3416
f 3418/3418/3418 3416/3416/3416 3417/3417/3417
f 3418/3418/3418 3417/3417/3417 3419/3419/3419
f 3419/3419/3419 3420/3420/3420 3418/3418/3418
f 3412/3412/3412 3421/3421/3421 3415/3415/3415
f 3422/3422/3422 3415/3415/3415 3421/3421/3421
f 3416/3416/3416 3423/3423/3423 3412/3412/3412
f 3423/3423/3423 3416/3416/3416 3418/3418/3418
f 3424/3424/3424 3418/3418/3418 3420/3420/3420
f 3420/3420/3420 3425/3425/3425 3424/3424/3424
f 3426/3426/3426 3421/3421/3421 3412/3412/3412
f 3426/3426/3426 3412/3412/3412 3423/3423/3423
f 3421/3421/3421 3427/3427/3427 3422/3422/3422
f 3421/3421/3421 3426/3426/3426 3427/3427/3427
f 3428/3428/3428 3422/3422/3422 3427/3427/3427
f 3427/3427/3427 3429/3429/3429 3428/3428/3428
f 3424/3424/3424 3430/3430/3430 3418/3418/3418
f 3423/3423/3423 3418/3418/3418 3430/3430/3430
f 3431/3431/3431 3424/3424/3424 3425/3425/3425
f 3430/3430/3430 3424/3424/3424 3431/3431/3431
f 3431/3431/3431 3425/3425/3425 3432/3432/3432
f 3432/3432/3432 3433/3433/3433 3431/3431/3431
f 3427/3427/3427 3434/3434/3434 3429/3429/3429
f 3435/3435/3435 3429/3429/3429 3434/3434/3434
f 3436/3436/3436 3427/3427/3427 3426/3426/3426
f 3436/3436/3436 3434/3434/3434 3427/3427/3427
f 3434/3434/3434 3437/3437/3437 3435/3435/3435
f 3434/3434/3434 3436/3436/3436 3437/3437/3437
f 3438/3438/3438 3435/3435/3435 3437/3437/3437
f 3437/3437/3437 3439/3439/3439 3438/3438/3438
f 3423/3423/3423 3440/3440/3440 3426/3426/3426
f 3426/3426/3426 3440/3440/3440 3436/3436/3436
f 3430/3430/3430 3441/3441/3441 3423/3423/3423
f 3440/3440/3440 3423/3423/3423 3441/3441/3441
f 3430/3430/3430 3431/3431/3431 3442/3442/3442
f 3442/3442/3442 3441/3441/3441 3430/3430/3430
f 3437/3437/3437 3443/3443/3443 3439/3439/3439
f 3444/3444/3444 3439/3439/3439 3443/3443/3443
f 3445/3445/3445 3437/3437/3437 3436/3436/3436
f 3445/3445/3445 3443/3443/3443 3437/3437/3437
f 3446/3446/3446 3436/3436/3436 3440/3440/3440
f 3440/3440/3440 3441/3441/3441 3446/3446/3446
f 3436/3436/3436 3446/3446/3446 3445/3445/3445
f 3443/3443/3443 3447/3447/3447 3444/3444/3444
f 3443/3443/3443 3445/3445/3445 3447/3447/3447
f 3448/3448/3448 3444/3444/3444 3447/3447/3447
f 3447/3447/3447 3449/3449/3449 3448/3448/3448
f 3450/3450/3450 3446/3446/3446 3441/3441/3441
f 3441/3441/3441 3442/3442/3442 3450/3450/3450
f 3445/3445/3445 3446/3446/3446 3451/3451/3451
f 3451/3451/3451 3447/3447/3447 3445/3445/3445
f 3450/3450/3450 3451/3451/3451 3446/3446/3446
f 3447/3447/3447 3452/3452/3452 3449/3449/3449
f 3451/3451/3451 3452/3452/3452 3447/3447/3447
f 3453/3453/3453 3449/3449/3449 3452/3452/3452
f 3452/3452/3452 3454/3454/3454 3453/3453/3453
f 3452/3452/3452 3451/3451/3451 3454/3454/3454
f 3455/3455/3455 3453/3453/3453 3454/3454/3454
f 3454/3454/3454 3456/3456/3456 3455/3455/3455
f 3451/3451/3451 3450/3450/3450 3457/3457/3457
f 3457/3457/3457 3454/3454/3454 3451/3451/3451
f 3457/3457/3457 3450/3450/3450 3442/3442/3442
f 3454/3454/3454 3458/3458/3458 3456/3456/3456
f 3457/3457/3457 3458/3458/3458 3454/3454/3454
f 3459/3459/3459 3456/3456/3456 3458/3458/3458
f 3458/3458/3458 3457/3457/3457 3460/3460/3460
f 3458/3458/3458 3460/3460/3460 3459/3459/3459
f 3442/3442/3442 3460/3460/3460 3457/3457/3457
f 3461/3461/3461 3459/3459/3459 3460/3460/3460
f 3460/3460/3460 3462/3462/3462 3461/3461/3461
f 3442/3442/3442 3463/3463/3463 3460/3460/3460
f 3460/3460/3460 3463/3463/3463 3462/3462/3462
f 3463/3463/3463 3442/3442/3442 3431/3431/3431
f 3433/3433/3433 3462/3462/3462 3463/3463/3463
f 3463/3463/3463 3431/3431/3431 3433/3433/3433
f 3466/3466/3466 3465/3465/3465 3464/3464/3464
f 3464/3464/3464 3467/3467/3467 3466/3466/3466
f 3468/3468/3468 3464/3464/3464 3465/3465/3465
f 3469/3469/3469 3468/3468/3468 3465/3465/3465
f 3467/3467/3467 3464/3464/3464 3470/3470/3470
f 3471/3471/3471 3467/3467/3467 3470/3470/3470
f 3468/3468/3468 3469/3469/3469 3472/3472/3472
f 3473/3473/3473 3472/3472/3472 3469/3469/3469
f 3470/3470/3470 3474/3474/3474 3471/3471/3471
f 3475/3475/3475 3471/3471/3471 3474/3474/3474
f 3475/3475/3475 3474/3474/3474 3476/3476/3476
f 3477/3477/3477 3476/3476/3476 3474/3474/3474
f 3476/3476/3476 3477/3477/3477 3478/3478/3478
f 3477/3477/3477 3479/3479/3479 3478/3478/3478
f 3478/3478/3478 3479/3479/3479 3480/3480/3480
f 3480/3480/3480 3479/3479/3479 3481/3481/3481
f 3474/3474/3474 3470/3470/3470 3482/3482/3482
f 3474/3474/3474 3482/3482/3482 3477/3477/3477
f 3472/3472/3472 3473/3473/3473 3483/3483/3483
f 3484/3484/3484 3483/3483/3483 3473/3473/3473
f 3484/3484/3484 3485/3485/3485 3483/3483/3483
f 3485/3485/3485 3486/3486/3486 3483/3483/3483
f 3485/3485/3485 3487/3487/3487 3486/3486/3486
f 3487/3487/3487 3481/3481/3481 3486/3486/3486
f 3483/3483/3483 3488/3488/3488 3472/3472/3472
f 3483/3483/3483 3486/3486/3486 3488/3488/3488
f 3489/3489/3489 3486/3486/3486 3481/3481/3481
f 3489/3489/3489 3481/3481/3481 3479/3479/3479
f 3486/3486/3486 3489/3489/3489 3490/3490/3490
f 3490/3490/3490 3488/3488/3488 3486/3486/3486
f 3491/3491/3491 3490/3490/3490 3489/3489/3489
f 3489/3489/3489 3479/3479/3479 3491/3491/3491
f 3477/3477/3477 3492/3492/3492 3479/3479/3479
f 3492/3492/3492 3477/3477/3477 3482/3482/3482
f 3493/3493/3493 3472/3472/3472 3488/3488/3488
f 3472/3472/3472 3493/3493/3493 3468/3468/3468
f 3494/3494/3494 3488/3488/3488 3490/3490/3490
f 3490/3490/3490 3491/3491/3491 3494/3494/3494
f 3495/3495/3495 3491/3491/3491 3479/3479/3479
f 3495/3495/3495 3479/3479/3479 3492/3492/3492
f 3496/3496/3496 3491/3491/3491 3495/3495/3495
f 3495/3495/3495 3492/3492/3492 3496/3496/3496
f 3496/3496/3496 3494/3494/3494 3491/3491/3491
f 3497/3497/3497 3492/3492/3492 3482/3482/3482
f 3497/3497/3497 3496/3496/3496 3492/3492/3492
f 3498/3498/3498 3468/3468/3468 3493/3493/3493
f 3468/3468/3468 3498/3498/3498 3464/3464/3464
f 3493/3493/3493 3488/3488/3488 3499/3499/3499
f 3494/3494/3494 3499/3499/3499 3488/3488/3488
f 3499/3499/3499 3498/3498/3498 3493/3493/3493
f 3500/3500/3500 3494/3494/3494 3496/3496/3496
f 3500/3500/3500 3499/3499/3499 3494/3494/3494
f 3500/3500/3500 3496/3496/3496 3497/3497/3497
f 3500/3500/3500 3501/3501/3501 3499/3499/3499
f 3499/3499/3499 3501/3501/3501 3498/3498/3498
f 3500/3500/3500 3497/3497/3497 3501/3501/3501
f 3482/3482/3482 3502/3502/3502 3497/3497/3497
f 3501/3501/3501 3497/3497/3497 3502/3502/3502
f 3502/3502/3502 3482/3482/3482 3470/3470/3470
f 3470/3470/3470 3464/3464/3464 3502/3502/3502
f 3503/3503/3503 3464/3464/3464 3498/3498/3498
f 3503/3503/3503 3498/3498/3498 3501/3501/3501
f 3503/3503/3503 3502/3502/3502 3464/3464/3464
f 3502/3502/3502 3503/3503/3503 3501/3501/3501
f 3506/3506/3506 3505/3505/3505 3504/3504/3504
f 3506/3506/3506 3504/3504/3504 3507/3507/3507
f 3508/3508/3508 3504/3504/3504 3505/3505/3505
f 3504/3504/3504 3508/3508/3508 3509/3509/3509
f 3505/3505/3505 3510/3510/3510 3508/3508/3508
f 3511/3511/3511 3507/3507/3507 3504/3504/3504
f 3504/3504/3504 3509/3509/3509 3511/3511/3511
f 3512/3512/3512 3508/3508/3508 3510/3510/3510
f 3510/3510/3510 3513/3513/3513 3512/3512/3512
f 3508/3508/3508 3512/3512/3512 3514/3514/3514
f 3514/3514/3514 3509/3509/3509 3508/3508/3508
f 3515/3515/3515 3512/3512/3512 3513/3513/3513
f 3512/3512/3512 3515/3515/3515 3514/3514/3514
f 3513/3513/3513 3516/3516/3516 3515/3515/3515
f 3515/3515/3515 3517/3517/3517 3514/3514/3514
f 3517/3517/3517 3515/3515/3515 3516/3516/3516
f 3518/3518/3518 3514/3514/3514 3517/3517/3517
f 3516/3516/3516 3519/3519/3519 3517/3517/3517
f 3518/3518/3518 3517/3517/3517 3519/3519/3519
f 3519/3519/3519 3520/3520/3520 3518/3518/3518
f 3521/3521/3521 3518/3518/3518 3520/3520/3520
f 3521/3521/3521 3514/3514/3514 3518/3518/3518
f 3520/3520/3520 3522/3522/3522 3521/3521/3521
f 3523/3523/3523 3521/3521/3521 3522/3522/3522
f 3521/3521/3521 3523/3523/3523 3514/3514/3514
f 3523/3523/3523 3522/3522/3522 3524/3524/3524
f 3524/3524/3524 3514/3514/3514 3523/3523/3523
f 3525/3525/3525 3524/3524/3524 3522/3522/3522
f 3524/3524/3524 3525/3525/3525 3526/3526/3526
f 3526/3526/3526 3514/3514/3514 3524/3524/3524
f 3527/3527/3527 3526/3526/3526 3525/3525/3525
f 3526/3526/3526 3527/3527/3527 3528/3528/3528
f 3528/3528/3528 3514/3514/3514 3526/3526/3526
f 3529/3529/3529 3528/3528/3528 3527/3527/3527
f 3529/3529/3529 3530/3530/3530 3528/3528/3528
f 3531/3531/3531 3514/3514/3514 3528/3528/3528
f 3531/3531/3531 3528/3528/3528 3530/3530/3530
f 3530/3530/3530 3532/3532/3532 3531/3531/3531
f 3514/3514/3514 3531/3531/3531 3509/3509/3509
f 3533/3533/3533 3531/3531/3531 3532/3532/3532
f 3533/3533/3533 3509/3509/3509 3531/3531/3531
f 3532/3532/3532 3534/3534/3534 3533/3533/3533
f 3535/3535/3535 3533/3533/3533 3534/3534/3534
f 3533/3533/3533 3535/3535/3535 3509/3509/3509
f 3534/3534/3534 3536/3536/3536 3535/3535/3535
f 3537/3537/3537 3509/3509/3509 3535/3535/3535
f 3537/3537/3537 3511/3511/3511 3509/3509/3509
f 3538/3538/3538 3535/3535/3535 3536/3536/3536
f 3535/3535/3535 3538/3538/3538 3537/3537/3537
f 3536/3536/3536 3539/3539/3539 3538/3538/3538
f 3537/3537/3537 3540/3540/3540 3511/3511/3511
f 3540/3540/3540 3537/3537/3537 3538/3538/3538
f 3541/3541/3541 3511/3511/3511 3540/3540/3540
f 3511/3511/3511 3541/3541/3541 3507/3507/3507
f 3542/3542/3542 3507/3507/3507 3541/3541/3541
f 3542/3542/3542 3541/3541/3541 3543/3543/3543
f 3544/3544/3544 3543/3543/3543 3541/3541/3541
f 3541/3541/3541 3540/3540/3540 3544/3544/3544
f 3543/3543/3543 3544/3544/3544 3545/3545/3545
f 3540/3540/3540 3538/3538/3538 3546/3546/3546
f 3546/3546/3546 3544/3544/3544 3540/3540/3540
f 3547/3547/3547 3538/3538/3538 3539/3539/3539
f 3547/3547/3547 3546/3546/3546 3538/3538/3538
f 3548/3548/3548 3545/3545/3545 3544/3544/3544
f 3544/3544/3544 3546/3546/3546 3548/3548/3548
f 3547/3547/3547 3539/3539/3539 3549/3549/3549
f 3550/3550/3550 3549/3549/3549 3539/3539/3539
f 3546/3546/3546 3547/3547/3547 3551/3551/3551
f 3551/3551/3551 3548/3548/3548 3546/3546/3546
f 3549/3549/3549 3551/3551/3551 3547/3547/3547
f 3548/3548/3548 3552/3552/3552 3545/3545/3545
f 3548/3548/3548 3551/3551/3551 3552/3552/3552
f 3553/3553/3553 3545/3545/3545 3552/3552/3552
f 3549/3549/3549 3550/3550/3550 3554/3554/3554
f 3555/3555/3555 3554/3554/3554 3550/3550/3550
f 3551/3551/3551 3549/3549/3549 3556/3556/3556
f 3556/3556/3556 3552/3552/3552 3551/3551/3551
f 3554/3554/3554 3556/3556/3556 3549/3549/3549
f 3552/3552/3552 3557/3557/3557 3553/3553/3553
f 3552/3552/3552 3556/3556/3556 3557/3557/3557
f 3558/3558/3558 3553/3553/3553 3557/3557/3557
f 3554/3554/3554 3555/3555/3555 3559/3559/3559
f 3560/3560/3560 3559/3559/3559 3555/3555/3555
f 3556/3556/3556 3554/3554/3554 3561/3561/3561
f 3561/3561/3561 3557/3557/3557 3556/3556/3556
f 3559/3559/3559 3561/3561/3561 3554/3554/3554
f 3557/3557/3557 3562/3562/3562 3558/3558/3558
f 3557/3557/3557 3561/3561/3561 3562/3562/3562
f 3563/3563/3563 3558/3558/3558 3562/3562/3562
f 3559/3559/3559 3560/3560/3560 3564/3564/3564
f 3565/3565/3565 3564/3564/3564 3560/3560/3560
f 3561/3561/3561 3559/3559/3559 3566/3566/3566
f 3566/3566/3566 3562/3562/3562 3561/3561/3561
f 3564/3564/3564 3566/3566/3566 3559/3559/3559
f 3562/3562/3562 3567/3567/3567 3563/3563/3563
f 3562/3562/3562 3566/3566/3566 3567/3567/3567
f 3568/3568/3568 3563/3563/3563 3567/3567/3567
f 3564/3564/3564 3565/3565/3565 3569/3569/3569
f 3570/3570/3570 3569/3569/3569 3565/3565/3565
f 3566/3566/3566 3564/3564/3564 3571/3571/3571
f 3571/3571/3571 3567/3567/3567 3566/3566/3566
f 3569/3569/3569 3571/3571/3571 3564/3564/3564
f 3567/3567/3567 3572/3572/3572 3568/3568/3568
f 3573/3573/3573 3568/3568/3568 3572/3572/3572
f 3571/3571/3571 3574/3574/3574 3567/3567/3567
f 3571/3571/3571 3569/3569/3569 3574/3574/3574
f 3572/3572/3572 3567/3567/3567 3574/3574/3574
f 3569/3569/3569 3570/3570/3570 3575/3575/3575
f 3575/3575/3575 3574/3574/3574 3569/3569/3569
f 3576/3576/3576 3575/3575/3575 3570/3570/3570
f 3572/3572/3572 3577/3577/3577 3573/3573/3573
f 3577/3577/3577 3572/3572/3572 3574/3574/3574
f 3578/3578/3578 3574/3574/3574 3575/3575/3575
f 3575/3575/3575 3576/3576/3576 3578/3578/3578
f 3579/3579/3579 3577/3577/3577 3574/3574/3574
f 3580/3580/3580 3573/3573/3573 3577/3577/3577
f 3577/3577/3577 3579/3579/3579 3580/3580/3580
f 3581/3581/3581 3578/3578/3578 3576/3576/3576
f 3582/3582/3582 3580/3580/3580 3579/3579/3579
f 3581/3581/3581 3583/3583/3583 3578/3578/3578
f 3579/3579/3579 3584/3584/3584 3582/3582/3582
f 3579/3579/3579 3574/3574/3574 3584/3584/3584
f 3585/3585/3585 3582/3582/3582 3584/3584/3584
f 3585/3585/3585 3584/3584/3584 3586/3586/3586
f 3587/3587/3587 3578/3578/3578 3583/3583/3583
f 3587/3587/3587 3574/3574/3574 3578/3578/3578
f 3583/3583/3583 3588/3588/3588 3587/3587/3587
f 3589/3589/3589 3586/3586/3586 3584/3584/3584
f 3589/3589/3589 3584/3584/3584 3574/3574/3574
f 3586/3586/3586 3589/3589/3589 3590/3590/3590
f 3591/3591/3591 3587/3587/3587 3588/3588/3588
f 3587/3587/3587 3591/3591/3591 3574/3574/3574
f 3588/3588/3588 3592/3592/3592 3591/3591/3591
f 3593/3593/3593 3591/3591/3591 3592/3592/3592
f 3592/3592/3592 3590/3590/3590 3593/3593/3593
f 3593/3593/3593 3574/3574/3574 3591/3591/3591
f 3594/3594/3594 3590/3590/3590 3589/3589/3589
f 3594/3594/3594 3589/3589/3589 3574/3574/3574
f 3594/3594/3594 3593/3593/3593 3590/3590/3590
f 3594/3594/3594 3574/3574/3574 3593/3593/3593
f 3597/3597/3597 3596/3596/3596 3595/3595/3595
f 3597/3597/3597 3595/3595/3595 3598/3598/3598
f 3599/3599/3599 3595/3595/3595 3596/3596/3596
f 3595/3595/3595 3599/3599/3599 3600/3600/3600
f 3596/3596/3596 3601/3601/3601 3599/3599/3599
f 3602/3602/3602 3598/3598/3598 3595/3595/3595
f 3595/3595/3595 3600/3600/3600 3602/3602/3602
f 3603/3603/3603 3599/3599/3599 3601/3601/3601
f 3601/3601/3601 3604/3604/3604 3603/3603/3603
f 3599/3599/3599 3603/3603/3603 3605/3605/3605
f 3605/3605/3605 3600/3600/3600 3599/3599/3599
f 3606/3606/3606 3603/3603/3603 3604/3604/3604
f 3603/3603/3603 3606/3606/3606 3605/3605/3605
f 3604/3604/3604 3607/3607/3607 3606/3606/3606
f 3606/3606/3606 3608/3608/3608 3605/3605/3605
f 3608/3608/3608 3606/3606/3606 3607/3607/3607
f 3609/3609/3609 3605/3605/3605 3608/3608/3608
f 3607/3607/3607 3610/3610/3610 3608/3608/3608
f 3609/3609/3609 3608/3608/3608 3610/3610/3610
f 3610/3610/3610 3611/3611/3611 3609/3609/3609
f 3612/3612/3612 3609/3609/3609 3611/3611/3611
f 3612/3612/3612 3605/3605/3605 3609/3609/3609
f 3611/3611/3611 3613/3613/3613 3612/3612/3612
f 3614/3614/3614 3612/3612/3612 3613/3613/3613
f 3612/3612/3612 3614/3614/3614 3605/3605/3605
f 3614/3614/3614 3613/3613/3613 3615/3615/3615
f 3615/3615/3615 3605/3605/3605 3614/3614/3614
f 3616/3616/3616 3615/3615/3615 3613/3613/3613
f 3615/3615/3615 3616/3616/3616 3617/3617/3617
f 3617/3617/3617 3605/3605/3605 3615/3615/3615
f 3618/3618/3618 3617/3617/3617 3616/3616/3616
f 3617/3617/3617 3618/3618/3618 3619/3619/3619
f 3619/3619/3619 3605/3605/3605 3617/3617/3617
f 3620/3620/3620 3619/3619/3619 3618/3618/3618
f 3620/3620/3620 3621/3621/3621 3619/3619/3619
f 3622/3622/3622 3605/3605/3605 3619/3619/3619
f 3622/3622/3622 3619/3619/3619 3621/3621/3621
f 3621/3621/3621 3623/3623/3623 3622/3622/3622
f 3605/3605/3605 3622/3622/3622 3600/3600/3600
f 3624/3624/3624 3622/3622/3622 3623/3623/3623
f 3624/3624/3624 3600/3600/3600 3622/3622/3622
f 3623/3623/3623 3625/3625/3625 3624/3624/3624
f 3626/3626/3626 3624/3624/3624 3625/3625/3625
f 3624/3624/3624 3626/3626/3626 3600/3600/3600
f 3625/3625/3625 3627/3627/3627 3626/3626/3626
f 3628/3628/3628 3600/3600/3600 3626/3626/3626
f 3628/3628/3628 3602/3602/3602 3600/3600/3600
f 3629/3629/3629 3626/3626/3626 3627/3627/3627
f 3626/3626/3626 3629/3629/3629 3628/3628/3628
f 3627/3627/3627 3630/3630/3630 3629/3629/3629
f 3628/3628/3628 3631/3631/3631 3602/3602/3602
f 3631/3631/3631 3628/3628/3628 3629/3629/3629
f 3632/3632/3632 3602/3602/3602 3631/3631/3631
f 3602/3602/3602 3632/3632/3632 3598/3598/3598
f 3633/3633/3633 3598/3598/3598 3632/3632/3632
f 3633/3633/3633 3632/3632/3632 3634/3634/3634
f 3635/3635/3635 3634/3634/3634 3632/3632/3632
f 3632/3632/3632 3631/3631/3631 3635/3635/3635
f 3634/3634/3634 3635/3635/3635 3636/3636/3636
f 3631/3631/3631 3629/3629/3629 3637/3637/3637
f 3637/3637/3637 3635/3635/3635 3631/3631/3631
f 3638/3638/3638 3629/3629/3629 3630/3630/3630
f 3638/3638/3638 3637/3637/3637 3629/3629/3629
f 3639/3639/3639 3636/3636/3636 3635/3635/3635
f 3635/3635/3635 3637/3637/3637 3639/3639/3639
f 3638/3638/3638 3630/3630/3630 3640/3640/3640
f 3641/3641/3641 3640/3640/3640 3630/3630/3630
f 3637/3637/3637 3638/3638/3638 3642/3642/3642
f 3642/3642/3642 3639/3639/3639 3637/3637/3637
f 3640/3640/3640 3642/3642/3642 3638/3638/3638
f 3639/3639/3639 3643/3643/3643 3636/3636/3636
f 3639/3639/3639 3642/3642/3642 3643/3643/3643
f 3644/3644/3644 3636/3636/3636 3643/3643/3643
f 3640/3640/3640 3641/3641/3641 3645/3645/3645
f 3646/3646/3646 3645/3645/3645 3641/3641/3641
f 3642/3642/3642 3640/3640/3640 3647/3647/3647
f 3647/3647/3647 3643/3643/3643 3642/3642/3642
f 3645/3645/3645 3647/3647/3647 3640/3640/3640
f 3643/3643/3643 3648/3648/3648 3644/3644/3644
f 3643/3643/3643 3647/3647/3647 3648/3648/3648
f 3649/3649/3649 3644/3644/3644 3648/3648/3648
f 3645/3645/3645 3646/3646/3646 3650/3650/3650
f 3651/3651/3651 3650/3650/3650 3646/3646/3646
f 3647/3647/3647 3645/3645/3645 3652/3652/3652
f 3652/3652/3652 3648/3648/3648 3647/3647/3647
f 3650/3650/3650 3652/3652/3652 3645/3645/3645
f 3648/3648/3648 3653/3653/3653 3649/3649/3649
f 3648/3648/3648 3652/3652/3652 3653/3653/3653
f 3654/3654/3654 3649/3649/3649 3653/3653/3653
f 3650/3650/3650 3651/3651/3651 3655/3655/3655
f 3656/3656/3656 3655/3655/3655 3651/3651/3651
f 3652/3652/3652 3650/3650/3650 3657/3657/3657
f 3657/3657/3657 3653/3653/3653 3652/3652/3652
f 3655/3655/3655 3657/3657/3657 3650/3650/3650
f 3653/3653/3653 3658/3658/3658 3654/3654/3654
f 3653/3653/3653 3657/3657/3657 3658/3658/3658
f 3659/3659/3659 3654/3654/3654 3658/3658/3658
f 3655/3655/3655 3656/3656/3656 3660/3660/3660
f 3661/3661/3661 3660/3660/3660 3656/3656/3656
f 3657/3657/3657 3655/3655/3655 3662/3662/3662
f 3662/3662/3662 3658/3658/3658 3657/3657/3657
f 3660/3660/3660 3662/3662/3662 3655/3655/3655
f 3658/3658/3658 3663/3663/3663 3659/3659/3659
f 3664/3664/3664 3659/3659/3659 3663/3663/3663
f 3662/3662/3662 3665/3665/3665 3658/3658/3658
f 3662/3662/3662 3660/3660/3660 3665/3665/3665
f 3663/3663/3663 3658/3658/3658 3665/3665/3665
f 3660/3660/3660 3661/3661/3661 3666/3666/3666
f 3666/3666/3666 3665/3665/3665 3660/3660/3660
f 3667/3667/3667 3666/3666/3666 3661/3661/3661
f 3663/3663/3663 3668/3668/3668 3664/3664/3664
f 3668/3668/3668 3663/3663/3663 3665/3665/3665
f 3669/3669/3669 3665/3665/3665 3666/3666/3666
f 3666/3666/3666 3667/3667/3667 3669/3669/3669
f 3670/3670/3670 3668/3668/3668 3665/3665/3665
f 3671/3671/3671 3664/3664/3664 3668/3668/3668
f 3668/3668/3668 3670/3670/3670 3671/3671/3671
f 3672/3672/3672 3669/3669/3669 3667/3667/3667
f 3673/3673/3673 3671/3671/3671 3670/3670/3670
f 3672/3672/3672 3674/3674/3674 3669/3669/3669
f 3670/3670/3670 3675/3675/3675 3673/3673/3673
f 3670/3670/3670 3665/3665/3665 3675/3675/3675
f 3676/3676/3676 3673/3673/3673 3675/3675/3675
f 3676/3676/3676 3675/3675/3675 3677/3677/3677
f 3678/3678/3678 3669/3669/3669 3674/3674/3674
f 3678/3678/3678 3665/3665/3665 3669/3669/3669
f 3674/3674/3674 3679/3679/3679 3678/3678/3678
f 3680/3680/3680 3677/3677/3677 3675/3675/3675
f 3680/3680/3680 3675/3675/3675 3665/3665/3665
f 3677/3677/3677 3680/3680/3680 3681/3681/3681
f 3682/3682/3682 3678/3678/3678 3679/3679/3679
f 3678/3678/3678 3682/3682/3682 3665/3665/3665
f 3679/3679/3679 3683/3683/3683 3682/3682/3682
f 3684/3684/3684 3682/3682/3682 3683/3683/3683
f 3683/3683/3683 3681/3681/3681 3684/3684/3684
f 3684/3684/3684 3665/3665/3665 3682/3682/3682
f 3685/3685/3685 3681/3681/3681 3680/3680/3680
f 3685/3685/3685 3680/3680/3680 3665/3665/3665
f 3685/3685/3685 3684/3684/3684 3681/3681/3681
f 3685/3685/3685 3665/3665/3665 3684/3684/3684
f 3688/3688/3688 3687/3687/3687 3686/3686/3686
f 3689/3689/3689 3686/3686/3686 3687/3687/3687
f 3686/3686/3686 3689/3689/3689 3690/3690/3690
f 3687/3687/3687 3688/3688/3688 3691/3691/3691
f 3692/3692/3692 3691/3691/3691 3688/3688/3688
f 3693/3693/3693 3690/3690/3690 3689/3689/3689
f 3690/3690/3690 3693/3693/3693 3694/3694/3694
f 3691/3691/3691 3692/3692/3692 3695/3695/3695
f 3696/3696/3696 3695/3695/3695 3692/3692/3692
f 3697/3697/3697 3694/3694/3694 3693/3693/3693
f 3694/3694/3694 3697/3697/3697 3698/3698/3698
f 3695/3695/3695 3696/3696/3696 3699/3699/3699
f 3700/3700/3700 3699/3699/3699 3696/3696/3696
f 3701/3701/3701 3698/3698/3698 3697/3697/3697
f 3698/3698/3698 3701/3701/3701 3702/3702/3702
f 3699/3699/3699 3700/3700/3700 3703/3703/3703
f 3704/3704/3704 3703/3703/3703 3700/3700/3700
f 3705/3705/3705 3702/3702/3702 3701/3701/3701
f 3702/3702/3702 3705/3705/3705 3706/3706/3706
f 3703/3703/3703 3704/3704/3704 3707/3707/3707
f 3708/3708/3708 3707/3707/3707 3704/3704/3704
f 3709/3709/3709 3706/3706/3706 3705/3705/3705
f 3706/3706/3706 3709/3709/3709 3710/3710/3710
f 3707/3707/3707 3708/3708/3708 3711/3711/3711
f 3712/3712/3712 3711/3711/3711 3708/3708/3708
f 3713/3713/3713 3710/3710/3710 3709/3709/3709
f 3710/3710/3710 3713/3713/3713 3714/3714/3714
f 3711/3711/3711 3712/3712/3712 3715/3715/3715
f 3716/3716/3716 3715/3715/3715 3712/3712/3712
f 3717/3717/3717 3714/3714/3714 3713/3713/3713
f 3714/3714/3714 3717/3717/3717 3718/3718/3718
f 3715/3715/3715 3716/3716/3716 3719/3719/3719
f 3720/3720/3720 3719/3719/3719 3716/3716/3716
f 3721/3721/3721 3718/3718/3718 3717/3717/3717
f 3718/3718/3718 3721/3721/3721 3722/3722/3722
f 3719/3719/3719 3720/3720/3720 3723/3723/3723
f 3724/3724/3724 3723/3723/3723 3720/3720/3720
f 3725/3725/3725 3722/3722/3722 3721/3721/3721
f 3722/3722/3722 3725/3725/3725 3726/3726/3726
f 3723/3723/3723 3724/3724/3724 3727/3727/3727
f 3728/3728/3728 3727/3727/3727 3724/3724/3724
f 3729/3729/3729 3726/3726/3726 3725/3725/3725
f 3726/3726/3726 3729/3729/3729 3730/3730/3730
f 3727/3727/3727 3728/3728/3728 3731/3731/3731
f 3732/3732/3732 3731/3731/3731 3728/3728/3728
f 3730/3730/3730 3733/3733/3733 3732/3732/3732
f 3733/3733/3733 3730/3730/3730 3729/3729/3729
f 3731/3731/3731 3732/3732/3732 3733/3733/3733
f 3723/3723/3723 3734/3734/3734 3719/3719/3719
f 3727/3727/3727 3735/3735/3735 3723/3723/3723
f 3734/3734/3734 3723/3723/3723 3735/3735/3735
f 3731/3731/3731 3736/3736/3736 3727/3727/3727
f 3735/3735/3735 3727/3727/3727 3736/3736/3736
f 3733/3733/3733 3737/3737/3737 3731/3731/3731
f 3736/3736/3736 3731/3731/3731 3737/3737/3737
f 3729/3729/3729 3738/3738/3738 3733/3733/3733
f 3737/3737/3737 3733/3733/3733 3738/3738/3738
f 3725/3725/3725 3739/3739/3739 3729/3729/3729
f 3738/3738/3738 3729/3729/3729 3739/3739/3739
f 3740/3740/3740 3719/3719/3719 3734/3734/3734
f 3719/3719/3719 3740/3740/3740 3715/3715/3715
f 3739/3739/3739 3725/3725/3725 3741/3741/3741
f 3721/3721/3721 3741/3741/3741 3725/3725/3725
f 3742/3742/3742 3715/3715/3715 3740/3740/3740
f 3715/3715/3715 3742/3742/3742 3711/3711/3711
f 3741/3741/3741 3721/3721/3721 3743/3743/3743
f 3717/3717/3717 3743/3743/3743 3721/3721/3721
f 3744/3744/3744 3711/3711/3711 3742/3742/3742
f 3711/3711/3711 3744/3744/3744 3707/3707/3707
f 3743/3743/3743 3717/3717/3717 3745/3745/3745
f 3713/3713/3713 3745/3745/3745 3717/3717/3717
f 3746/3746/3746 3707/3707/3707 3744/3744/3744
f 3707/3707/3707 3746/3746/3746 3703/3703/3703
f 3745/3745/3745 3713/3713/3713 3747/3747/3747
f 3709/3709/3709 3747/3747/3747 3713/3713/3713
f 3748/3748/3748 3703/3703/3703 3746/3746/3746
f 3703/3703/3703 3748/3748/3748 3699/3699/3699
f 3747/3747/3747 3709/3709/3709 3749/3749/3749
f 3705/3705/3705 3749/3749/3749 3709/3709/3709
f 3750/3750/3750 3699/3699/3699 3748/3748/3748
f 3699/3699/3699 3750/3750/3750 3695/3695/3695
f 3749/3749/3749 3705/3705/3705 3751/3751/3751
f 3701/3701/3701 3751/3751/3751 3705/3705/3705
f 3752/3752/3752 3695/3695/3695 3750/3750/3750
f 3695/3695/3695 3752/3752/3752 3691/3691/3691
f 3751/3751/3751 3701/3701/3701 3753/3753/3753
f 3697/3697/3697 3753/3753/3753 3701/3701/3701
f 3754/3754/3754 3691/3691/3691 3752/3752/3752
f 3691/3691/3691 3754/3754/3754 3687/3687/3687
f 3753/3753/3753 3697/3697/3697 3755/3755/3755
f 3693/3693/3693 3755/3755/3755 3697/3697/3697
f 3756/3756/3756 3687/3687/3687 3754/3754/3754
f 3687/3687/3687 3756/3756/3756 3689/3689/3689
f 3689/3689/3689 3757/3757/3757 3693/3693/3693
f 3755/3755/3755 3693/3693/3693 3757/3757/3757
f 3757/3757/3757 3689/3689/3689 3756/3756/3756
f 3750/3750/3750 3758/3758/3758 3752/3752/3752
f 3752/3752/3752 3759/3759/3759 3754/3754/3754
f 3759/3759/3759 3752/3752/3752 3758/3758/3758
f 3754/3754/3754 3760/3760/3760 3756/3756/3756
f 3760/3760/3760 3754/3754/3754 3759/3759/3759
f 3756/3756/3756 3761/3761/3761 3757/3757/3757
f 3761/3761/3761 3756/3756/3756 3760/3760/3760
f 3757/3757/3757 3762/3762/3762 3755/3755/3755
f 3762/3762/3762 3757/3757/3757 3761/3761/3761
f 3755/3755/3755 3763/3763/3763 3753/3753/3753
f 3763/3763/3763 3755/3755/3755 3762/3762/3762
f 3758/3758/3758 3750/3750/3750 3764/3764/3764
f 3748/3748/3748 3764/3764/3764 3750/3750/3750
f 3765/3765/3765 3753/3753/3753 3763/3763/3763
f 3753/3753/3753 3765/3765/3765 3751/3751/3751
f 3764/3764/3764 3748/3748/3748 3766/3766/3766
f 3746/3746/3746 3766/3766/3766 3748/3748/3748
f 3767/3767/3767 3751/3751/3751 3765/3765/3765
f 3751/3751/3751 3767/3767/3767 3749/3749/3749
f 3766/3766/3766 3746/3746/3746 3768/3768/3768
f 3744/3744/3744 3768/3768/3768 3746/3746/3746
f 3769/3769/3769 3749/3749/3749 3767/3767/3767
f 3749/3749/3749 3769/3769/3769 3747/3747/3747
f 3768/3768/3768 3744/3744/3744 3770/3770/3770
f 3742/3742/3742 3770/3770/3770 3744/3744/3744
f 3771/3771/3771 3747/3747/3747 3769/3769/3769
f 3747/3747/3747 3771/3771/3771 3745/3745/3745
f 3770/3770/3770 3742/3742/3742 3772/3772/3772
f 3740/3740/3740 3772/3772/3772 3742/3742/3742
f 3773/3773/3773 3745/3745/3745 3771/3771/3771
f 3745/3745/3745 3773/3773/3773 3743/3743/3743
f 3772/3772/3772 3740/3740/3740 3774/3774/3774
f 3734/3734/3734 3774/3774/3774 3740/3740/3740
f 3775/3775/3775 3743/3743/3743 3773/3773/3773
f 3743/3743/3743 3775/3775/3775 3741/3741/3741
f 3774/3774/3774 3734/3734/3734 3776/3776/3776
f 3735/3735/3735 3776/3776/3776 3734/3734/3734
f 3777/3777/3777 3741/3741/3741 3775/3775/3775
f 3741/3741/3741 3777/3777/3777 3739/3739/3739
f 3776/3776/3776 3735/3735/3735 3778/3778/3778
f 3736/3736/3736 3778/3778/3778 3735/3735/3735
f 3779/3779/3779 3739/3739/3739 3777/3777/3777
f 3739/3739/3739 3779/3779/3779 3738/3738/3738
f 3778/3778/3778 3736/3736/3736 3780/3780/3780
f 3737/3737/3737 3780/3780/3780 3736/3736/3736
f 3738/3738/3738 3781/3781/3781 3737/3737/3737
f 3781/3781/3781 3738/3738/3738 3779/3779/3779
f 3780/3780/3780 3737/3737/3737 3781/3781/3781
f 3776/3776/3776 3782/3782/3782 3774/3774/3774
f 3783/3783/3783 3774/3774/3774 3782/3782/3782
f 3782/3782/3782 3776/3776/3776 3784/3784/3784
f 3778/3778/3778 3784/3784/3784 3776/3776/3776
f 3774/3774/3774 3783/3783/3783 3772/3772/3772
f 3784/3784/3784 3778/3778/3778 3785/3785/3785
f 3780/3780/3780 3785/3785/3785 3778/3778/3778
f 3786/3786/3786 3772/3772/3772 3783/3783/3783
f 3785/3785/3785 3780/3780/3780 3787/3787/3787
f 3781/3781/3781 3787/3787/3787 3780/3780/3780
f 3772/3772/3772 3786/3786/3786 3770/3770/3770
f 3787/3787/3787 3781/3781/3781 3788/3788/3788
f 3789/3789/3789 3770/3770/3770 3786/3786/3786
f 3779/3779/3779 3788/3788/3788 3781/3781/3781
f 3770/3770/3770 3789/3789/3789 3768/3768/3768
f 3788/3788/3788 3779/3779/3779 3790/3790/3790
f 3791/3791/3791 3768/3768/3768 3789/3789/3789
f 3777/3777/3777 3790/3790/3790 3779/3779/3779
f 3768/3768/3768 3791/3791/3791 3766/3766/3766
f 3790/3790/3790 3777/3777/3777 3792/3792/3792
f 3793/3793/3793 3766/3766/3766 3791/3791/3791
f 3775/3775/3775 3792/3792/3792 3777/3777/3777
f 3766/3766/3766 3793/3793/3793 3764/3764/3764
f 3792/3792/3792 3775/3775/3775 3794/3794/3794
f 3795/3795/3795 3764/3764/3764 3793/3793/3793
f 3773/3773/3773 3794/3794/3794 3775/3775/3775
f 3764/3764/3764 3795/3795/3795 3758/3758/3758
f 3794/3794/3794 3773/3773/3773 3796/3796/3796
f 3797/3797/3797 3758/3758/3758 3795/3795/3795
f 3771/3771/3771 3796/3796/3796 3773/3773/3773
f 3758/3758/3758 3797/3797/3797 3759/3759/3759
f 3796/3796/3796 3771/3771/3771 3798/3798/3798
f 3799/3799/3799 3759/3759/3759 3797/3797/3797
f 3769/3769/3769 3798/3798/3798 3771/3771/3771
f 3759/3759/3759 3799/3799/3799 3760/3760/3760
f 3798/3798/3798 3769/3769/3769 3800/3800/3800
f 3801/3801/3801 3760/3760/3760 3799/3799/3799
f 3767/3767/3767 3800/3800/3800 3769/3769/3769
f 3760/3760/3760 3801/3801/3801 3761/3761/3761
f 3800/3800/3800 3767/3767/3767 3802/3802/3802
f 3803/3803/3803 3761/3761/3761 3801/3801/3801
f 3765/3765/3765 3802/3802/3802 3767/3767/3767
f 3761/3761/3761 3803/3803/3803 3762/3762/3762
f 3802/3802/3802 3765/3765/3765 3804/3804/3804
f 3805/3805/3805 3762/3762/3762 3803/3803/3803
f 3763/3763/3763 3804/3804/3804 3765/3765/3765
f 3762/3762/3762 3805/3805/3805 3763/3763/3763
f 3804/3804/3804 3763/3763/3763 3805/3805/3805
f 3808/3808/3808 3807/3807/3807 3806/3806/3806
f 3809/3809/3809 3806/3806/3806 3807/3807/3807
f 3807/3807/3807 3810/3810/3810 3809/3809/3809
f 3806/3806/3806 3811/3811/3811 3808/3808/3808
f 3812/3812/3812 3808/3808/3808 3811/3811/3811
f 3813/3813/3813 3809/3809/3809 3810/3810/3810
f 3810/3810/3810 3814/3814/3814 3813/3813/3813
f 3811/3811/3811 3815/3815/3815 3812/3812/3812
f 3816/3816/3816 3812/3812/3812 3815/3815/3815
f 3817/3817/3817 3813/3813/3813 3814/3814/3814
f 3814/3814/3814 3818/3818/3818 3817/3817/3817
f 3815/3815/3815 3819/3819/3819 3816/3816/3816
f 3820/3820/3820 3816/3816/3816 3819/3819/3819
f 3821/3821/3821 3817/3817/3817 3818/3818/3818
f 3818/3818/3818 3822/3822/3822 3821/3821/3821
f 3819/3819/3819 3823/3823/3823 3820/3820/3820
f 3824/3824/3824 3820/3820/3820 3823/3823/3823
f 3825/3825/3825 3821/3821/3821 3822/3822/3822
f 3822/3822/3822 3826/3826/3826 3825/3825/3825
f 3823/3823/3823 3827/3827/3827 3824/3824/3824
f 3828/3828/3828 3824/3824/3824 3827/3827/3827
f 3829/3829/3829 3825/3825/3825 3826/3826/3826
f 3826/3826/3826 3830/3830/3830 3829/3829/3829
f 3827/3827/3827 3831/3831/3831 3828/3828/3828
f 3832/3832/3832 3828/3828/3828 3831/3831/3831
f 3833/3833/3833 3829/3829/3829 3830/3830/3830
f 3830/3830/3830 3834/3834/3834 3833/3833/3833
f 3831/3831/3831 3835/3835/3835 3832/3832/3832
f 3836/3836/3836 3832/3832/3832 3835/3835/3835
f 3837/3837/3837 3833/3833/3833 3834/3834/3834
f 3834/3834/3834 3838/3838/3838 3837/3837/3837
f 3835/3835/3835 3839/3839/3839 3836/3836/3836
f 3840/3840/3840 3836/3836/3836 3839/3839/3839
f 3841/3841/3841 3837/3837/3837 3838/3838/3838
f 3838/3838/3838 3842/3842/3842 3841/3841/3841
f 3839/3839/3839 3843/3843/3843 3840/3840/3840
f 3844/3844/3844 3840/3840/3840 3843/3843/3843
f 3845/3845/3845 3841/3841/3841 3842/3842/3842
f 3842/3842/3842 3846/3846/3846 3845/3845/3845
f 3843/3843/3843 3847/3847/3847 3844/3844/3844
f 3848/3848/3848 3844/3844/3844 3847/3847/3847
f 3849/3849/3849 3845/3845/3845 3846/3846/3846
f 3846/3846/3846 3850/3850/3850 3849/3849/3849
f 3847/3847/3847 3851/3851/3851 3848/3848/3848
f 3852/3852/3852 3848/3848/3848 3851/3851/3851
f 3850/3850/3850 3852/3852/3852 3853/3853/3853
f 3853/3853/3853 3849/3849/3849 3850/3850/3850
f 3851/3851/3851 3853/3853/3853 3852/3852/3852
f 3843/3843/3843 3839/3839/3839 3854/3854/3854
f 3847/3847/3847 3843/3843/3843 3855/3855/3855
f 3854/3854/3854 3855/3855/3855 3843/3843/3843
f 3851/3851/3851 3847/3847/3847 3856/3856/3856
f 3855/3855/3855 3856/3856/3856 3847/3847/3847
f 3853/3853/3853 3851/3851/3851 3857/3857/3857
f 3856/3856/3856 3857/3857/3857 3851/3851/3851
f 3849/3849/3849 3853/3853/3853 3858/3858/3858
f 3857/3857/3857 3858/3858/3858 3853/3853/3853
f 3845/3845/3845 3849/3849/3849 3859/3859/3859
f 3858/3858/3858 3859/3859/3859 3849/3849/3849
f 3860/3860/3860 3854/3854/3854 3839/3839/3839
f 3839/3839/3839 3835/3835/3835 3860/3860/3860
f 3859/3859/3859 3861/3861/3861 3845/3845/3845
f 3841/3841/3841 3845/3845/3845 3861/3861/3861
f 3862/3862/3862 3860/3860/3860 3835/3835/3835
f 3835/3835/3835 3831/3831/3831 3862/3862/3862
f 3861/3861/3861 3863/3863/3863 3841/3841/3841
f 3837/3837/3837 3841/3841/3841 3863/3863/3863
f 3864/3864/3864 3862/3862/3862 3831/3831/3831
f 3831/3831/3831 3827/3827/3827 3864/3864/3864
f 3863/3863/3863 3865/3865/3865 3837/3837/3837
f 3833/3833/3833 3837/3837/3837 3865/3865/3865
f 3866/3866/3866 3864/3864/3864 3827/3827/3827
f 3827/3827/3827 3823/3823/3823 3866/3866/3866
f 3865/3865/3865 3867/3867/3867 3833/3833/3833
f 3829/3829/3829 3833/3833/3833 3867/3867/3867
f 3868/3868/3868 3866/3866/3866 3823/3823/3823
f 3823/3823/3823 3819/3819/3819 3868/3868/3868
f 3867/3867/3867 3869/3869/3869 3829/3829/3829
f 3825/3825/3825 3829/3829/3829 3869/3869/3869
f 3870/3870/3870 3868/3868/3868 3819/3819/3819
f 3819/3819/3819 3815/3815/3815 3870/3870/3870
f 3869/3869/3869 3871/3871/3871 3825/3825/3825
f 3821/3821/3821 3825/3825/3825 3871/3871/3871
f 3872/3872/3872 3870/3870/3870 3815/3815/3815
f 3815/3815/3815 3811/3811/3811 3872/3872/3872
f 3871/3871/3871 3873/3873/3873 3821/3821/3821
f 3817/3817/3817 3821/3821/3821 3873/3873/3873
f 3874/3874/3874 3872/3872/3872 3811/3811/3811
f 3811/3811/3811 3806/3806/3806 3874/3874/3874
f 3873/3873/3873 3875/3875/3875 3817/3817/3817
f 3813/3813/3813 3817/3817/3817 3875/3875/3875
f 3876/3876/3876 3874/3874/3874 3806/3806/3806
f 3806/3806/3806 3809/3809/3809 3876/3876/3876
f 3809/3809/3809 3813/3813/3813 3877/3877/3877
f 3875/3875/3875 3877/3877/3877 3813/3813/3813
f 3877/3877/3877 3876/3876/3876 3809/3809/3809
f 3870/3870/3870 3872/3872/3872 3878/3878/3878
f 3872/3872/3872 3874/3874/3874 3879/3879/3879
f 3879/3879/3879 3878/3878/3878 3872/3872/3872
f 3874/3874/3874 3876/3876/3876 3880/3880/3880
f 3880/3880/3880 3879/3879/3879 3874/3874/3874
f 3876/3876/3876 3877/3877/3877 3881/3881/3881
f 3881/3881/3881 3880/3880/3880 3876/3876/3876
f 3877/3877/3877 3875/3875/3875 3882/3882/3882
f 3882/3882/3882 3881/3881/3881 3877/3877/3877
f 3875/3875/3875 3873/3873/3873 3883/3883/3883
f 3883/3883/3883 3882/3882/3882 3875/3875/3875
f 3878/3878/3878 3884/3884/3884 3870/3870/3870
f 3868/3868/3868 3870/3870/3870 3884/3884/3884
f 3885/3885/3885 3883/3883/3883 3873/3873/3873
f 3873/3873/3873 3871/3871/3871 3885/3885/3885
f 3884/3884/3884 3886/3886/3886 3868/3868/3868
f 3866/3866/3866 3868/3868/3868 3886/3886/3886
f 3887/3887/3887 3885/3885/3885 3871/3871/3871
f 3871/3871/3871 3869/3869/3869 3887/3887/3887
f 3886/3886/3886 3888/3888/3888 3866/3866/3866
f 3864/3864/3864 3866/3866/3866 3888/3888/3888
f 3889/3889/3889 3887/3887/3887 3869/3869/3869
f 3869/3869/3869 3867/3867/3867 3889/3889/3889
f 3888/3888/3888 3890/3890/3890 3864/3864/3864
f 3862/3862/3862 3864/3864/3864 3890/3890/3890
f 3891/3891/3891 3889/3889/3889 3867/3867/3867
f 3867/3867/3867 3865/3865/3865 3891/3891/3891
f 3890/3890/3890 3892/3892/3892 3862/3862/3862
f 3860/3860/3860 3862/3862/3862 3892/3892/3892
f 3893/3893/3893 3891/3891/3891 3865/3865/3865
f 3865/3865/3865 3863/3863/3863 3893/3893/3893
f 3892/3892/3892 3894/3894/3894 3860/3860/3860
f 3854/3854/3854 3860/3860/3860 3894/3894/3894
f 3895/3895/3895 3893/3893/3893 3863/3863/3863
f 3863/3863/3863 3861/3861/3861 3895/3895/3895
f 3894/3894/3894 3896/3896/3896 3854/3854/3854
f 3855/3855/3855 3854/3854/3854 3896/3896/3896
f 3897/3897/3897 3895/3895/3895 3861/3861/3861
f 3861/3861/3861 3859/3859/3859 3897/3897/3897
f 3896/3896/3896 3898/3898/3898 3855/3855/3855
f 3856/3856/3856 3855/3855/3855 3898/3898/3898
f 3899/3899/3899 3897/3897/3897 3859/3859/3859
f 3859/3859/3859 3858/3858/3858 3899/3899/3899
f 3898/3898/3898 3900/3900/3900 3856/3856/3856
f 3857/3857/3857 3856/3856/3856 3900/3900/3900
f 3858/3858/3858 3857/3857/3857 3901/3901/3901
f 3901/3901/3901 3899/3899/3899 3858/3858/3858
f 3900/3900/3900 3901/3901/3901 3857/3857/3857
f 3896/3896/3896 3894/3894/3894 3902/3902/3902
f 3902/3902/3902 3903/3903/3903 3896/3896/3896
f 3898/3898/3898 3896/3896/3896 3903/3903/3903
f 3904/3904/3904 3902/3902/3902 3894/3894/3894
f 3903/3903/3903 3905/3905/3905 3898/3898/3898
f 3900/3900/3900 3898/3898/3898 3905/3905/3905
f 3894/3894/3894 3892/3892/3892 3904/3904/3904
f 3905/3905/3905 3906/3906/3906 3900/3900/3900
f 3901/3901/3901 3900/3900/3900 3906/3906/3906
f 3907/3907/3907 3904/3904/3904 3892/3892/3892
f 3906/3906/3906 3908/3908/3908 3901/3901/3901
f 3899/3899/3899 3901/3901/3901 3908/3908/3908
f 3892/3892/3892 3890/3890/3890 3907/3907/3907
f 3908/3908/3908 3909/3909/3909 3899/3899/3899
f 3910/3910/3910 3907/3907/3907 3890/3890/3890
f 3897/3897/3897 3899/3899/3899 3909/3909/3909
f 3890/3890/3890 3888/3888/3888 3910/3910/3910
f 3909/3909/3909 3911/3911/3911 3897/3897/3897
f 3912/3912/3912 3910/3910/3910 3888/3888/3888
f 3895/3895/3895 3897/3897/3897 3911/3911/3911
f 3888/3888/3888 3886/3886/3886 3912/3912/3912
f 3911/3911/3911 3913/3913/3913 3895/3895/3895
f 3914/3914/3914 3912/3912/3912 3886/3886/3886
f 3893/3893/3893 3895/3895/3895 3913/3913/3913
f 3886/3886/3886 3884/3884/3884 3914/3914/3914
f 3913/3913/3913 3915/3915/3915 3893/3893/3893
f 3916/3916/3916 3914/3914/3914 3884/3884/3884
f 3891/3891/3891 3893/3893/3893 3915/3915/3915
f 3884/3884/3884 3878/3878/3878 3916/3916/3916
f 3915/3915/3915 3917/3917/3917 3891/3891/3891
f 3918/3918/3918 3916/3916/3916 3878/3878/3878
f 3889/3889/3889 3891/3891/3891 3917/3917/3917
f 3878/3878/3878 3879/3879/3879 3918/3918/3918
f 3917/3917/3917 3919/3919/3919 3889/3889/3889
f 3920/3920/3920 3918/3918/3918 3879/3879/3879
f 3887/3887/3887 3889/3889/3889 3919/3919/3919
f 3879/3879/3879 3880/3880/3880 3920/3920/3920
f 3919/3919/3919 3921/3921/3921 3887/3887/3887
f 3922/3922/3922 3920/3920/3920 3880/3880/3880
f 3885/3885/3885 3887/3887/3887 3921/3921/3921
f 3880/3880/3880 3881/3881/3881 3922/3922/3922
f 3921/3921/3921 3923/3923/3923 3885/3885/3885
f 3924/3924/3924 3922/3922/3922 3881/3881/3881
f 3883/3883/3883 3885/3885/3885 3923/3923/3923
f 3881/3881/3881 3882/3882/3882 3924/3924/3924
f 3923/3923/3923 3925/3925/3925 3883/3883/3883
f 3925/3925/3925 3924/3924/3924 3882/3882/3882
f 3882/3882/3882 3883/3883/3883 3925/3925/3925
f 3928/3928/3928 3927/3927/3927 3926/3926/3926
f 3929/3929/3929 3926/3926/3926 3927/3927/3927
f 3929/3929/3929 3930/3930/3930 3926/3926/3926
f 3927/3927/3927 3931/3931/3931 3929/3929/3929
f 3926/3926/3926 3932/3932/3932 3928/3928/3928
f 3926/3926/3926 3930/3930/3930 3932/3932/3932
f 3933/3933/3933 3928/3928/3928 3932/3932/3932
f 3934/3934/3934 3929/3929/3929 3931/3931/3931
f 3934/3934/3934 3930/3930/3930 3929/3929/3929
f 3931/3931/3931 3935/3935/3935 3934/3934/3934
f 3932/3932/3932 3936/3936/3936 3933/3933/3933
f 3932/3932/3932 3930/3930/3930 3936/3936/3936
f 3937/3937/3937 3933/3933/3933 3936/3936/3936
f 3938/3938/3938 3934/3934/3934 3935/3935/3935
f 3938/3938/3938 3930/3930/3930 3934/3934/3934
f 3935/3935/3935 3939/3939/3939 3938/3938/3938
f 3936/3936/3936 3940/3940/3940 3937/3937/3937
f 3936/3936/3936 3930/3930/3930 3940/3940/3940
f 3941/3941/3941 3937/3937/3937 3940/3940/3940
f 3942/3942/3942 3938/3938/3938 3939/3939/3939
f 3942/3942/3942 3930/3930/3930 3938/3938/3938
f 3940/3940/3940 3930/3930/3930 3942/3942/3942
f 3939/3939/3939 3941/3941/3941 3942/3942/3942
f 3940/3940/3940 3942/3942/3942 3941/3941/3941
